venta_id,fecha,ciudad,sucursal,categoria,producto,proveedor,vendedor,cantidad,precio_unitario,descuento_pct,precio_final,total_venta,metodo_pago,devolucion,costo_unitario,margen_pct
V00001,2024-03-30,San Quintín,San Quintín-Central,Electrónica,Audífonos,Abastos del Pacífico,Vendedor_02,4,1996.89,0,1996.89,7987.56,Efectivo,No,945.38,24.3
V00002,2025-04-04,Rosarito,Rosarito-Principal,Ferretería,Plomería,Logística Frontera,Vendedor_26,8,5742.36,20,4593.89,36751.12,Efectivo,No,3673.4,21.4
V00003,2024-04-04,Tecate,Tecate-Centro,Alimentos,Lácteos,Distribuidora BC,Vendedor_12,4,1761.74,15,1497.48,5989.92,Tarjeta Crédito,No,1058.69,47.3
V00004,2024-10-27,San Quintín,San Quintín-Central,Ferretería,Pinturas,Surtimax,Vendedor_19,3,7786.27,20,6229.02,18687.06,Tarjeta Débito,No,4875.32,16.8
V00005,2025-04-09,Mexicali,Mexicali-Baja,Electrónica,Tabletas,Mayoreo TJ,Vendedor_12,9,6938.55,20,5550.84,49957.56,Tarjeta Crédito,No,3485.77,25.7
V00006,2025-04-18,San Quintín,San Quintín-Central,Ferretería,Tornillería,Logística Frontera,Vendedor_30,6,4296.41,5,4081.59,24489.54,Vale Despensa,No,2169.27,28.0
V00007,2024-11-18,Tijuana,Tijuana-Otay,Electrónica,Cargadores,Comercial Baja,Vendedor_13,7,3239.26,0,3239.26,22674.82,Transferencia,Duplicado,1573.37,20.6
V00008,2024-08-12,San Quintín,San Quintín-Central,Farmacia,Anteojos,Comercial Baja,Vendedor_03,12,7187.69,20,5750.15,69001.8,Efectivo,No cumplió expectativas,4781.8,21.1
V00009,2024-09-14,Mexicali,Mexicali-Nueva,Hogar,Lámparas,Proveedor Norte SA,Vendedor_22,17,3108.9,25,2331.68,39638.56,Efectivo,No,1928.85,36.5
V00010,2024-09-26,Ensenada,Ensenada-Maneadero,Electrónica,Audífonos,Mayoreo TJ,Vendedor_17,1,3506.38,25,2629.78,2629.78,Efectivo,No,2340.96,26.9
V00011,2024-11-27,San Quintín,San Quintín-Central,Ropa,Ropa Interior,Proveedor Norte SA,Vendedor_04,20,6111.96,0,6111.96,122239.2,Tarjeta Crédito,No,4093.06,48.3
V00012,2025-05-12,Ensenada,Ensenada-Centro,Electrónica,Tabletas,Mayoreo TJ,Vendedor_05,3,7030.18,0,7030.18,21090.54,Transferencia,Talla incorrecta,4827.71,21.6
V00013,2025-03-24,Rosarito,Rosarito-Principal,Ropa,Zapatos,Comercial Baja,Vendedor_04,12,5717.94,20,4574.35,54892.2,Tarjeta Débito,No,2894.27,28.5
V00014,2024-03-10,Rosarito,Rosarito-Principal,Ferretería,Plomería,Surtimax,Vendedor_03,8,107.17,0,107.17,857.36,Vale Despensa,Defecto de fábrica,54.6,41.8
V00015,2024-07-13,Mexicali,Mexicali-Nueva,Ropa,Gorras,Distribuidora BC,Vendedor_22,14,1981.83,25,1486.37,20809.18,Transferencia,Talla incorrecta,1067.36,31.4
V00016,2024-09-11,San Quintín,San Quintín-Central,Farmacia,Vitaminas,Importaciones Mex,Vendedor_18,4,531.87,15,452.09,1808.36,Transferencia,Duplicado,257.98,22.3
V00017,2024-01-16,Tecate,Tecate-Centro,Electrónica,Cámaras,Importaciones Mex,Vendedor_06,2,6473.78,0,6473.78,12947.56,Transferencia,Talla incorrecta,3699.18,23.5
V00018,2025-04-10,Tecate,Tecate-Centro,Ropa,Calcetines,Abastos del Pacífico,Vendedor_23,9,67.14,20,53.71,483.39,Vale Despensa,Cambio de opinión,41.32,34.5
V00019,2024-02-28,Mexicali,Mexicali-Baja,Ropa,Camisas,Comercial Baja,Vendedor_17,11,4654.48,0,4654.48,51199.28,Vale Despensa,Defecto de fábrica,2277.71,53.4
V00020,2024-05-02,Tijuana,Tijuana-Otay,Electrónica,Laptops,Importaciones Mex,Vendedor_19,13,5417.94,5,5147.04,66911.52,Vale Despensa,No,2491.9,18.3
V00021,2024-09-28,San Quintín,San Quintín-Central,Alimentos,Carnes Frías,Mayoreo TJ,Vendedor_22,8,5374.32,15,4568.17,36545.36,Tarjeta Crédito,No,3032.76,52.2
V00022,2024-09-28,Tijuana,Tijuana-Garita,Hogar,Lámparas,Surtimax,Vendedor_29,17,632.42,5,600.8,10213.6,Efectivo,No cumplió expectativas,423.61,29.8
V00023,2024-11-02,Mexicali,Mexicali-Baja,Ferretería,Electricidad,Mayoreo TJ,Vendedor_09,18,4912.84,0,4912.84,88431.12,Efectivo,Talla incorrecta,3303.53,44.7
V00024,2025-05-15,Mexicali,Mexicali-Baja,Alimentos,Carnes Frías,Proveedor Norte SA,Vendedor_03,9,5755.02,5,5467.27,49205.43,Transferencia,Cambio de opinión,3782.99,16.8
V00025,2025-03-13,Ensenada,Ensenada-Centro,Farmacia,Primeros Auxilios,Proveedor Norte SA,Vendedor_04,18,1334.58,25,1000.93,18016.74,Efectivo,No,915.87,42.6
V00026,2024-05-10,Mexicali,Mexicali-Nueva,Electrónica,Cargadores,Logística Frontera,Vendedor_12,14,4680.95,0,4680.95,65533.3,Efectivo,Defecto de fábrica,3158.38,23.4
V00027,2024-06-07,Mexicali,Mexicali-Nueva,Electrónica,Cargadores,Mayoreo TJ,Vendedor_26,20,6251.92,20,5001.54,100030.8,Tarjeta Débito,Duplicado,4191.0,16.0
V00028,2024-02-09,San Quintín,San Quintín-Central,Hogar,Cojines,Importaciones Mex,Vendedor_07,13,2171.11,0,2171.11,28224.43,Transferencia,No,1166.79,47.8
V00029,2024-10-12,Mexicali,Mexicali-Centro,Electrónica,Tabletas,Abastos del Pacífico,Vendedor_22,3,3217.8,10,2896.02,8688.06,Vale Despensa,No,1714.4,16.1
V00030,2024-11-17,Ensenada,Ensenada-Centro,Ferretería,Electricidad,Distribuidora BC,Vendedor_13,12,354.14,20,283.31,3399.72,Vale Despensa,No,176.19,16.8
V00031,2024-11-17,Tecate,Tecate-Centro,Ferretería,Plomería,Logística Frontera,Vendedor_17,11,2945.56,0,2945.56,32401.16,Tarjeta Crédito,Talla incorrecta,1816.6,28.0
V00032,2024-11-04,San Quintín,San Quintín-Central,Ferretería,Tornillería,Proveedor Norte SA,Vendedor_10,6,1575.13,20,1260.1,7560.6,Tarjeta Crédito,No,791.57,46.4
V00033,2025-04-29,Rosarito,Rosarito-Principal,Hogar,Cortinas,Distribuidora BC,Vendedor_10,17,3565.17,5,3386.91,57577.47,Vale Despensa,No cumplió expectativas,2196.01,39.8
V00034,2024-01-26,Tijuana,Tijuana-Otay,Farmacia,Primeros Auxilios,Importaciones Mex,Vendedor_16,5,1835.89,5,1744.1,8720.5,Vale Despensa,Defecto de fábrica,1216.16,17.9
V00035,2024-01-06,Tecate,Tecate-Centro,Farmacia,Anteojos,Abastos del Pacífico,Vendedor_08,5,3980.3,5,3781.28,18906.4,Tarjeta Débito,Talla incorrecta,2591.28,42.8
V00036,2024-05-16,Tecate,Tecate-Centro,Ferretería,Plomería,Surtimax,Vendedor_25,15,7343.89,0,7343.89,110158.35,Transferencia,No,4429.56,43.8
V00037,2024-09-22,Rosarito,Rosarito-Principal,Ferretería,Brochas,Logística Frontera,Vendedor_25,15,7182.8,25,5387.1,80806.5,Vale Despensa,Duplicado,4102.45,24.6
V00038,2024-03-23,Tecate,Tecate-Centro,Farmacia,Primeros Auxilios,Mayoreo TJ,Vendedor_08,11,1914.22,15,1627.09,17897.99,Transferencia,No cumplió expectativas,1193.49,43.3
V00039,2024-07-30,Tijuana,Tijuana-La Mesa,Hogar,Decoración,Abastos del Pacífico,Vendedor_29,2,4363.76,20,3491.01,6982.02,Vale Despensa,No,2995.79,15.8
V00040,2025-03-05,Rosarito,Rosarito-Principal,Hogar,Muebles,Importaciones Mex,Vendedor_16,13,7544.8,10,6790.32,88274.16,Tarjeta Débito,No,3909.97,34.4
V00041,2024-01-28,Tecate,Tecate-Centro,Farmacia,Anteojos,Proveedor Norte SA,Vendedor_03,5,5807.24,25,4355.43,21777.15,Transferencia,No,2810.27,33.5
V00042,2025-01-23,Tijuana,Tijuana-Playas,Hogar,Decoración,Abastos del Pacífico,Vendedor_09,11,1732.7,15,1472.8,16200.8,Efectivo,Cambio de opinión,983.44,45.0
V00043,2024-09-10,Tijuana,Tijuana-Playas,Ropa,Pantalones,Proveedor Norte SA,Vendedor_20,1,6260.8,0,6260.8,6260.8,Tarjeta Débito,Duplicado,3190.73,33.9
V00044,2024-04-27,Tijuana,Tijuana-Zona Río,Ropa,Gorras,Logística Frontera,Vendedor_04,6,5610.75,15,4769.14,28614.84,Vale Despensa,No cumplió expectativas,2560.86,27.5
V00045,2024-11-04,San Quintín,San Quintín-Central,Hogar,Cojines,Distribuidora BC,Vendedor_26,4,654.17,5,621.46,2485.84,Vale Despensa,No,422.37,28.9
V00046,2024-04-18,Tecate,Tecate-Centro,Electrónica,Cargadores,Surtimax,Vendedor_21,16,150.58,20,120.46,1927.36,Transferencia,No,94.39,32.4
V00047,2024-09-08,San Quintín,San Quintín-Central,Ferretería,Brochas,Logística Frontera,Vendedor_29,11,3745.75,10,3371.18,37082.98,Transferencia,Talla incorrecta,1913.95,33.6
V00048,2025-05-14,Rosarito,Rosarito-Principal,Alimentos,Snacks,Surtimax,Vendedor_26,6,3979.74,15,3382.78,20296.68,Tarjeta Crédito,Duplicado,2129.5,50.2
V00049,2024-09-04,San Quintín,San Quintín-Central,Ferretería,Herramientas,Comercial Baja,Vendedor_18,3,4157.19,5,3949.33,11847.99,Tarjeta Débito,No,2588.48,40.8
V00050,2024-11-09,Tecate,Tecate-Centro,Electrónica,Laptops,Surtimax,Vendedor_16,8,2389.17,20,1911.34,15290.72,Vale Despensa,No,1392.24,32.0
V00051,2024-05-03,San Quintín,San Quintín-Central,Alimentos,Condimentos,Surtimax,Vendedor_04,8,2203.79,10,1983.41,15867.28,Vale Despensa,Duplicado,1515.59,42.6
V00052,2024-07-17,Mexicali,Mexicali-Centro,Farmacia,Termómetros,Importaciones Mex,Vendedor_12,4,2248.17,10,2023.35,8093.4,Tarjeta Débito,Cambio de opinión,1181.56,43.3
V00053,2024-04-15,Mexicali,Mexicali-Baja,Electrónica,Televisores,Logística Frontera,Vendedor_16,16,4449.2,0,4449.2,71187.2,Transferencia,Defecto de fábrica,2492.07,22.4
V00054,2024-03-16,Tijuana,Tijuana-Playas,Hogar,Lámparas,Proveedor Norte SA,Vendedor_05,16,6585.82,20,5268.66,84298.56,Tarjeta Débito,No,4299.13,53.0
V00055,2025-01-24,Tijuana,Tijuana-Otay,Electrónica,Cables,Comercial Baja,Vendedor_10,17,4870.23,5,4626.72,78654.24,Vale Despensa,No,3397.02,27.2
V00056,2024-09-27,Rosarito,Rosarito-Principal,Ferretería,Pinturas,Mayoreo TJ,Vendedor_08,7,7583.34,5,7204.17,50429.19,Tarjeta Débito,Talla incorrecta,4458.99,21.3
V00057,2024-10-16,Tecate,Tecate-Centro,Farmacia,Termómetros,Distribuidora BC,Vendedor_22,10,2365.51,5,2247.23,22472.3,Tarjeta Débito,No,1610.86,46.5
V00058,2024-05-25,San Quintín,San Quintín-Central,Hogar,Lámparas,Proveedor Norte SA,Vendedor_06,9,4379.27,0,4379.27,39413.43,Tarjeta Crédito,Talla incorrecta,2622.14,48.0
V00059,2025-05-27,Ensenada,Ensenada-Maneadero,Electrónica,Cámaras,Comercial Baja,Vendedor_15,9,5524.99,20,4419.99,39779.91,Efectivo,No,3312.28,50.6
V00060,2024-01-22,San Quintín,San Quintín-Central,Ferretería,Electricidad,Proveedor Norte SA,Vendedor_25,19,255.63,5,242.85,4614.15,Tarjeta Débito,Cambio de opinión,145.1,41.1
V00061,2025-04-26,Ensenada,Ensenada-Centro,Ferretería,Selladores,Abastos del Pacífico,Vendedor_11,3,5096.54,25,3822.4,11467.2,Tarjeta Crédito,No,3147.28,49.3
V00062,2024-02-07,Ensenada,Ensenada-Maneadero,Farmacia,Termómetros,Distribuidora BC,Vendedor_11,18,2341.33,20,1873.06,33715.08,Tarjeta Crédito,No,1242.82,53.8
V00063,2025-01-05,Tecate,Tecate-Centro,Farmacia,Termómetros,Comercial Baja,Vendedor_21,17,3335.32,5,3168.55,53865.35,Transferencia,No,2134.6,23.1
V00064,2024-01-30,Rosarito,Rosarito-Principal,Alimentos,Condimentos,Importaciones Mex,Vendedor_23,4,7052.73,25,5289.55,21158.2,Tarjeta Débito,No,3721.64,15.5
V00065,2025-05-25,Tecate,Tecate-Centro,Ropa,Pantalones,Logística Frontera,Vendedor_14,5,3718.51,0,3718.51,18592.55,Transferencia,Cambio de opinión,2584.59,24.7
V00066,2024-10-09,Rosarito,Rosarito-Principal,Hogar,Cojines,Surtimax,Vendedor_30,3,7378.85,0,7378.85,22136.55,Vale Despensa,No,3813.34,15.1
V00067,2025-05-10,San Quintín,San Quintín-Central,Ferretería,Brochas,Surtimax,Vendedor_18,18,6928.82,25,5196.61,93538.98,Vale Despensa,No,3771.37,52.3
V00068,2024-11-21,Mexicali,Mexicali-Nueva,Ropa,Calcetines,Abastos del Pacífico,Vendedor_13,2,1906.82,20,1525.46,3050.92,Tarjeta Débito,No,1094.19,16.5
V00069,2024-05-27,Rosarito,Rosarito-Principal,Electrónica,Cámaras,Mayoreo TJ,Vendedor_03,1,842.71,25,632.03,632.03,Transferencia,No,543.87,25.6
V00070,2025-05-14,Rosarito,Rosarito-Principal,Farmacia,Vitaminas,Proveedor Norte SA,Vendedor_20,11,6821.53,20,5457.22,60029.42,Efectivo,No,3470.06,42.4
V00071,2025-03-30,Ensenada,Ensenada-Centro,Farmacia,Vitaminas,Logística Frontera,Vendedor_29,4,3500.07,0,3500.07,14000.28,Efectivo,No cumplió expectativas,1615.27,46.8
V00072,2024-07-03,Ensenada,Ensenada-Maneadero,Alimentos,Cereales,Mayoreo TJ,Vendedor_03,19,1207.28,20,965.82,18350.58,Vale Despensa,No cumplió expectativas,806.11,39.8
V00073,2024-09-18,Mexicali,Mexicali-Baja,Ferretería,Tornillería,Comercial Baja,Vendedor_29,15,1895.9,10,1706.31,25594.65,Tarjeta Crédito,Defecto de fábrica,1174.33,21.3
V00074,2025-04-12,Tecate,Tecate-Centro,Ferretería,Electricidad,Importaciones Mex,Vendedor_13,9,5129.56,20,4103.65,36932.85,Transferencia,Cambio de opinión,2445.07,30.3
V00075,2024-01-09,Ensenada,Ensenada-Maneadero,Farmacia,Primeros Auxilios,Proveedor Norte SA,Vendedor_30,9,224.42,20,179.54,1615.86,Vale Despensa,No,142.8,48.3
V00076,2024-09-13,Ensenada,Ensenada-Centro,Ferretería,Adhesivos,Distribuidora BC,Vendedor_29,20,1791.09,5,1701.54,34030.8,Efectivo,No cumplió expectativas,944.32,32.6
V00077,2025-03-01,Rosarito,Rosarito-Principal,Farmacia,Higiene,Importaciones Mex,Vendedor_05,11,766.56,10,689.9,7588.9,Vale Despensa,No cumplió expectativas,512.92,29.6
V00078,2024-12-12,Rosarito,Rosarito-Principal,Ropa,Chamarras,Comercial Baja,Vendedor_03,10,7316.69,25,5487.52,54875.2,Tarjeta Débito,Talla incorrecta,4671.98,24.0
V00079,2024-09-27,San Quintín,San Quintín-Central,Ferretería,Adhesivos,Distribuidora BC,Vendedor_15,1,767.91,20,614.33,614.33,Tarjeta Crédito,No,474.73,41.9
V00080,2024-01-26,Rosarito,Rosarito-Principal,Farmacia,Bebés,Surtimax,Vendedor_30,16,911.35,5,865.78,13852.48,Vale Despensa,No,460.54,17.5
V00081,2024-11-07,Tecate,Tecate-Centro,Farmacia,Anteojos,Distribuidora BC,Vendedor_04,2,977.57,0,977.57,1955.14,Tarjeta Débito,No,656.75,20.4
V00082,2024-04-11,Tecate,Tecate-Centro,Farmacia,Anteojos,Abastos del Pacífico,Vendedor_09,14,4719.36,0,4719.36,66071.04,Efectivo,No,2938.13,23.7
V00083,2025-01-02,Tecate,Tecate-Centro,Alimentos,Bebidas,Abastos del Pacífico,Vendedor_09,18,7848.38,15,6671.12,120080.16,Tarjeta Débito,Defecto de fábrica,5431.48,53.0
V00084,2024-12-07,Tecate,Tecate-Centro,Farmacia,Cuidado Personal,Mayoreo TJ,Vendedor_26,2,5151.55,0,5151.55,10303.1,Vale Despensa,Duplicado,2582.48,48.2
V00085,2024-05-31,Rosarito,Rosarito-Principal,Ferretería,Plomería,Proveedor Norte SA,Vendedor_09,11,6513.77,5,6188.08,68068.88,Tarjeta Débito,No,4539.33,36.6
V00086,2024-11-27,Mexicali,Mexicali-Centro,Farmacia,Medicamentos,Mayoreo TJ,Vendedor_09,8,1097.84,15,933.16,7465.28,Efectivo,Defecto de fábrica,528.82,31.8
V00087,2025-05-30,Tijuana,Tijuana-Garita,Hogar,Cortinas,Proveedor Norte SA,Vendedor_24,15,6235.24,0,6235.24,93528.6,Vale Despensa,Duplicado,3276.04,40.7
V00088,2025-03-30,Tijuana,Tijuana-Garita,Hogar,Almohadas,Distribuidora BC,Vendedor_11,16,3438.88,0,3438.88,55022.08,Vale Despensa,Talla incorrecta,1675.02,20.0
V00089,2024-04-27,Rosarito,Rosarito-Principal,Hogar,Utensilios,Importaciones Mex,Vendedor_14,4,3657.04,20,2925.63,11702.52,Transferencia,No,2457.61,31.6
V00090,2025-01-18,Tecate,Tecate-Centro,Hogar,Lámparas,Comercial Baja,Vendedor_03,9,2534.76,15,2154.55,19390.95,Efectivo,No cumplió expectativas,1667.73,18.7
V00091,2025-02-24,Tijuana,Tijuana-Playas,Ropa,Camisas,Abastos del Pacífico,Vendedor_28,4,4712.4,15,4005.54,16022.16,Efectivo,No,3261.45,39.0
V00092,2024-04-20,Ensenada,Ensenada-Centro,Ferretería,Plomería,Surtimax,Vendedor_04,8,1280.1,25,960.07,7680.56,Tarjeta Crédito,No,759.77,47.3
V00093,2024-12-13,Rosarito,Rosarito-Principal,Ferretería,Electricidad,Proveedor Norte SA,Vendedor_06,10,280.18,10,252.16,2521.6,Tarjeta Débito,No,165.75,31.0
V00094,2025-03-05,Mexicali,Mexicali-Nueva,Farmacia,Medicamentos,Surtimax,Vendedor_06,13,779.47,5,740.5,9626.5,Tarjeta Crédito,No,411.49,28.0
V00095,2024-10-05,Rosarito,Rosarito-Principal,Electrónica,Celulares,Abastos del Pacífico,Vendedor_16,3,1301.41,0,1301.41,3904.23,Vale Despensa,No,729.45,25.9
V00096,2024-11-11,Rosarito,Rosarito-Principal,Alimentos,Cereales,Importaciones Mex,Vendedor_13,17,931.57,25,698.68,11877.56,Vale Despensa,Defecto de fábrica,431.96,23.2
V00097,2025-03-16,Mexicali,Mexicali-Centro,Alimentos,Panadería,Mayoreo TJ,Vendedor_13,16,2658.57,0,2658.57,42537.12,Vale Despensa,No cumplió expectativas,1664.05,35.0
V00098,2024-01-20,San Quintín,San Quintín-Central,Electrónica,Cables,Distribuidora BC,Vendedor_28,14,6901.03,0,6901.03,96614.42,Tarjeta Crédito,No,4098.8,37.9
V00099,2025-04-16,San Quintín,San Quintín-Central,Alimentos,Bebidas,Distribuidora BC,Vendedor_14,6,3270.01,15,2779.51,16677.06,Efectivo,No,1670.42,38.6
V00100,2024-06-21,Rosarito,Rosarito-Principal,Hogar,Utensilios,Distribuidora BC,Vendedor_17,11,5979.15,5,5680.19,62482.09,Vale Despensa,Talla incorrecta,2980.46,46.0
V00101,2024-06-05,Ensenada,Ensenada-Centro,Ropa,Pantalones,Mayoreo TJ,Vendedor_25,6,1214.23,5,1153.52,6921.12,Transferencia,Talla incorrecta,687.24,37.5
V00102,2025-03-26,Rosarito,Rosarito-Principal,Farmacia,Bebés,Comercial Baja,Vendedor_15,5,6920.76,15,5882.65,29413.25,Tarjeta Crédito,Talla incorrecta,4492.14,38.7
V00103,2024-10-20,Ensenada,Ensenada-Centro,Alimentos,Condimentos,Distribuidora BC,Vendedor_20,12,3642.72,0,3642.72,43712.64,Vale Despensa,Talla incorrecta,2101.0,33.5
V00104,2024-06-03,Rosarito,Rosarito-Principal,Hogar,Cojines,Comercial Baja,Vendedor_04,17,2606.14,25,1954.61,33228.37,Tarjeta Crédito,Defecto de fábrica,1812.82,18.4
V00105,2024-06-11,San Quintín,San Quintín-Central,Electrónica,Tabletas,Surtimax,Vendedor_30,17,5675.59,25,4256.69,72363.73,Tarjeta Crédito,No,3103.72,46.0
V00106,2025-01-30,San Quintín,San Quintín-Central,Farmacia,Bebés,Logística Frontera,Vendedor_24,18,574.0,0,574.0,10332.0,Vale Despensa,Cambio de opinión,383.62,28.3
V00107,2024-03-27,Rosarito,Rosarito-Principal,Alimentos,Panadería,Abastos del Pacífico,Vendedor_21,5,7743.19,20,6194.55,30972.75,Tarjeta Crédito,Cambio de opinión,5058.6,41.8
V00108,2024-11-12,San Quintín,San Quintín-Central,Farmacia,Anteojos,Importaciones Mex,Vendedor_11,12,4092.48,0,4092.48,49109.76,Transferencia,No cumplió expectativas,2038.06,55.0
V00109,2024-05-14,Mexicali,Mexicali-Centro,Alimentos,Bebidas,Abastos del Pacífico,Vendedor_05,11,4086.13,0,4086.13,44947.43,Tarjeta Débito,No,2023.5,42.7
V00110,2025-03-30,Rosarito,Rosarito-Principal,Farmacia,Termómetros,Logística Frontera,Vendedor_25,8,397.35,15,337.75,2702.0,Transferencia,No,202.05,24.6
V00111,2025-05-29,Tecate,Tecate-Centro,Alimentos,Condimentos,Abastos del Pacífico,Vendedor_06,13,3720.36,10,3348.32,43528.16,Tarjeta Débito,No,2419.41,20.5
V00112,2024-05-07,Ensenada,Ensenada-Centro,Farmacia,Termómetros,Distribuidora BC,Vendedor_25,17,6999.23,0,6999.23,118986.91,Tarjeta Débito,Cambio de opinión,3626.99,51.2
V00113,2025-02-28,Mexicali,Mexicali-Baja,Electrónica,Tabletas,Abastos del Pacífico,Vendedor_17,1,6542.79,15,5561.37,5561.37,Tarjeta Crédito,Defecto de fábrica,3329.92,54.8
V00114,2024-05-20,Ensenada,Ensenada-Centro,Electrónica,Cargadores,Logística Frontera,Vendedor_30,5,7450.07,15,6332.56,31662.8,Transferencia,Defecto de fábrica,4648.98,20.6
V00115,2024-08-08,San Quintín,San Quintín-Central,Hogar,Muebles,Abastos del Pacífico,Vendedor_04,9,7251.57,0,7251.57,65264.13,Tarjeta Crédito,No cumplió expectativas,3694.02,19.9
V00116,2024-01-17,Mexicali,Mexicali-Baja,Farmacia,Termómetros,Importaciones Mex,Vendedor_23,20,549.32,25,411.99,8239.8,Tarjeta Débito,No,287.19,15.1
V00117,2025-01-04,Ensenada,Ensenada-Centro,Ferretería,Selladores,Proveedor Norte SA,Vendedor_13,17,1539.15,0,1539.15,26165.55,Transferencia,Talla incorrecta,709.37,30.5
V00118,2024-09-03,Ensenada,Ensenada-Maneadero,Farmacia,Medicamentos,Surtimax,Vendedor_05,12,2888.9,0,2888.9,34666.8,Efectivo,Talla incorrecta,1554.44,28.5
V00119,2024-05-18,San Quintín,San Quintín-Central,Farmacia,Termómetros,Comercial Baja,Vendedor_02,6,7847.51,25,5885.63,35313.78,Tarjeta Crédito,Talla incorrecta,3926.88,46.6
V00120,2024-02-07,Tijuana,Tijuana-Playas,Alimentos,Cereales,Logística Frontera,Vendedor_12,9,7913.53,25,5935.15,53416.35,Efectivo,Duplicado,5273.97,28.3
V00121,2024-07-10,Tijuana,Tijuana-Playas,Hogar,Almohadas,Comercial Baja,Vendedor_12,11,5959.3,20,4767.44,52441.84,Vale Despensa,No,3079.05,18.3
V00122,2024-03-22,Tecate,Tecate-Centro,Hogar,Cobijas,Logística Frontera,Vendedor_10,4,4386.52,15,3728.54,14914.16,Transferencia,No,2634.79,32.0
V00123,2025-03-21,San Quintín,San Quintín-Central,Alimentos,Condimentos,Proveedor Norte SA,Vendedor_03,20,386.72,15,328.71,6574.2,Transferencia,Cambio de opinión,209.15,47.0
V00124,2024-05-09,San Quintín,San Quintín-Central,Electrónica,Celulares,Importaciones Mex,Vendedor_25,2,6796.92,25,5097.69,10195.38,Tarjeta Crédito,Talla incorrecta,3673.99,53.0
V00125,2024-03-19,Tijuana,Tijuana-Zona Río,Ropa,Gorras,Mayoreo TJ,Vendedor_17,15,7593.15,15,6454.18,96812.7,Tarjeta Crédito,No,4172.5,41.0
V00126,2024-04-30,Mexicali,Mexicali-Centro,Electrónica,Celulares,Logística Frontera,Vendedor_23,18,4017.4,20,3213.92,57850.56,Transferencia,Cambio de opinión,2023.33,39.5
V00127,2024-06-25,San Quintín,San Quintín-Central,Ropa,Pantalones,Distribuidora BC,Vendedor_26,15,1129.04,0,1129.04,16935.6,Tarjeta Crédito,No,696.57,43.4
V00128,2024-08-17,Rosarito,Rosarito-Principal,Alimentos,Lácteos,Importaciones Mex,Vendedor_26,12,5708.88,0,5708.88,68506.56,Tarjeta Débito,Talla incorrecta,2906.87,34.8
V00129,2024-11-12,Ensenada,Ensenada-Maneadero,Hogar,Cobijas,Comercial Baja,Vendedor_17,3,4914.99,0,4914.99,14744.97,Transferencia,No,3156.85,47.9
V00130,2024-07-05,Tijuana,Tijuana-Otay,Alimentos,Bebidas,Abastos del Pacífico,Vendedor_17,5,3627.3,15,3083.2,15416.0,Efectivo,No cumplió expectativas,2386.21,35.7
V00131,2024-10-17,Ensenada,Ensenada-Centro,Ropa,Ropa Interior,Logística Frontera,Vendedor_07,12,7481.17,5,7107.11,85285.32,Vale Despensa,Talla incorrecta,3879.83,40.0
V00132,2024-12-11,Rosarito,Rosarito-Principal,Ferretería,Tornillería,Proveedor Norte SA,Vendedor_27,6,4754.88,0,4754.88,28529.28,Efectivo,No,2236.25,52.9
V00133,2024-02-01,Rosarito,Rosarito-Principal,Farmacia,Cuidado Personal,Logística Frontera,Vendedor_21,20,6147.32,20,4917.86,98357.2,Tarjeta Crédito,No,3508.5,47.2
V00134,2025-03-26,San Quintín,San Quintín-Central,Alimentos,Condimentos,Comercial Baja,Vendedor_15,6,630.14,0,630.14,3780.84,Tarjeta Débito,No,337.16,20.7
V00135,2024-04-18,San Quintín,San Quintín-Central,Farmacia,Bebés,Importaciones Mex,Vendedor_15,12,7804.22,0,7804.22,93650.64,Efectivo,No,4033.75,24.9
V00136,2024-06-12,Tijuana,Tijuana-Garita,Alimentos,Cereales,Surtimax,Vendedor_07,8,6920.1,20,5536.08,44288.64,Tarjeta Débito,No,3976.06,35.6
V00137,2025-04-13,Tecate,Tecate-Centro,Hogar,Muebles,Importaciones Mex,Vendedor_19,17,765.89,20,612.71,10416.07,Tarjeta Crédito,Duplicado,353.97,26.3
V00138,2024-09-27,Rosarito,Rosarito-Principal,Alimentos,Snacks,Abastos del Pacífico,Vendedor_12,5,6785.02,20,5428.02,27140.1,Efectivo,No,3732.75,37.8
V00139,2024-10-13,Mexicali,Mexicali-Baja,Ferretería,Electricidad,Distribuidora BC,Vendedor_05,18,634.58,25,475.94,8566.92,Efectivo,No,348.05,46.8
V00140,2024-02-11,Ensenada,Ensenada-Maneadero,Ropa,Zapatos,Proveedor Norte SA,Vendedor_05,17,4839.58,20,3871.66,65818.22,Tarjeta Crédito,Defecto de fábrica,3150.53,35.8
V00141,2025-02-06,Mexicali,Mexicali-Nueva,Ferretería,Tornillería,Logística Frontera,Vendedor_19,6,2657.33,15,2258.73,13552.38,Tarjeta Crédito,No,1532.82,35.4
V00142,2024-11-11,Tecate,Tecate-Centro,Hogar,Muebles,Comercial Baja,Vendedor_09,14,2978.44,0,2978.44,41698.16,Vale Despensa,Defecto de fábrica,1770.41,43.9
V00143,2024-04-22,Rosarito,Rosarito-Principal,Ropa,Calcetines,Proveedor Norte SA,Vendedor_15,2,1224.82,5,1163.58,2327.16,Tarjeta Crédito,Duplicado,679.4,31.5
V00144,2024-07-31,Mexicali,Mexicali-Baja,Ferretería,Brochas,Surtimax,Vendedor_22,5,6988.9,0,6988.9,34944.5,Transferencia,No,4063.13,27.6
V00145,2025-05-10,Mexicali,Mexicali-Baja,Ferretería,Adhesivos,Importaciones Mex,Vendedor_09,20,4392.87,10,3953.58,79071.6,Vale Despensa,Duplicado,2304.61,52.7
V00146,2025-05-06,Ensenada,Ensenada-Maneadero,Farmacia,Cuidado Personal,Logística Frontera,Vendedor_10,11,5537.41,25,4153.06,45683.66,Efectivo,No,3285.73,36.7
V00147,2025-03-28,Tecate,Tecate-Centro,Ropa,Chamarras,Comercial Baja,Vendedor_07,12,384.43,0,384.43,4613.16,Tarjeta Débito,Cambio de opinión,252.57,25.8
V00148,2024-02-21,Rosarito,Rosarito-Principal,Ropa,Pantalones,Importaciones Mex,Vendedor_21,8,4944.63,5,4697.4,37579.2,Tarjeta Débito,No,2289.97,31.5
V00149,2025-05-02,San Quintín,San Quintín-Central,Electrónica,Celulares,Importaciones Mex,Vendedor_25,14,91.19,0,91.19,1276.66,Tarjeta Crédito,No,48.36,40.8
V00150,2024-06-29,Tijuana,Tijuana-Zona Río,Ropa,Camisas,Abastos del Pacífico,Vendedor_26,14,7310.18,0,7310.18,102342.52,Transferencia,Defecto de fábrica,3630.07,45.0
V00151,2024-10-18,Ensenada,Ensenada-Centro,Electrónica,Audífonos,Comercial Baja,Vendedor_29,11,4565.3,0,4565.3,50218.3,Tarjeta Débito,No,3025.72,33.7
V00152,2024-01-15,Mexicali,Mexicali-Centro,Alimentos,Lácteos,Logística Frontera,Vendedor_19,6,5862.4,10,5276.16,31656.96,Tarjeta Débito,No,2895.29,49.2
V00153,2024-05-23,Tecate,Tecate-Centro,Ferretería,Adhesivos,Surtimax,Vendedor_30,6,739.57,0,739.57,4437.42,Tarjeta Débito,No,334.07,30.3
V00154,2025-01-03,Tecate,Tecate-Centro,Alimentos,Panadería,Proveedor Norte SA,Vendedor_22,9,4680.56,0,4680.56,42125.04,Efectivo,Duplicado,2650.83,21.4
V00155,2024-08-14,San Quintín,San Quintín-Central,Farmacia,Vitaminas,Mayoreo TJ,Vendedor_16,12,5127.76,10,4614.98,55379.76,Tarjeta Débito,Duplicado,2890.75,54.6
V00156,2024-03-24,Ensenada,Ensenada-Maneadero,Farmacia,Termómetros,Comercial Baja,Vendedor_17,8,6070.94,5,5767.39,46139.12,Tarjeta Crédito,No,2850.46,37.6
V00157,2024-12-01,Tijuana,Tijuana-Zona Río,Ferretería,Plomería,Comercial Baja,Vendedor_04,6,4602.98,0,4602.98,27617.88,Tarjeta Débito,No,2896.33,34.6
V00158,2024-02-29,Rosarito,Rosarito-Principal,Electrónica,Cámaras,Comercial Baja,Vendedor_22,15,1098.96,20,879.17,13187.55,Tarjeta Crédito,No,693.25,30.8
V00159,2024-03-02,Tijuana,Tijuana-Otay,Ferretería,Pinturas,Comercial Baja,Vendedor_02,3,410.05,15,348.54,1045.62,Tarjeta Crédito,Talla incorrecta,226.44,45.8
V00160,2024-03-23,San Quintín,San Quintín-Central,Alimentos,Cereales,Mayoreo TJ,Vendedor_21,13,3615.87,20,2892.7,37605.1,Tarjeta Crédito,No,1734.38,54.7
V00161,2025-04-19,Tecate,Tecate-Centro,Farmacia,Cuidado Personal,Abastos del Pacífico,Vendedor_18,10,6686.83,0,6686.83,66868.3,Transferencia,No,4385.49,24.9
V00162,2025-03-05,Ensenada,Ensenada-Centro,Alimentos,Carnes Frías,Proveedor Norte SA,Vendedor_08,2,7502.41,0,7502.41,15004.82,Tarjeta Débito,No,3502.3,38.8
V00163,2024-08-10,Tecate,Tecate-Centro,Ropa,Camisas,Mayoreo TJ,Vendedor_17,18,3248.01,5,3085.61,55540.98,Tarjeta Crédito,Defecto de fábrica,1651.74,51.7
V00164,2024-08-14,Rosarito,Rosarito-Principal,Ferretería,Adhesivos,Logística Frontera,Vendedor_09,17,1933.39,0,1933.39,32867.63,Efectivo,No,1139.11,38.7
V00165,2025-01-25,San Quintín,San Quintín-Central,Farmacia,Anteojos,Surtimax,Vendedor_23,12,4469.01,0,4469.01,53628.12,Transferencia,No,2467.18,27.0
V00166,2025-04-19,Mexicali,Mexicali-Nueva,Hogar,Cojines,Abastos del Pacífico,Vendedor_14,5,6802.26,10,6122.03,30610.15,Vale Despensa,Defecto de fábrica,3962.3,30.5
V00167,2024-07-14,Ensenada,Ensenada-Centro,Alimentos,Bebidas,Logística Frontera,Vendedor_13,3,7381.7,15,6274.44,18823.32,Vale Despensa,Defecto de fábrica,4434.41,49.9
V00168,2024-01-16,Mexicali,Mexicali-Nueva,Farmacia,Cuidado Personal,Importaciones Mex,Vendedor_24,10,3861.18,15,3282.0,32820.0,Efectivo,Duplicado,2458.49,45.2
V00169,2024-11-25,Mexicali,Mexicali-Nueva,Ferretería,Plomería,Abastos del Pacífico,Vendedor_15,18,3203.22,5,3043.06,54775.08,Vale Despensa,Cambio de opinión,1960.95,27.3
V00170,2024-07-27,Ensenada,Ensenada-Maneadero,Hogar,Lámparas,Surtimax,Vendedor_14,11,6432.39,25,4824.29,53067.19,Efectivo,No,3799.17,23.9
V00171,2024-08-23,Mexicali,Mexicali-Centro,Alimentos,Cereales,Importaciones Mex,Vendedor_16,11,2396.78,5,2276.94,25046.34,Vale Despensa,No,1470.79,42.4
V00172,2024-05-23,Ensenada,Ensenada-Maneadero,Farmacia,Termómetros,Comercial Baja,Vendedor_06,6,3713.59,15,3156.55,18939.3,Vale Despensa,No,2590.53,53.3
V00173,2024-08-24,Rosarito,Rosarito-Principal,Electrónica,Televisores,Mayoreo TJ,Vendedor_01,5,6126.49,20,4901.19,24505.95,Tarjeta Débito,Talla incorrecta,3531.51,29.9
V00174,2024-01-18,Rosarito,Rosarito-Principal,Farmacia,Termómetros,Logística Frontera,Vendedor_18,1,175.07,20,140.06,140.06,Tarjeta Crédito,No,79.53,47.5
V00175,2024-07-15,San Quintín,San Quintín-Central,Ropa,Pantalones,Logística Frontera,Vendedor_27,8,7348.49,0,7348.49,58787.92,Tarjeta Crédito,No,3797.93,30.9
V00176,2024-03-23,Ensenada,Ensenada-Maneadero,Hogar,Cojines,Distribuidora BC,Vendedor_13,10,7922.35,5,7526.23,75262.3,Transferencia,Defecto de fábrica,4312.07,34.0
V00177,2024-04-07,San Quintín,San Quintín-Central,Farmacia,Higiene,Proveedor Norte SA,Vendedor_08,11,707.35,20,565.88,6224.68,Tarjeta Débito,No,477.69,42.7
V00178,2024-02-03,Rosarito,Rosarito-Principal,Alimentos,Snacks,Surtimax,Vendedor_01,18,7397.07,10,6657.36,119832.48,Tarjeta Débito,No cumplió expectativas,4414.27,45.1
V00179,2025-02-02,San Quintín,San Quintín-Central,Electrónica,Audífonos,Surtimax,Vendedor_13,19,1341.48,5,1274.41,24213.79,Tarjeta Débito,No,868.78,42.6
V00180,2024-03-18,Tijuana,Tijuana-Zona Río,Farmacia,Bebés,Abastos del Pacífico,Vendedor_25,8,476.89,20,381.51,3052.08,Tarjeta Crédito,No,218.13,25.9
V00181,2024-07-09,Tecate,Tecate-Centro,Ropa,Ropa Interior,Abastos del Pacífico,Vendedor_03,14,4446.65,20,3557.32,49802.48,Vale Despensa,No,2329.35,24.9
V00182,2024-11-20,Tijuana,Tijuana-Garita,Alimentos,Lácteos,Distribuidora BC,Vendedor_03,13,3071.0,0,3071.0,39923.0,Efectivo,No,2105.91,32.8
V00183,2025-02-21,Ensenada,Ensenada-Centro,Ropa,Pantalones,Proveedor Norte SA,Vendedor_03,18,1539.76,25,1154.82,20786.76,Tarjeta Crédito,Talla incorrecta,906.23,38.9
V00184,2024-09-05,Ensenada,Ensenada-Maneadero,Electrónica,Audífonos,Mayoreo TJ,Vendedor_22,18,3339.79,0,3339.79,60116.22,Transferencia,No,1644.43,25.8
V00185,2024-11-02,Ensenada,Ensenada-Maneadero,Ropa,Pantalones,Distribuidora BC,Vendedor_12,14,1379.3,10,1241.37,17379.18,Tarjeta Crédito,No,946.28,43.8
V00186,2024-12-06,Tecate,Tecate-Centro,Hogar,Lámparas,Abastos del Pacífico,Vendedor_26,13,1127.14,0,1127.14,14652.82,Tarjeta Crédito,No,631.26,32.2
V00187,2024-11-17,San Quintín,San Quintín-Central,Alimentos,Conservas,Abastos del Pacífico,Vendedor_11,16,4845.53,5,4603.25,73652.0,Tarjeta Crédito,No cumplió expectativas,3070.7,40.3
V00188,2024-04-26,Rosarito,Rosarito-Principal,Alimentos,Cereales,Importaciones Mex,Vendedor_19,12,2278.39,20,1822.71,21872.52,Vale Despensa,No,1127.76,45.7
V00189,2025-02-22,Tijuana,Tijuana-La Mesa,Farmacia,Cuidado Personal,Mayoreo TJ,Vendedor_21,3,3535.72,10,3182.15,9546.45,Tarjeta Crédito,No,1805.0,41.3
V00190,2025-02-14,San Quintín,San Quintín-Central,Hogar,Lámparas,Abastos del Pacífico,Vendedor_18,19,3620.08,25,2715.06,51586.14,Efectivo,No,2344.65,29.4
V00191,2024-02-15,Rosarito,Rosarito-Principal,Electrónica,Tabletas,Abastos del Pacífico,Vendedor_25,6,5277.93,15,4486.24,26917.44,Tarjeta Crédito,No,3649.31,32.2
V00192,2025-01-18,Tijuana,Tijuana-Garita,Alimentos,Carnes Frías,Comercial Baja,Vendedor_25,15,4109.88,5,3904.39,58565.85,Vale Despensa,No,2558.85,21.0
V00193,2024-05-25,Tijuana,Tijuana-La Mesa,Electrónica,Audífonos,Logística Frontera,Vendedor_11,4,3357.0,0,3357.0,13428.0,Transferencia,No,2168.85,35.8
V00194,2024-03-09,Ensenada,Ensenada-Maneadero,Electrónica,Cámaras,Proveedor Norte SA,Vendedor_26,11,5789.85,25,4342.39,47766.29,Efectivo,Cambio de opinión,2638.12,28.7
V00195,2025-03-12,Tijuana,Tijuana-Otay,Farmacia,Cuidado Personal,Importaciones Mex,Vendedor_26,11,4152.15,0,4152.15,45673.65,Transferencia,No,2522.18,22.5
V00196,2025-03-15,San Quintín,San Quintín-Central,Hogar,Muebles,Proveedor Norte SA,Vendedor_23,15,5912.24,5,5616.63,84249.45,Tarjeta Débito,No,2964.67,45.1
V00197,2024-04-26,Tijuana,Tijuana-Zona Río,Electrónica,Celulares,Comercial Baja,Vendedor_17,15,2958.05,5,2810.15,42152.25,Tarjeta Crédito,Cambio de opinión,1772.59,39.5
V00198,2024-03-27,Rosarito,Rosarito-Principal,Alimentos,Conservas,Surtimax,Vendedor_04,10,6771.87,0,6771.87,67718.7,Tarjeta Débito,No cumplió expectativas,3564.34,22.3
V00199,2025-01-27,San Quintín,San Quintín-Central,Ferretería,Selladores,Mayoreo TJ,Vendedor_16,19,3375.0,0,3375.0,64125.0,Vale Despensa,No,2103.83,40.8
V00200,2025-04-06,Mexicali,Mexicali-Nueva,Ropa,Gorras,Proveedor Norte SA,Vendedor_28,11,2346.24,0,2346.24,25808.64,Tarjeta Crédito,No,1614.12,34.4
V00201,2025-03-30,Mexicali,Mexicali-Baja,Ferretería,Brochas,Mayoreo TJ,Vendedor_03,14,3302.62,25,2476.97,34677.58,Vale Despensa,No,1511.66,45.4
V00202,2025-05-22,Ensenada,Ensenada-Centro,Alimentos,Carnes Frías,Distribuidora BC,Vendedor_19,15,4323.99,0,4323.99,64859.85,Efectivo,No,2235.38,36.7
V00203,2024-09-10,Ensenada,Ensenada-Centro,Farmacia,Termómetros,Proveedor Norte SA,Vendedor_15,4,4393.51,20,3514.81,14059.24,Tarjeta Crédito,Cambio de opinión,2359.95,47.7
V00204,2025-03-14,Tecate,Tecate-Centro,Ropa,Zapatos,Mayoreo TJ,Vendedor_26,20,6495.09,15,5520.83,110416.6,Tarjeta Débito,No cumplió expectativas,4243.78,47.2
V00205,2024-10-26,Rosarito,Rosarito-Principal,Ferretería,Electricidad,Logística Frontera,Vendedor_28,11,4795.02,0,4795.02,52745.22,Vale Despensa,Cambio de opinión,3339.12,42.2
V00206,2024-09-12,Tijuana,Tijuana-Otay,Hogar,Muebles,Surtimax,Vendedor_27,5,7940.27,0,7940.27,39701.35,Tarjeta Débito,No cumplió expectativas,5084.7,42.0
V00207,2024-03-18,Tecate,Tecate-Centro,Ferretería,Electricidad,Abastos del Pacífico,Vendedor_17,15,5041.11,20,4032.89,60493.35,Tarjeta Crédito,Talla incorrecta,3144.02,50.1
V00208,2025-01-01,Tecate,Tecate-Centro,Alimentos,Snacks,Abastos del Pacífico,Vendedor_07,15,6957.82,0,6957.82,104367.3,Transferencia,Talla incorrecta,4565.8,34.8
V00209,2024-02-19,Ensenada,Ensenada-Maneadero,Alimentos,Lácteos,Distribuidora BC,Vendedor_21,11,4550.83,25,3413.12,37544.32,Transferencia,Defecto de fábrica,2066.4,52.2
V00210,2024-05-15,Mexicali,Mexicali-Baja,Hogar,Muebles,Mayoreo TJ,Vendedor_28,7,7935.11,20,6348.09,44436.63,Tarjeta Crédito,Cambio de opinión,3755.97,29.4
V00211,2025-03-15,Tijuana,Tijuana-Playas,Farmacia,Higiene,Distribuidora BC,Vendedor_01,8,461.71,10,415.54,3324.32,Tarjeta Débito,Talla incorrecta,262.81,20.3
V00212,2025-03-08,Mexicali,Mexicali-Nueva,Farmacia,Termómetros,Comercial Baja,Vendedor_03,4,123.83,15,105.26,421.04,Tarjeta Débito,No cumplió expectativas,67.58,44.2
V00213,2024-05-16,Tijuana,Tijuana-Garita,Alimentos,Conservas,Distribuidora BC,Vendedor_17,13,7053.86,0,7053.86,91700.18,Vale Despensa,No cumplió expectativas,3189.18,41.0
V00214,2025-03-29,Tecate,Tecate-Centro,Farmacia,Cuidado Personal,Distribuidora BC,Vendedor_29,14,5043.24,0,5043.24,70605.36,Efectivo,Duplicado,2445.99,19.9
V00215,2024-10-10,San Quintín,San Quintín-Central,Alimentos,Cereales,Importaciones Mex,Vendedor_18,8,2550.3,0,2550.3,20402.4,Vale Despensa,Talla incorrecta,1530.19,39.3
V00216,2024-10-29,San Quintín,San Quintín-Central,Farmacia,Primeros Auxilios,Importaciones Mex,Vendedor_16,13,1683.29,5,1599.13,20788.69,Transferencia,Defecto de fábrica,804.93,35.0
V00217,2025-01-31,Rosarito,Rosarito-Principal,Ferretería,Herramientas,Abastos del Pacífico,Vendedor_12,5,7895.72,15,6711.36,33556.8,Vale Despensa,No,4901.15,45.5
V00218,2024-03-02,Tijuana,Tijuana-Garita,Ferretería,Pinturas,Logística Frontera,Vendedor_21,2,159.66,5,151.68,303.36,Vale Despensa,No,102.47,31.9
V00219,2024-07-27,Tecate,Tecate-Centro,Farmacia,Higiene,Surtimax,Vendedor_13,3,2255.87,10,2030.28,6090.84,Vale Despensa,No cumplió expectativas,1372.86,48.4
V00220,2024-09-07,San Quintín,San Quintín-Central,Alimentos,Cereales,Abastos del Pacífico,Vendedor_04,2,5853.17,5,5560.51,11121.02,Transferencia,Talla incorrecta,3529.9,17.2
V00221,2025-05-23,San Quintín,San Quintín-Central,Electrónica,Televisores,Logística Frontera,Vendedor_06,6,5677.81,0,5677.81,34066.86,Tarjeta Crédito,No,2735.19,46.2
V00222,2024-03-06,Ensenada,Ensenada-Centro,Electrónica,Cargadores,Distribuidora BC,Vendedor_16,17,6466.51,10,5819.86,98937.62,Transferencia,Cambio de opinión,3735.67,17.2
V00223,2024-04-28,Rosarito,Rosarito-Principal,Alimentos,Lácteos,Proveedor Norte SA,Vendedor_02,19,2078.17,0,2078.17,39485.23,Efectivo,Duplicado,1062.23,33.9
V00224,2024-11-25,Tecate,Tecate-Centro,Ropa,Camisas,Abastos del Pacífico,Vendedor_30,8,4445.28,20,3556.22,28449.76,Tarjeta Crédito,Duplicado,2301.83,18.1
V00225,2024-03-11,Ensenada,Ensenada-Centro,Ferretería,Herramientas,Logística Frontera,Vendedor_25,13,1475.79,0,1475.79,19185.27,Tarjeta Crédito,No,784.86,37.1
V00226,2024-09-05,Tijuana,Tijuana-Playas,Ropa,Chamarras,Surtimax,Vendedor_19,20,4532.26,10,4079.03,81580.6,Transferencia,No,3170.07,46.0
V00227,2024-12-20,San Quintín,San Quintín-Central,Ropa,Camisas,Surtimax,Vendedor_01,8,7462.56,0,7462.56,59700.48,Transferencia,Defecto de fábrica,4942.09,44.1
V00228,2024-10-13,Tijuana,Tijuana-Otay,Ferretería,Plomería,Proveedor Norte SA,Vendedor_30,5,3387.54,0,3387.54,16937.7,Tarjeta Débito,Talla incorrecta,2284.29,35.8
V00229,2024-03-17,San Quintín,San Quintín-Central,Hogar,Lámparas,Proveedor Norte SA,Vendedor_14,13,4667.13,0,4667.13,60672.69,Tarjeta Débito,No,2376.47,25.4
V00230,2024-03-17,Ensenada,Ensenada-Maneadero,Farmacia,Bebés,Mayoreo TJ,Vendedor_25,8,2578.56,10,2320.7,18565.6,Vale Despensa,Duplicado,1230.6,19.2
V00231,2025-04-07,Tecate,Tecate-Centro,Alimentos,Cereales,Comercial Baja,Vendedor_09,7,1009.86,15,858.38,6008.66,Efectivo,Cambio de opinión,477.27,47.3
V00232,2025-02-09,Ensenada,Ensenada-Centro,Ropa,Ropa Interior,Proveedor Norte SA,Vendedor_22,12,1229.17,5,1167.71,14012.52,Tarjeta Crédito,No,633.07,54.6
V00233,2024-05-04,Tijuana,Tijuana-La Mesa,Hogar,Cojines,Proveedor Norte SA,Vendedor_27,5,803.07,0,803.07,4015.35,Tarjeta Débito,Defecto de fábrica,387.62,47.9
V00234,2024-03-07,Ensenada,Ensenada-Centro,Ferretería,Electricidad,Comercial Baja,Vendedor_26,1,7343.56,0,7343.56,7343.56,Tarjeta Débito,Duplicado,3473.46,48.9
V00235,2025-05-23,Ensenada,Ensenada-Centro,Electrónica,Cámaras,Abastos del Pacífico,Vendedor_22,13,452.57,20,362.06,4706.78,Transferencia,Defecto de fábrica,223.21,23.6
V00236,2024-09-08,Mexicali,Mexicali-Baja,Alimentos,Condimentos,Comercial Baja,Vendedor_14,20,7073.22,0,7073.22,141464.4,Vale Despensa,Cambio de opinión,4030.02,18.5
V00237,2024-01-20,Tecate,Tecate-Centro,Hogar,Cojines,Surtimax,Vendedor_16,18,5159.09,5,4901.14,88220.52,Vale Despensa,No,3329.46,28.8
V00238,2024-08-12,Rosarito,Rosarito-Principal,Hogar,Utensilios,Logística Frontera,Vendedor_02,20,1479.54,15,1257.61,25152.2,Transferencia,Defecto de fábrica,861.62,45.7
V00239,2024-02-27,Mexicali,Mexicali-Centro,Electrónica,Tabletas,Abastos del Pacífico,Vendedor_12,18,5272.07,10,4744.86,85407.48,Tarjeta Débito,Duplicado,2604.53,38.7
V00240,2024-05-25,San Quintín,San Quintín-Central,Ferretería,Herramientas,Importaciones Mex,Vendedor_27,19,5642.45,15,4796.08,91125.52,Transferencia,No,3303.83,22.0
V00241,2025-05-04,Tijuana,Tijuana-Garita,Electrónica,Tabletas,Surtimax,Vendedor_30,17,4833.22,0,4833.22,82164.74,Vale Despensa,Defecto de fábrica,2418.38,20.2
V00242,2025-01-08,San Quintín,San Quintín-Central,Alimentos,Snacks,Surtimax,Vendedor_23,4,224.21,0,224.21,896.84,Transferencia,Talla incorrecta,133.74,28.5
V00243,2024-06-27,Ensenada,Ensenada-Centro,Ropa,Calcetines,Surtimax,Vendedor_08,11,6345.15,25,4758.86,52347.46,Vale Despensa,No,4147.28,30.1
V00244,2024-02-03,San Quintín,San Quintín-Central,Ropa,Vestidos,Surtimax,Vendedor_30,19,5844.21,20,4675.37,88832.03,Vale Despensa,No cumplió expectativas,2952.63,37.6
V00245,2024-03-31,Tecate,Tecate-Centro,Alimentos,Bebidas,Comercial Baja,Vendedor_01,6,1942.07,15,1650.76,9904.56,Tarjeta Crédito,No,975.74,42.7
V00246,2024-06-19,Ensenada,Ensenada-Maneadero,Electrónica,Televisores,Comercial Baja,Vendedor_29,14,432.77,25,324.58,4544.12,Transferencia,No,232.75,30.0
V00247,2024-01-21,Tecate,Tecate-Centro,Ropa,Gorras,Logística Frontera,Vendedor_04,10,635.99,0,635.99,6359.9,Efectivo,No,340.54,50.5
V00248,2025-03-17,Mexicali,Mexicali-Nueva,Electrónica,Laptops,Abastos del Pacífico,Vendedor_06,1,2736.71,25,2052.53,2052.53,Efectivo,No cumplió expectativas,1300.8,23.2
V00249,2024-04-08,Mexicali,Mexicali-Baja,Farmacia,Primeros Auxilios,Abastos del Pacífico,Vendedor_19,8,5301.75,10,4771.57,38172.56,Vale Despensa,Defecto de fábrica,3498.96,21.1
V00250,2024-04-09,Ensenada,Ensenada-Centro,Hogar,Lámparas,Importaciones Mex,Vendedor_06,7,2391.67,25,1793.75,12556.25,Tarjeta Crédito,Defecto de fábrica,1660.45,33.9
V00251,2025-01-31,Tijuana,Tijuana-Playas,Hogar,Cortinas,Surtimax,Vendedor_29,3,3938.32,10,3544.49,10633.47,Transferencia,No cumplió expectativas,2135.95,32.8
V00252,2024-03-04,Ensenada,Ensenada-Maneadero,Hogar,Utensilios,Distribuidora BC,Vendedor_03,19,1848.63,10,1663.77,31611.63,Tarjeta Crédito,No cumplió expectativas,1205.39,31.6
V00253,2025-05-01,Rosarito,Rosarito-Principal,Ferretería,Herramientas,Importaciones Mex,Vendedor_16,18,6734.34,20,5387.47,96974.46,Tarjeta Crédito,No,3163.38,51.1
V00254,2024-06-20,San Quintín,San Quintín-Central,Ferretería,Tornillería,Importaciones Mex,Vendedor_05,6,1006.24,25,754.68,4528.08,Efectivo,Duplicado,559.31,54.5
V00255,2024-03-09,Tecate,Tecate-Centro,Farmacia,Higiene,Abastos del Pacífico,Vendedor_18,11,6681.16,10,6013.04,66143.44,Transferencia,Talla incorrecta,3928.61,49.3
V00256,2024-04-12,Rosarito,Rosarito-Principal,Electrónica,Cables,Distribuidora BC,Vendedor_26,5,944.52,0,944.52,4722.6,Tarjeta Crédito,Talla incorrecta,629.87,50.2
V00257,2024-06-25,Tecate,Tecate-Centro,Hogar,Cortinas,Abastos del Pacífico,Vendedor_05,2,4597.58,25,3448.18,6896.36,Vale Despensa,Cambio de opinión,2768.5,42.7
V00258,2025-01-16,Tijuana,Tijuana-La Mesa,Alimentos,Carnes Frías,Surtimax,Vendedor_27,9,441.86,25,331.39,2982.51,Tarjeta Crédito,Defecto de fábrica,233.19,48.7
V00259,2024-10-02,San Quintín,San Quintín-Central,Ropa,Vestidos,Distribuidora BC,Vendedor_07,11,2438.82,25,1829.12,20120.32,Transferencia,No,1226.35,48.0
V00260,2024-11-14,San Quintín,San Quintín-Central,Ferretería,Adhesivos,Abastos del Pacífico,Vendedor_05,3,6577.09,0,6577.09,19731.27,Vale Despensa,No,4405.55,16.2
V00261,2024-07-22,Mexicali,Mexicali-Centro,Electrónica,Tabletas,Surtimax,Vendedor_27,12,312.91,0,312.91,3754.92,Transferencia,Cambio de opinión,180.32,40.4
V00262,2025-04-30,Tijuana,Tijuana-Garita,Ropa,Ropa Interior,Surtimax,Vendedor_12,6,3935.85,25,2951.89,17711.34,Tarjeta Débito,No,2595.35,25.3
V00263,2024-08-07,San Quintín,San Quintín-Central,Alimentos,Snacks,Importaciones Mex,Vendedor_22,19,3123.2,0,3123.2,59340.8,Tarjeta Débito,Duplicado,1615.54,31.4
V00264,2024-09-15,Tijuana,Tijuana-Garita,Hogar,Cobijas,Logística Frontera,Vendedor_23,8,5196.6,0,5196.6,41572.8,Tarjeta Crédito,No,2889.06,30.1
V00265,2024-04-14,Ensenada,Ensenada-Maneadero,Alimentos,Carnes Frías,Surtimax,Vendedor_18,19,3760.25,20,3008.2,57155.8,Vale Despensa,Defecto de fábrica,2264.66,26.9
V00266,2024-09-24,Tijuana,Tijuana-La Mesa,Electrónica,Cargadores,Importaciones Mex,Vendedor_05,9,7907.47,15,6721.35,60492.15,Vale Despensa,Cambio de opinión,5071.6,51.0
V00267,2024-10-29,Rosarito,Rosarito-Principal,Farmacia,Bebés,Abastos del Pacífico,Vendedor_13,16,5462.01,0,5462.01,87392.16,Transferencia,Cambio de opinión,3463.91,38.3
V00268,2024-11-03,Rosarito,Rosarito-Principal,Alimentos,Carnes Frías,Mayoreo TJ,Vendedor_10,12,5506.23,25,4129.67,49556.04,Efectivo,No cumplió expectativas,3125.86,44.6
V00269,2024-08-16,San Quintín,San Quintín-Central,Farmacia,Bebés,Abastos del Pacífico,Vendedor_26,12,5252.76,5,4990.12,59881.44,Tarjeta Crédito,Cambio de opinión,2851.83,38.4
V00270,2024-07-18,Tecate,Tecate-Centro,Hogar,Muebles,Distribuidora BC,Vendedor_28,16,6937.83,0,6937.83,111005.28,Transferencia,No,4041.01,31.5
V00271,2024-11-19,Mexicali,Mexicali-Centro,Ropa,Ropa Interior,Distribuidora BC,Vendedor_16,5,3303.08,25,2477.31,12386.55,Tarjeta Crédito,No cumplió expectativas,2007.47,22.1
V00272,2024-06-11,San Quintín,San Quintín-Central,Electrónica,Cámaras,Distribuidora BC,Vendedor_05,19,2224.55,0,2224.55,42266.45,Vale Despensa,No,1242.25,32.2
V00273,2024-01-15,Tecate,Tecate-Centro,Hogar,Muebles,Importaciones Mex,Vendedor_01,12,349.92,5,332.42,3989.04,Efectivo,No,212.29,25.0
V00274,2024-03-07,San Quintín,San Quintín-Central,Alimentos,Lácteos,Logística Frontera,Vendedor_10,6,866.53,10,779.88,4679.28,Transferencia,Defecto de fábrica,547.61,38.9
V00275,2024-07-11,Ensenada,Ensenada-Maneadero,Farmacia,Higiene,Abastos del Pacífico,Vendedor_01,12,2774.73,25,2081.05,24972.6,Tarjeta Débito,No cumplió expectativas,1404.24,54.4
V00276,2024-09-18,Mexicali,Mexicali-Nueva,Electrónica,Celulares,Proveedor Norte SA,Vendedor_20,13,1029.14,0,1029.14,13378.82,Efectivo,No,633.43,41.1
V00277,2024-09-15,Tijuana,Tijuana-Garita,Farmacia,Vitaminas,Mayoreo TJ,Vendedor_07,4,3363.37,20,2690.7,10762.8,Efectivo,No,1766.71,41.5
V00278,2024-04-30,San Quintín,San Quintín-Central,Ferretería,Tornillería,Distribuidora BC,Vendedor_26,17,3379.66,0,3379.66,57454.22,Efectivo,Cambio de opinión,1941.39,39.4
V00279,2025-05-23,Ensenada,Ensenada-Centro,Alimentos,Cereales,Comercial Baja,Vendedor_11,18,2398.04,0,2398.04,43164.72,Tarjeta Débito,Duplicado,1080.76,41.9
V00280,2024-03-17,Tijuana,Tijuana-Zona Río,Farmacia,Termómetros,Logística Frontera,Vendedor_21,17,1235.7,0,1235.7,21006.9,Tarjeta Débito,Talla incorrecta,697.17,54.1
V00281,2025-01-03,Ensenada,Ensenada-Maneadero,Electrónica,Laptops,Abastos del Pacífico,Vendedor_24,10,6514.77,0,6514.77,65147.7,Efectivo,No,3086.37,45.3
V00282,2024-10-01,Tijuana,Tijuana-Garita,Ropa,Vestidos,Surtimax,Vendedor_27,20,2662.85,25,1997.14,39942.8,Tarjeta Crédito,Talla incorrecta,1320.02,31.0
V00283,2024-05-15,Tecate,Tecate-Centro,Hogar,Cortinas,Mayoreo TJ,Vendedor_04,4,6409.2,0,6409.2,25636.8,Transferencia,Defecto de fábrica,4344.2,34.3
V00284,2025-05-09,Rosarito,Rosarito-Principal,Ropa,Calcetines,Distribuidora BC,Vendedor_29,5,6244.36,0,6244.36,31221.8,Transferencia,No,3497.92,17.5
V00285,2024-04-07,San Quintín,San Quintín-Central,Electrónica,Tabletas,Importaciones Mex,Vendedor_16,17,7824.27,15,6650.63,113060.71,Tarjeta Crédito,No,4819.18,40.7
V00286,2025-04-25,Mexicali,Mexicali-Nueva,Ferretería,Herramientas,Mayoreo TJ,Vendedor_03,17,142.58,0,142.58,2423.86,Transferencia,No,75.59,28.2
V00287,2024-08-28,Ensenada,Ensenada-Centro,Ferretería,Plomería,Comercial Baja,Vendedor_15,13,4426.44,20,3541.15,46034.95,Vale Despensa,Talla incorrecta,2487.77,49.3
V00288,2025-02-17,Tecate,Tecate-Centro,Electrónica,Cámaras,Proveedor Norte SA,Vendedor_18,4,5974.65,0,5974.65,23898.6,Vale Despensa,No,2688.85,18.6
V00289,2025-01-07,Rosarito,Rosarito-Principal,Ferretería,Plomería,Importaciones Mex,Vendedor_28,11,5254.04,25,3940.53,43345.83,Transferencia,Defecto de fábrica,2800.37,45.7
V00290,2024-08-15,Rosarito,Rosarito-Principal,Farmacia,Bebés,Surtimax,Vendedor_12,4,5741.51,0,5741.51,22966.04,Tarjeta Crédito,Defecto de fábrica,3369.82,30.0
V00291,2024-09-17,Tijuana,Tijuana-Garita,Ropa,Gorras,Importaciones Mex,Vendedor_07,4,1166.57,20,933.26,3733.04,Efectivo,No,796.25,30.7
V00292,2024-05-06,Tecate,Tecate-Centro,Farmacia,Bebés,Comercial Baja,Vendedor_22,2,906.74,20,725.39,1450.78,Vale Despensa,No,624.79,20.4
V00293,2025-05-09,Tecate,Tecate-Centro,Ferretería,Herramientas,Mayoreo TJ,Vendedor_23,19,4448.15,20,3558.52,67611.88,Vale Despensa,No,2194.77,47.6
V00294,2024-09-11,Tijuana,Tijuana-La Mesa,Farmacia,Bebés,Abastos del Pacífico,Vendedor_11,14,4057.68,20,3246.14,45445.96,Tarjeta Crédito,Cambio de opinión,2285.33,20.3
V00295,2024-08-02,Tecate,Tecate-Centro,Farmacia,Bebés,Logística Frontera,Vendedor_22,7,5709.4,5,5423.93,37967.51,Tarjeta Crédito,No,3884.09,20.3
V00296,2025-05-06,San Quintín,San Quintín-Central,Ferretería,Adhesivos,Abastos del Pacífico,Vendedor_22,18,5697.3,15,4842.7,87168.6,Vale Despensa,No,2971.04,48.9
V00297,2024-07-23,Tijuana,Tijuana-Zona Río,Electrónica,Televisores,Mayoreo TJ,Vendedor_10,2,3077.92,0,3077.92,6155.84,Tarjeta Crédito,Cambio de opinión,1497.74,17.5
V00298,2024-08-17,Ensenada,Ensenada-Centro,Ferretería,Herramientas,Abastos del Pacífico,Vendedor_08,4,2901.53,25,2176.15,8704.6,Vale Despensa,No,1874.61,47.0
V00299,2024-02-25,Ensenada,Ensenada-Centro,Hogar,Almohadas,Logística Frontera,Vendedor_07,18,3361.7,15,2857.44,51433.92,Vale Despensa,Defecto de fábrica,2242.97,49.4
V00300,2024-10-28,Tecate,Tecate-Centro,Farmacia,Bebés,Mayoreo TJ,Vendedor_22,7,6053.11,5,5750.45,40253.15,Efectivo,No,3006.85,22.0
V00301,2024-06-13,Rosarito,Rosarito-Principal,Hogar,Muebles,Logística Frontera,Vendedor_01,5,3456.64,10,3110.98,15554.9,Tarjeta Crédito,No,1958.47,52.5
V00302,2025-01-01,Tijuana,Tijuana-Otay,Alimentos,Snacks,Surtimax,Vendedor_17,16,6200.6,10,5580.54,89288.64,Tarjeta Débito,Talla incorrecta,4273.74,35.8
V00303,2024-12-05,Rosarito,Rosarito-Principal,Hogar,Almohadas,Surtimax,Vendedor_10,7,780.97,5,741.92,5193.44,Tarjeta Débito,No,536.98,39.7
V00304,2024-11-24,Tecate,Tecate-Centro,Electrónica,Cargadores,Distribuidora BC,Vendedor_13,2,3593.05,5,3413.4,6826.8,Tarjeta Crédito,No,2102.15,26.3
V00305,2024-11-24,Rosarito,Rosarito-Principal,Ferretería,Brochas,Distribuidora BC,Vendedor_04,7,3920.1,10,3528.09,24696.63,Tarjeta Débito,No,2716.27,45.9
V00306,2024-04-16,Rosarito,Rosarito-Principal,Farmacia,Vitaminas,Abastos del Pacífico,Vendedor_21,14,1725.71,5,1639.42,22951.88,Efectivo,Duplicado,1098.8,21.2
V00307,2024-03-13,Tecate,Tecate-Centro,Electrónica,Laptops,Importaciones Mex,Vendedor_30,9,632.32,0,632.32,5690.88,Tarjeta Crédito,No,348.98,33.0
V00308,2024-01-07,Tecate,Tecate-Centro,Alimentos,Snacks,Distribuidora BC,Vendedor_25,18,3146.54,0,3146.54,56637.72,Vale Despensa,No,1451.75,48.9
V00309,2025-01-25,Ensenada,Ensenada-Centro,Alimentos,Panadería,Proveedor Norte SA,Vendedor_16,15,4872.2,10,4384.98,65774.7,Tarjeta Débito,No,2842.28,20.5
V00310,2024-05-24,Tecate,Tecate-Centro,Farmacia,Higiene,Proveedor Norte SA,Vendedor_01,1,2419.55,15,2056.62,2056.62,Vale Despensa,Talla incorrecta,1449.71,36.5
V00311,2024-07-07,Tijuana,Tijuana-Playas,Ropa,Ropa Interior,Logística Frontera,Vendedor_07,6,1733.31,0,1733.31,10399.86,Efectivo,Duplicado,858.58,47.0
V00312,2024-04-10,Tijuana,Tijuana-Zona Río,Hogar,Lámparas,Comercial Baja,Vendedor_11,9,2360.69,0,2360.69,21246.21,Tarjeta Crédito,Duplicado,1137.98,41.2
V00313,2025-04-06,Tijuana,Tijuana-Playas,Ferretería,Pinturas,Logística Frontera,Vendedor_23,16,7205.94,15,6125.05,98000.8,Vale Despensa,No,3517.21,37.7
V00314,2024-10-10,Ensenada,Ensenada-Maneadero,Ropa,Camisas,Mayoreo TJ,Vendedor_22,14,2540.06,5,2413.06,33782.84,Tarjeta Crédito,No,1700.5,33.5
V00315,2024-05-23,Ensenada,Ensenada-Maneadero,Hogar,Lámparas,Importaciones Mex,Vendedor_09,9,1447.37,0,1447.37,13026.33,Efectivo,No,914.53,50.7
V00316,2024-09-23,Rosarito,Rosarito-Principal,Ferretería,Selladores,Comercial Baja,Vendedor_21,2,6165.14,5,5856.88,11713.76,Tarjeta Débito,No,3338.14,23.9
V00317,2025-01-07,Rosarito,Rosarito-Principal,Ropa,Gorras,Proveedor Norte SA,Vendedor_22,13,4033.93,0,4033.93,52441.09,Tarjeta Débito,No,2670.44,47.3
V00318,2024-05-29,Rosarito,Rosarito-Principal,Ferretería,Tornillería,Surtimax,Vendedor_02,19,3597.45,0,3597.45,68351.55,Tarjeta Débito,No,2303.69,24.3
V00319,2025-04-25,Ensenada,Ensenada-Maneadero,Ropa,Camisas,Proveedor Norte SA,Vendedor_02,13,5365.26,15,4560.47,59286.11,Tarjeta Crédito,No,2552.82,53.7
V00320,2025-01-22,San Quintín,San Quintín-Central,Farmacia,Primeros Auxilios,Distribuidora BC,Vendedor_17,13,4650.12,0,4650.12,60451.56,Tarjeta Crédito,No,2530.05,51.3
V00321,2024-01-07,Rosarito,Rosarito-Principal,Alimentos,Conservas,Mayoreo TJ,Vendedor_15,20,3920.55,25,2940.41,58808.2,Tarjeta Débito,No,1989.67,35.6
V00322,2025-02-28,Ensenada,Ensenada-Centro,Ropa,Vestidos,Distribuidora BC,Vendedor_16,8,1300.99,0,1300.99,10407.92,Transferencia,No,741.25,38.6
V00323,2024-02-10,San Quintín,San Quintín-Central,Electrónica,Tabletas,Mayoreo TJ,Vendedor_02,5,393.0,0,393.0,1965.0,Tarjeta Débito,No,202.22,22.2
V00324,2025-04-27,Tecate,Tecate-Centro,Farmacia,Primeros Auxilios,Mayoreo TJ,Vendedor_08,15,7580.67,5,7201.64,108024.6,Transferencia,No,4549.99,46.8
V00325,2024-03-11,Mexicali,Mexicali-Nueva,Farmacia,Primeros Auxilios,Abastos del Pacífico,Vendedor_13,15,1383.39,15,1175.88,17638.2,Tarjeta Débito,Duplicado,660.07,23.1
V00326,2025-05-30,Rosarito,Rosarito-Principal,Ropa,Pantalones,Distribuidora BC,Vendedor_16,18,1460.51,0,1460.51,26289.18,Tarjeta Débito,Talla incorrecta,986.57,36.6
V00327,2025-03-15,Tijuana,Tijuana-La Mesa,Ferretería,Selladores,Comercial Baja,Vendedor_26,17,2994.5,0,2994.5,50906.5,Transferencia,Duplicado,1609.93,47.2
V00328,2024-10-17,San Quintín,San Quintín-Central,Hogar,Cobijas,Abastos del Pacífico,Vendedor_09,3,2073.42,5,1969.75,5909.25,Tarjeta Débito,No,935.87,44.7
V00329,2024-11-19,Tijuana,Tijuana-Zona Río,Ferretería,Pinturas,Surtimax,Vendedor_04,7,4182.11,20,3345.69,23419.83,Tarjeta Débito,No,2327.42,38.4
V00330,2025-02-27,Ensenada,Ensenada-Maneadero,Ferretería,Adhesivos,Comercial Baja,Vendedor_06,7,4914.45,20,3931.56,27520.92,Tarjeta Crédito,No,2898.41,34.4
V00331,2025-04-02,Ensenada,Ensenada-Maneadero,Farmacia,Anteojos,Distribuidora BC,Vendedor_07,8,5899.47,0,5899.47,47195.76,Vale Despensa,No cumplió expectativas,3245.54,28.5
V00332,2024-05-28,Rosarito,Rosarito-Principal,Ropa,Calcetines,Abastos del Pacífico,Vendedor_03,3,7718.33,0,7718.33,23154.99,Efectivo,No,3980.91,29.8
V00333,2024-10-20,Rosarito,Rosarito-Principal,Farmacia,Anteojos,Proveedor Norte SA,Vendedor_25,20,7448.95,20,5959.16,119183.2,Tarjeta Débito,No,4544.4,32.6
V00334,2024-06-22,Mexicali,Mexicali-Nueva,Ferretería,Electricidad,Surtimax,Vendedor_08,20,1598.23,5,1518.32,30366.4,Efectivo,Defecto de fábrica,1109.03,18.5
V00335,2024-01-16,Ensenada,Ensenada-Maneadero,Alimentos,Cereales,Distribuidora BC,Vendedor_18,17,3273.34,5,3109.67,52864.39,Tarjeta Crédito,Talla incorrecta,2067.23,37.4
V00336,2025-02-17,Rosarito,Rosarito-Principal,Alimentos,Panadería,Proveedor Norte SA,Vendedor_09,15,1849.05,5,1756.6,26349.0,Tarjeta Débito,No,1020.28,19.3
V00337,2024-09-13,Tijuana,Tijuana-Zona Río,Alimentos,Conservas,Abastos del Pacífico,Vendedor_19,18,7578.77,10,6820.89,122776.02,Transferencia,No,4869.3,45.3
V00338,2025-01-26,Tecate,Tecate-Centro,Ferretería,Herramientas,Importaciones Mex,Vendedor_26,3,3881.66,10,3493.49,10480.47,Tarjeta Crédito,Duplicado,2146.97,29.1
V00339,2024-12-16,Rosarito,Rosarito-Principal,Farmacia,Primeros Auxilios,Mayoreo TJ,Vendedor_16,13,2023.65,0,2023.65,26307.45,Tarjeta Crédito,Talla incorrecta,1089.5,50.8
V00340,2024-09-04,Ensenada,Ensenada-Centro,Farmacia,Cuidado Personal,Importaciones Mex,Vendedor_08,8,4017.04,5,3816.19,30529.52,Tarjeta Débito,Cambio de opinión,2646.17,48.5
V00341,2024-01-07,Ensenada,Ensenada-Centro,Electrónica,Laptops,Proveedor Norte SA,Vendedor_28,20,7365.5,25,5524.12,110482.4,Transferencia,No,3997.99,27.6
V00342,2024-08-15,Rosarito,Rosarito-Principal,Hogar,Cobijas,Mayoreo TJ,Vendedor_02,13,7875.94,10,7088.35,92148.55,Vale Despensa,No,5117.92,34.1
V00343,2024-05-03,Rosarito,Rosarito-Principal,Ferretería,Adhesivos,Comercial Baja,Vendedor_11,15,3180.05,0,3180.05,47700.75,Efectivo,No,1440.42,23.4
V00344,2024-09-26,Rosarito,Rosarito-Principal,Alimentos,Conservas,Logística Frontera,Vendedor_16,6,4921.59,10,4429.43,26576.58,Vale Despensa,Duplicado,2636.86,22.4
V00345,2025-04-06,Tecate,Tecate-Centro,Hogar,Decoración,Mayoreo TJ,Vendedor_19,9,2952.37,20,2361.9,21257.1,Tarjeta Débito,No cumplió expectativas,1929.51,43.8
V00346,2024-01-10,Mexicali,Mexicali-Nueva,Hogar,Almohadas,Abastos del Pacífico,Vendedor_16,16,1608.7,0,1608.7,25739.2,Tarjeta Débito,No cumplió expectativas,1124.31,49.0
V00347,2024-04-11,Rosarito,Rosarito-Principal,Hogar,Utensilios,Proveedor Norte SA,Vendedor_07,13,2045.24,0,2045.24,26588.12,Tarjeta Crédito,No cumplió expectativas,1164.02,40.2
V00348,2024-01-21,Tecate,Tecate-Centro,Alimentos,Conservas,Distribuidora BC,Vendedor_12,12,2914.44,10,2623.0,31476.0,Vale Despensa,No,1456.46,38.0
V00349,2024-03-21,San Quintín,San Quintín-Central,Alimentos,Conservas,Logística Frontera,Vendedor_15,15,2634.47,25,1975.85,29637.75,Tarjeta Débito,No,1757.36,40.6
V00350,2024-06-14,Ensenada,Ensenada-Maneadero,Farmacia,Anteojos,Importaciones Mex,Vendedor_11,3,6798.76,0,6798.76,20396.28,Tarjeta Crédito,No,4169.36,43.4
V00351,2025-04-06,Rosarito,Rosarito-Principal,Alimentos,Condimentos,Mayoreo TJ,Vendedor_06,19,6258.74,15,5319.93,101078.67,Efectivo,No,3012.08,24.4
V00352,2025-04-29,Ensenada,Ensenada-Centro,Ropa,Vestidos,Proveedor Norte SA,Vendedor_01,3,3206.51,0,3206.51,9619.53,Transferencia,No,1862.97,54.8
V00353,2024-08-22,Tijuana,Tijuana-Playas,Ferretería,Tornillería,Logística Frontera,Vendedor_15,10,720.27,20,576.22,5762.2,Tarjeta Débito,Duplicado,347.76,48.5
V00354,2025-04-23,Tijuana,Tijuana-Garita,Farmacia,Bebés,Logística Frontera,Vendedor_18,16,6889.93,15,5856.44,93703.04,Transferencia,No,3333.2,52.9
V00355,2024-11-13,Rosarito,Rosarito-Principal,Ferretería,Brochas,Comercial Baja,Vendedor_18,17,5066.83,20,4053.46,68908.82,Tarjeta Débito,No,3299.4,32.7
V00356,2024-05-19,Ensenada,Ensenada-Maneadero,Alimentos,Lácteos,Logística Frontera,Vendedor_16,17,2463.4,0,2463.4,41877.8,Vale Despensa,No,1113.65,51.9
V00357,2025-01-17,Tecate,Tecate-Centro,Electrónica,Cables,Abastos del Pacífico,Vendedor_29,1,6393.82,5,6074.13,6074.13,Vale Despensa,Duplicado,3575.91,25.0
V00358,2024-10-05,San Quintín,San Quintín-Central,Hogar,Cojines,Logística Frontera,Vendedor_14,8,2140.69,20,1712.55,13700.4,Tarjeta Débito,Cambio de opinión,1420.07,22.3
V00359,2025-05-18,Ensenada,Ensenada-Centro,Farmacia,Termómetros,Surtimax,Vendedor_01,20,4960.95,10,4464.85,89297.0,Tarjeta Débito,Duplicado,2293.98,36.4
V00360,2024-08-26,Mexicali,Mexicali-Centro,Alimentos,Panadería,Mayoreo TJ,Vendedor_01,1,1044.06,25,783.04,783.04,Transferencia,Talla incorrecta,526.52,31.8
V00361,2024-09-29,Tecate,Tecate-Centro,Hogar,Muebles,Distribuidora BC,Vendedor_18,2,2675.48,0,2675.48,5350.96,Transferencia,No,1325.44,50.8
V00362,2025-03-29,Ensenada,Ensenada-Maneadero,Electrónica,Laptops,Proveedor Norte SA,Vendedor_07,13,7798.06,5,7408.16,96306.08,Transferencia,Duplicado,4942.65,18.8
V00363,2024-06-11,San Quintín,San Quintín-Central,Hogar,Almohadas,Distribuidora BC,Vendedor_09,11,5467.47,10,4920.72,54127.92,Transferencia,Defecto de fábrica,3333.13,22.9
V00364,2024-06-20,Tijuana,Tijuana-Otay,Electrónica,Tabletas,Distribuidora BC,Vendedor_13,1,5081.63,15,4319.39,4319.39,Tarjeta Débito,Cambio de opinión,2298.08,16.7
V00365,2024-06-10,San Quintín,San Quintín-Central,Farmacia,Higiene,Distribuidora BC,Vendedor_22,8,3002.62,0,3002.62,24020.96,Vale Despensa,No,1605.22,53.8
V00366,2025-05-14,San Quintín,San Quintín-Central,Electrónica,Cargadores,Surtimax,Vendedor_18,5,5174.37,0,5174.37,25871.85,Tarjeta Crédito,Duplicado,3370.49,32.5
V00367,2024-02-10,Mexicali,Mexicali-Centro,Farmacia,Anteojos,Comercial Baja,Vendedor_18,9,2897.43,0,2897.43,26076.87,Tarjeta Crédito,No,1696.98,34.6
V00368,2024-06-13,Rosarito,Rosarito-Principal,Ferretería,Adhesivos,Mayoreo TJ,Vendedor_15,9,2623.26,25,1967.45,17707.05,Tarjeta Crédito,Talla incorrecta,1717.85,36.7
V00369,2025-01-07,Tecate,Tecate-Centro,Farmacia,Anteojos,Importaciones Mex,Vendedor_11,20,5882.58,0,5882.58,117651.6,Efectivo,No,3615.27,36.6
V00370,2024-10-16,Tecate,Tecate-Centro,Ferretería,Brochas,Abastos del Pacífico,Vendedor_21,20,6137.59,0,6137.59,122751.8,Tarjeta Crédito,No,2931.41,35.9
V00371,2025-05-12,Tijuana,Tijuana-Garita,Ropa,Vestidos,Distribuidora BC,Vendedor_02,4,6994.27,5,6644.56,26578.24,Vale Despensa,Duplicado,4269.57,30.5
V00372,2024-08-01,Tecate,Tecate-Centro,Electrónica,Cargadores,Distribuidora BC,Vendedor_15,1,1804.75,0,1804.75,1804.75,Efectivo,No,974.98,44.7
V00373,2024-02-11,Tecate,Tecate-Centro,Farmacia,Medicamentos,Logística Frontera,Vendedor_03,17,6597.96,10,5938.16,100948.72,Tarjeta Débito,Talla incorrecta,4553.56,18.9
V00374,2024-07-02,San Quintín,San Quintín-Central,Ferretería,Selladores,Abastos del Pacífico,Vendedor_24,19,1556.21,5,1478.4,28089.6,Efectivo,No,998.42,38.1
V00375,2025-02-15,San Quintín,San Quintín-Central,Farmacia,Anteojos,Surtimax,Vendedor_22,6,7068.45,0,7068.45,42410.7,Tarjeta Débito,No,4124.26,39.0
V00376,2024-11-27,Ensenada,Ensenada-Maneadero,Ferretería,Adhesivos,Importaciones Mex,Vendedor_19,14,6766.59,20,5413.27,75785.78,Vale Despensa,No,3406.86,45.6
V00377,2024-02-05,San Quintín,San Quintín-Central,Alimentos,Condimentos,Proveedor Norte SA,Vendedor_17,1,3607.62,20,2886.1,2886.1,Tarjeta Débito,Cambio de opinión,2519.39,27.1
V00378,2024-06-07,Ensenada,Ensenada-Centro,Ropa,Ropa Interior,Proveedor Norte SA,Vendedor_15,18,222.53,10,200.28,3605.04,Tarjeta Crédito,Talla incorrecta,108.82,25.6
V00379,2025-02-13,Rosarito,Rosarito-Principal,Ropa,Chamarras,Importaciones Mex,Vendedor_24,19,6498.04,0,6498.04,123462.76,Efectivo,No,4099.58,46.7
V00380,2025-01-25,Mexicali,Mexicali-Baja,Farmacia,Vitaminas,Proveedor Norte SA,Vendedor_30,2,4782.09,10,4303.88,8607.76,Tarjeta Crédito,Talla incorrecta,2567.9,47.7
V00381,2024-11-08,Tecate,Tecate-Centro,Ropa,Camisas,Proveedor Norte SA,Vendedor_11,2,5089.4,20,4071.52,8143.04,Vale Despensa,No,3009.0,28.1
V00382,2024-04-02,San Quintín,San Quintín-Central,Ropa,Camisas,Abastos del Pacífico,Vendedor_10,15,5405.4,20,4324.32,64864.8,Transferencia,Duplicado,2632.45,28.4
V00383,2025-03-20,Tecate,Tecate-Centro,Ferretería,Selladores,Mayoreo TJ,Vendedor_16,17,2137.34,20,1709.87,29067.79,Vale Despensa,No cumplió expectativas,1067.66,30.8
V00384,2024-11-27,Rosarito,Rosarito-Principal,Ferretería,Plomería,Distribuidora BC,Vendedor_04,14,1976.4,10,1778.76,24902.64,Transferencia,No,1098.65,28.9
V00385,2025-03-28,Ensenada,Ensenada-Maneadero,Ferretería,Herramientas,Mayoreo TJ,Vendedor_15,12,6168.97,0,6168.97,74027.64,Efectivo,No,4201.4,24.3
V00386,2024-05-31,San Quintín,San Quintín-Central,Ropa,Pantalones,Proveedor Norte SA,Vendedor_11,8,943.36,0,943.36,7546.88,Efectivo,Cambio de opinión,496.47,33.8
V00387,2025-05-09,Ensenada,Ensenada-Centro,Farmacia,Cuidado Personal,Mayoreo TJ,Vendedor_23,18,1670.22,10,1503.2,27057.6,Efectivo,No,908.85,51.2
V00388,2024-10-04,Rosarito,Rosarito-Principal,Alimentos,Lácteos,Comercial Baja,Vendedor_21,20,527.87,5,501.48,10029.6,Efectivo,Defecto de fábrica,246.33,41.4
V00389,2025-01-24,San Quintín,San Quintín-Central,Electrónica,Televisores,Distribuidora BC,Vendedor_29,8,2375.34,20,1900.27,15202.16,Tarjeta Crédito,No,1356.71,38.9
V00390,2024-09-10,Tijuana,Tijuana-Otay,Ropa,Gorras,Logística Frontera,Vendedor_11,2,4507.47,0,4507.47,9014.94,Transferencia,No,2471.67,21.3
V00391,2024-09-20,Ensenada,Ensenada-Maneadero,Alimentos,Panadería,Proveedor Norte SA,Vendedor_18,2,1927.83,10,1735.05,3470.1,Tarjeta Crédito,No,976.24,28.7
V00392,2024-09-03,Tecate,Tecate-Centro,Electrónica,Cables,Mayoreo TJ,Vendedor_14,14,4189.71,5,3980.22,55723.08,Tarjeta Crédito,No,2838.25,28.2
V00393,2024-11-12,Rosarito,Rosarito-Principal,Ropa,Vestidos,Mayoreo TJ,Vendedor_14,5,4669.19,5,4435.73,22178.65,Tarjeta Débito,No,2867.15,37.6
V00394,2024-11-22,Mexicali,Mexicali-Baja,Electrónica,Laptops,Abastos del Pacífico,Vendedor_10,1,1513.87,0,1513.87,1513.87,Transferencia,No,963.43,47.9
V00395,2024-09-30,San Quintín,San Quintín-Central,Ropa,Zapatos,Importaciones Mex,Vendedor_20,1,898.83,0,898.83,898.83,Tarjeta Débito,No,456.36,16.0
V00396,2025-01-31,Tijuana,Tijuana-La Mesa,Ropa,Gorras,Comercial Baja,Vendedor_05,6,5710.55,15,4853.97,29123.82,Tarjeta Débito,No,2845.65,16.3
V00397,2024-03-08,Tijuana,Tijuana-Playas,Hogar,Cojines,Comercial Baja,Vendedor_28,7,5951.81,5,5654.22,39579.54,Vale Despensa,No cumplió expectativas,3407.33,28.0
V00398,2025-02-07,Tecate,Tecate-Centro,Hogar,Almohadas,Proveedor Norte SA,Vendedor_17,11,6220.91,20,4976.73,54744.03,Efectivo,No,3501.77,48.1
V00399,2025-01-31,Tijuana,Tijuana-Otay,Ferretería,Selladores,Proveedor Norte SA,Vendedor_07,18,7871.45,0,7871.45,141686.1,Tarjeta Crédito,No,4407.13,50.4
V00400,2024-05-25,Ensenada,Ensenada-Maneadero,Ropa,Calcetines,Comercial Baja,Vendedor_03,17,2390.64,0,2390.64,40640.88,Vale Despensa,No,1143.43,46.1
V00401,2025-04-09,San Quintín,San Quintín-Central,Hogar,Almohadas,Importaciones Mex,Vendedor_29,6,2621.51,0,2621.51,15729.06,Transferencia,No,1238.78,28.0
V00402,2024-03-28,San Quintín,San Quintín-Central,Farmacia,Vitaminas,Abastos del Pacífico,Vendedor_24,12,774.97,25,581.23,6974.76,Vale Despensa,No,467.32,21.4
V00403,2024-05-28,Rosarito,Rosarito-Principal,Electrónica,Celulares,Proveedor Norte SA,Vendedor_14,6,7302.41,0,7302.41,43814.46,Tarjeta Crédito,No cumplió expectativas,3851.14,45.7
V00404,2024-01-04,Tecate,Tecate-Centro,Farmacia,Higiene,Logística Frontera,Vendedor_01,7,984.55,0,984.55,6891.85,Transferencia,No,565.53,34.9
V00405,2025-02-23,Tijuana,Tijuana-Zona Río,Hogar,Cojines,Distribuidora BC,Vendedor_20,15,1774.15,25,1330.61,19959.15,Vale Despensa,No,801.28,50.3
V00406,2024-05-28,Ensenada,Ensenada-Centro,Electrónica,Celulares,Logística Frontera,Vendedor_11,2,1228.64,15,1044.34,2088.68,Efectivo,Defecto de fábrica,567.95,31.7
V00407,2025-01-03,Mexicali,Mexicali-Centro,Farmacia,Primeros Auxilios,Distribuidora BC,Vendedor_25,15,4908.16,0,4908.16,73622.4,Tarjeta Crédito,Defecto de fábrica,2604.79,50.9
V00408,2024-10-08,Tijuana,Tijuana-La Mesa,Ferretería,Pinturas,Abastos del Pacífico,Vendedor_17,4,2378.02,0,2378.02,9512.08,Tarjeta Débito,No,1483.78,39.5
V00409,2024-11-20,Tijuana,Tijuana-Zona Río,Farmacia,Vitaminas,Surtimax,Vendedor_30,14,3895.12,10,3505.61,49078.54,Tarjeta Débito,Cambio de opinión,2350.99,34.9
V00410,2024-07-17,San Quintín,San Quintín-Central,Hogar,Cobijas,Distribuidora BC,Vendedor_01,10,7075.13,5,6721.37,67213.7,Transferencia,Defecto de fábrica,4290.11,19.7
V00411,2024-08-05,Mexicali,Mexicali-Nueva,Hogar,Almohadas,Importaciones Mex,Vendedor_23,18,411.66,15,349.91,6298.38,Tarjeta Crédito,Defecto de fábrica,211.43,17.7
V00412,2024-01-30,Ensenada,Ensenada-Maneadero,Electrónica,Laptops,Importaciones Mex,Vendedor_11,13,5502.39,15,4677.03,60801.39,Tarjeta Crédito,No cumplió expectativas,3744.76,34.2
V00413,2024-12-09,Tecate,Tecate-Centro,Farmacia,Higiene,Abastos del Pacífico,Vendedor_30,18,3877.89,25,2908.42,52351.56,Efectivo,No,2554.66,27.0
V00414,2024-03-08,San Quintín,San Quintín-Central,Ferretería,Herramientas,Logística Frontera,Vendedor_27,12,1705.69,15,1449.84,17398.08,Efectivo,No cumplió expectativas,912.18,30.0
V00415,2024-11-18,Rosarito,Rosarito-Principal,Ferretería,Selladores,Logística Frontera,Vendedor_14,10,1539.66,0,1539.66,15396.6,Efectivo,Defecto de fábrica,884.17,24.5
V00416,2024-07-25,Tecate,Tecate-Centro,Ropa,Chamarras,Comercial Baja,Vendedor_17,2,1441.35,15,1225.15,2450.3,Efectivo,Talla incorrecta,936.53,51.2
V00417,2024-05-26,Mexicali,Mexicali-Centro,Alimentos,Condimentos,Mayoreo TJ,Vendedor_07,11,5872.91,10,5285.62,58141.82,Efectivo,Talla incorrecta,3317.27,43.5
V00418,2025-04-23,Rosarito,Rosarito-Principal,Electrónica,Audífonos,Distribuidora BC,Vendedor_17,11,7462.08,0,7462.08,82082.88,Tarjeta Crédito,Defecto de fábrica,3399.87,45.3
V00419,2024-11-22,San Quintín,San Quintín-Central,Alimentos,Carnes Frías,Distribuidora BC,Vendedor_09,18,1580.74,10,1422.67,25608.06,Tarjeta Débito,No,773.57,19.6
V00420,2024-10-17,Rosarito,Rosarito-Principal,Ropa,Ropa Interior,Importaciones Mex,Vendedor_06,5,4417.46,10,3975.71,19878.55,Efectivo,No,2331.73,50.7
V00421,2025-01-27,Rosarito,Rosarito-Principal,Electrónica,Celulares,Distribuidora BC,Vendedor_14,4,280.49,0,280.49,1121.96,Transferencia,Defecto de fábrica,138.77,38.8
V00422,2024-03-21,Rosarito,Rosarito-Principal,Ferretería,Adhesivos,Mayoreo TJ,Vendedor_03,18,2533.9,5,2407.2,43329.6,Transferencia,No,1201.87,27.4
V00423,2024-09-21,San Quintín,San Quintín-Central,Hogar,Cojines,Abastos del Pacífico,Vendedor_06,20,7582.21,0,7582.21,151644.2,Tarjeta Crédito,No,4907.17,50.3
V00424,2025-04-17,Tecate,Tecate-Centro,Electrónica,Laptops,Logística Frontera,Vendedor_25,16,3828.91,15,3254.57,52073.12,Tarjeta Crédito,No cumplió expectativas,2301.6,20.1
V00425,2025-04-17,Tijuana,Tijuana-La Mesa,Farmacia,Vitaminas,Abastos del Pacífico,Vendedor_08,10,2640.66,0,2640.66,26406.6,Vale Despensa,No,1349.17,21.4
V00426,2024-12-16,Tecate,Tecate-Centro,Electrónica,Cargadores,Importaciones Mex,Vendedor_06,14,1705.49,20,1364.39,19101.46,Efectivo,No,1082.72,43.5
V00427,2024-06-29,Tecate,Tecate-Centro,Ferretería,Brochas,Abastos del Pacífico,Vendedor_03,15,2636.76,0,2636.76,39551.4,Vale Despensa,Cambio de opinión,1258.23,47.6
V00428,2024-01-01,Tecate,Tecate-Centro,Hogar,Muebles,Mayoreo TJ,Vendedor_15,19,769.74,0,769.74,14625.06,Vale Despensa,No cumplió expectativas,402.48,39.6
V00429,2024-12-18,Tecate,Tecate-Centro,Ropa,Ropa Interior,Proveedor Norte SA,Vendedor_20,14,2432.9,10,2189.61,30654.54,Vale Despensa,Talla incorrecta,1340.65,20.1
V00430,2024-10-15,Ensenada,Ensenada-Centro,Alimentos,Snacks,Importaciones Mex,Vendedor_14,4,56.7,15,48.2,192.8,Vale Despensa,Defecto de fábrica,31.1,27.7
V00431,2024-05-22,Tecate,Tecate-Centro,Hogar,Almohadas,Abastos del Pacífico,Vendedor_27,16,4383.69,0,4383.69,70139.04,Tarjeta Crédito,Duplicado,2893.19,21.2
V00432,2025-05-13,San Quintín,San Quintín-Central,Ropa,Camisas,Mayoreo TJ,Vendedor_03,5,620.38,0,620.38,3101.9,Tarjeta Débito,No,378.78,31.6
V00433,2025-04-05,Tecate,Tecate-Centro,Ferretería,Tornillería,Surtimax,Vendedor_08,18,3662.44,20,2929.95,52739.1,Tarjeta Débito,No,2037.02,15.3
V00434,2024-02-08,Tecate,Tecate-Centro,Farmacia,Primeros Auxilios,Comercial Baja,Vendedor_23,2,3316.16,15,2818.74,5637.48,Tarjeta Crédito,No,1586.09,34.3
V00435,2024-03-31,San Quintín,San Quintín-Central,Ropa,Chamarras,Comercial Baja,Vendedor_21,17,3746.24,0,3746.24,63686.08,Efectivo,Duplicado,2326.48,36.6
V00436,2025-04-09,Rosarito,Rosarito-Principal,Ferretería,Herramientas,Comercial Baja,Vendedor_19,16,7233.5,0,7233.5,115736.0,Tarjeta Crédito,No,4016.43,53.4
V00437,2024-09-23,Ensenada,Ensenada-Maneadero,Ropa,Camisas,Comercial Baja,Vendedor_19,19,5575.66,10,5018.09,95343.71,Tarjeta Débito,Defecto de fábrica,3307.57,41.3
V00438,2024-09-15,Ensenada,Ensenada-Centro,Alimentos,Condimentos,Logística Frontera,Vendedor_09,9,705.96,0,705.96,6353.64,Tarjeta Crédito,No cumplió expectativas,320.19,19.5
V00439,2024-09-24,Mexicali,Mexicali-Nueva,Farmacia,Higiene,Comercial Baja,Vendedor_06,6,5290.29,15,4496.75,26980.5,Vale Despensa,Duplicado,3520.71,28.7
V00440,2024-08-31,Tijuana,Tijuana-Otay,Ferretería,Tornillería,Mayoreo TJ,Vendedor_07,13,6709.03,20,5367.22,69773.86,Vale Despensa,No,4250.78,28.8
V00441,2024-11-04,San Quintín,San Quintín-Central,Electrónica,Televisores,Importaciones Mex,Vendedor_13,16,1382.42,20,1105.94,17695.04,Transferencia,No,786.11,20.8
V00442,2024-02-12,Tecate,Tecate-Centro,Alimentos,Condimentos,Surtimax,Vendedor_28,17,3086.93,15,2623.89,44606.13,Transferencia,Talla incorrecta,1860.25,41.1
V00443,2025-02-04,Ensenada,Ensenada-Maneadero,Alimentos,Panadería,Importaciones Mex,Vendedor_24,19,6428.42,10,5785.58,109926.02,Vale Despensa,No,4131.06,35.8
V00444,2025-02-25,San Quintín,San Quintín-Central,Alimentos,Snacks,Distribuidora BC,Vendedor_22,1,5398.77,0,5398.77,5398.77,Transferencia,Talla incorrecta,2903.89,44.0
V00445,2024-08-10,Ensenada,Ensenada-Centro,Electrónica,Televisores,Distribuidora BC,Vendedor_23,20,4974.21,0,4974.21,99484.2,Efectivo,No,2345.82,39.2
V00446,2025-04-09,Tecate,Tecate-Centro,Electrónica,Celulares,Abastos del Pacífico,Vendedor_23,3,2064.02,25,1548.01,4644.03,Tarjeta Crédito,Cambio de opinión,1061.6,46.2
V00447,2024-09-28,Ensenada,Ensenada-Centro,Hogar,Almohadas,Comercial Baja,Vendedor_03,9,2694.61,0,2694.61,24251.49,Transferencia,No cumplió expectativas,1872.36,23.0
V00448,2024-04-18,Tecate,Tecate-Centro,Farmacia,Termómetros,Logística Frontera,Vendedor_04,7,912.02,20,729.62,5107.34,Efectivo,No,427.04,37.9
V00449,2025-02-03,Ensenada,Ensenada-Maneadero,Electrónica,Cámaras,Mayoreo TJ,Vendedor_23,2,1233.39,0,1233.39,2466.78,Tarjeta Crédito,Cambio de opinión,833.96,38.0
V00450,2024-08-19,Rosarito,Rosarito-Principal,Hogar,Almohadas,Abastos del Pacífico,Vendedor_23,18,3261.11,0,3261.11,58699.98,Transferencia,Defecto de fábrica,1566.31,36.4
V00451,2024-12-14,Ensenada,Ensenada-Maneadero,Farmacia,Primeros Auxilios,Comercial Baja,Vendedor_25,12,3234.89,0,3234.89,38818.68,Tarjeta Crédito,Talla incorrecta,1979.58,22.1
V00452,2025-01-02,Tijuana,Tijuana-La Mesa,Farmacia,Cuidado Personal,Distribuidora BC,Vendedor_29,4,2426.02,20,1940.82,7763.28,Transferencia,No,1537.69,20.6
V00453,2024-11-11,Mexicali,Mexicali-Centro,Farmacia,Cuidado Personal,Comercial Baja,Vendedor_01,18,3939.4,0,3939.4,70909.2,Efectivo,No,2106.87,28.5
V00454,2024-06-01,San Quintín,San Quintín-Central,Hogar,Lámparas,Importaciones Mex,Vendedor_30,18,1732.84,25,1299.63,23393.34,Efectivo,No,795.75,20.7
V00455,2024-06-25,San Quintín,San Quintín-Central,Hogar,Muebles,Logística Frontera,Vendedor_27,1,1979.33,0,1979.33,1979.33,Efectivo,Defecto de fábrica,1116.43,21.8
V00456,2024-07-26,Rosarito,Rosarito-Principal,Electrónica,Laptops,Surtimax,Vendedor_26,3,4002.29,5,3802.18,11406.54,Transferencia,No,2125.45,54.0
V00457,2024-03-05,Rosarito,Rosarito-Principal,Alimentos,Carnes Frías,Logística Frontera,Vendedor_05,11,6125.61,0,6125.61,67381.71,Transferencia,Talla incorrecta,3013.88,29.8
V00458,2024-01-17,Mexicali,Mexicali-Baja,Ropa,Camisas,Distribuidora BC,Vendedor_01,6,1110.3,20,888.24,5329.44,Efectivo,No,549.44,18.6
V00459,2024-10-04,San Quintín,San Quintín-Central,Hogar,Cortinas,Comercial Baja,Vendedor_14,5,5554.25,5,5276.54,26382.7,Tarjeta Débito,No,3802.01,39.4
V00460,2024-12-22,Tijuana,Tijuana-Zona Río,Ropa,Gorras,Proveedor Norte SA,Vendedor_18,10,4915.8,0,4915.8,49158.0,Tarjeta Débito,No,2447.95,54.5
V00461,2024-02-24,Tijuana,Tijuana-Zona Río,Alimentos,Carnes Frías,Distribuidora BC,Vendedor_26,9,3740.52,5,3553.49,31981.41,Tarjeta Débito,Duplicado,2324.03,53.7
V00462,2025-01-07,Tecate,Tecate-Centro,Ropa,Vestidos,Importaciones Mex,Vendedor_14,2,5377.63,0,5377.63,10755.26,Tarjeta Crédito,Cambio de opinión,2869.36,47.2
V00463,2024-01-30,Tecate,Tecate-Centro,Electrónica,Televisores,Distribuidora BC,Vendedor_03,6,7402.65,0,7402.65,44415.9,Tarjeta Débito,No,4666.27,38.7
V00464,2024-08-21,Ensenada,Ensenada-Maneadero,Ropa,Ropa Interior,Importaciones Mex,Vendedor_24,11,1879.0,0,1879.0,20669.0,Transferencia,Talla incorrecta,1254.18,30.0
V00465,2024-08-09,Mexicali,Mexicali-Centro,Hogar,Cortinas,Comercial Baja,Vendedor_06,5,482.0,20,385.6,1928.0,Transferencia,No,261.9,33.3
V00466,2024-03-02,Mexicali,Mexicali-Nueva,Alimentos,Panadería,Mayoreo TJ,Vendedor_04,2,1657.58,0,1657.58,3315.16,Transferencia,Cambio de opinión,935.94,21.8
V00467,2024-08-23,Ensenada,Ensenada-Centro,Alimentos,Lácteos,Abastos del Pacífico,Vendedor_28,19,6326.9,0,6326.9,120211.1,Vale Despensa,Talla incorrecta,3620.91,54.8
V00468,2024-09-10,Rosarito,Rosarito-Principal,Hogar,Utensilios,Abastos del Pacífico,Vendedor_19,8,165.31,20,132.25,1058.0,Tarjeta Débito,No,111.25,38.7
V00469,2024-02-04,Mexicali,Mexicali-Nueva,Electrónica,Cables,Abastos del Pacífico,Vendedor_16,16,7842.46,0,7842.46,125479.36,Efectivo,No,4416.17,24.6
V00470,2024-10-29,Rosarito,Rosarito-Principal,Farmacia,Anteojos,Distribuidora BC,Vendedor_01,12,7601.97,0,7601.97,91223.64,Transferencia,Duplicado,4692.38,21.5
V00471,2025-01-14,Tecate,Tecate-Centro,Hogar,Cortinas,Proveedor Norte SA,Vendedor_28,6,6186.09,20,4948.87,29693.22,Efectivo,No,3378.96,42.6
V00472,2024-12-09,Rosarito,Rosarito-Principal,Alimentos,Cereales,Surtimax,Vendedor_29,3,6035.46,5,5733.69,17201.07,Efectivo,Defecto de fábrica,2883.39,29.6
V00473,2024-07-28,Rosarito,Rosarito-Principal,Alimentos,Conservas,Surtimax,Vendedor_08,18,1443.38,0,1443.38,25980.84,Vale Despensa,No cumplió expectativas,690.5,34.1
V00474,2025-03-09,Rosarito,Rosarito-Principal,Farmacia,Cuidado Personal,Proveedor Norte SA,Vendedor_03,17,2597.69,10,2337.92,39744.64,Tarjeta Crédito,Cambio de opinión,1393.16,34.4
V00475,2024-07-11,Rosarito,Rosarito-Principal,Hogar,Utensilios,Distribuidora BC,Vendedor_03,3,3643.23,15,3096.75,9290.25,Transferencia,No,2457.31,26.5
V00476,2024-06-03,Tijuana,Tijuana-Garita,Ropa,Chamarras,Proveedor Norte SA,Vendedor_10,16,940.6,0,940.6,15049.6,Transferencia,Duplicado,651.27,36.7
V00477,2024-07-12,Mexicali,Mexicali-Baja,Alimentos,Cereales,Proveedor Norte SA,Vendedor_28,10,3578.69,0,3578.69,35786.9,Tarjeta Débito,Talla incorrecta,2357.42,35.8
V00478,2025-03-31,Ensenada,Ensenada-Maneadero,Ferretería,Adhesivos,Logística Frontera,Vendedor_19,16,5263.3,15,4473.81,71580.96,Tarjeta Débito,No,3550.47,27.3
V00479,2024-12-27,Ensenada,Ensenada-Centro,Hogar,Decoración,Comercial Baja,Vendedor_06,5,7767.26,0,7767.26,38836.3,Vale Despensa,Cambio de opinión,5289.76,43.5
V00480,2024-11-20,Ensenada,Ensenada-Centro,Ropa,Vestidos,Mayoreo TJ,Vendedor_15,2,1331.97,0,1331.97,2663.94,Tarjeta Crédito,No,722.48,23.2
V00481,2025-04-04,San Quintín,San Quintín-Central,Farmacia,Bebés,Mayoreo TJ,Vendedor_18,12,7825.28,0,7825.28,93903.36,Tarjeta Crédito,No,3759.05,16.0
V00482,2025-04-30,Tecate,Tecate-Centro,Hogar,Decoración,Mayoreo TJ,Vendedor_26,10,1290.62,15,1097.03,10970.3,Vale Despensa,Cambio de opinión,815.85,51.9
V00483,2024-04-29,Ensenada,Ensenada-Centro,Farmacia,Termómetros,Proveedor Norte SA,Vendedor_13,18,7206.39,0,7206.39,129715.02,Vale Despensa,Cambio de opinión,4757.8,32.8
V00484,2024-07-19,Tijuana,Tijuana-Playas,Electrónica,Tabletas,Distribuidora BC,Vendedor_18,9,4688.28,5,4453.87,40084.83,Transferencia,Defecto de fábrica,2903.29,53.3
V00485,2025-02-11,Rosarito,Rosarito-Principal,Ropa,Gorras,Abastos del Pacífico,Vendedor_12,12,2576.17,0,2576.17,30914.04,Transferencia,No cumplió expectativas,1399.4,26.4
V00486,2025-03-29,Ensenada,Ensenada-Maneadero,Hogar,Lámparas,Mayoreo TJ,Vendedor_26,14,1764.78,25,1323.59,18530.26,Transferencia,Cambio de opinión,1115.61,31.6
V00487,2025-01-19,Rosarito,Rosarito-Principal,Ropa,Zapatos,Proveedor Norte SA,Vendedor_14,3,2460.69,15,2091.59,6274.77,Tarjeta Crédito,Talla incorrecta,1362.31,37.2
V00488,2025-05-17,San Quintín,San Quintín-Central,Ropa,Vestidos,Logística Frontera,Vendedor_27,18,6666.66,10,5999.99,107999.82,Vale Despensa,Defecto de fábrica,3506.52,37.4
V00489,2024-05-07,Tecate,Tecate-Centro,Electrónica,Televisores,Abastos del Pacífico,Vendedor_06,16,1274.49,10,1147.04,18352.64,Transferencia,Cambio de opinión,862.45,40.8
V00490,2025-01-05,Tijuana,Tijuana-Garita,Alimentos,Condimentos,Comercial Baja,Vendedor_19,20,7954.95,0,7954.95,159099.0,Transferencia,No,5306.64,40.1
V00491,2024-02-29,Tecate,Tecate-Centro,Alimentos,Snacks,Surtimax,Vendedor_15,19,6769.98,0,6769.98,128629.62,Tarjeta Débito,No cumplió expectativas,3651.36,17.1
V00492,2024-03-19,Ensenada,Ensenada-Maneadero,Farmacia,Bebés,Importaciones Mex,Vendedor_25,17,437.28,10,393.55,6690.35,Tarjeta Débito,No,280.37,39.0
V00493,2025-01-06,Mexicali,Mexicali-Nueva,Alimentos,Conservas,Surtimax,Vendedor_27,9,6623.23,10,5960.91,53648.19,Tarjeta Débito,Talla incorrecta,3001.81,35.7
V00494,2024-08-11,Ensenada,Ensenada-Maneadero,Hogar,Decoración,Importaciones Mex,Vendedor_27,4,7371.21,0,7371.21,29484.84,Tarjeta Débito,No cumplió expectativas,4782.27,37.3
V00495,2024-01-18,San Quintín,San Quintín-Central,Hogar,Cortinas,Surtimax,Vendedor_10,5,7332.45,0,7332.45,36662.25,Tarjeta Crédito,No,3554.43,32.7
V00496,2024-05-11,Rosarito,Rosarito-Principal,Ropa,Chamarras,Importaciones Mex,Vendedor_10,8,278.64,0,278.64,2229.12,Tarjeta Débito,No cumplió expectativas,140.01,54.2
V00497,2024-07-20,Tecate,Tecate-Centro,Electrónica,Televisores,Proveedor Norte SA,Vendedor_26,2,6208.8,20,4967.04,9934.08,Vale Despensa,Talla incorrecta,3714.69,33.8
V00498,2024-07-29,Ensenada,Ensenada-Centro,Electrónica,Audífonos,Importaciones Mex,Vendedor_06,4,5357.31,0,5357.31,21429.24,Tarjeta Crédito,No,2449.98,20.8
V00499,2024-03-10,San Quintín,San Quintín-Central,Ferretería,Adhesivos,Proveedor Norte SA,Vendedor_17,17,2850.02,5,2707.52,46027.84,Tarjeta Débito,Talla incorrecta,1792.53,53.6
V00500,2024-07-08,Mexicali,Mexicali-Nueva,Electrónica,Laptops,Distribuidora BC,Vendedor_06,12,7397.65,25,5548.24,66578.88,Tarjeta Crédito,No,5143.77,32.0
V00501,2025-04-22,Rosarito,Rosarito-Principal,Hogar,Lámparas,Mayoreo TJ,Vendedor_16,4,6103.21,15,5187.73,20750.92,Tarjeta Crédito,Talla incorrecta,3821.72,37.3
V00502,2024-11-15,Tijuana,Tijuana-Garita,Alimentos,Condimentos,Importaciones Mex,Vendedor_18,15,969.99,10,872.99,13094.85,Transferencia,No,506.96,49.2
V00503,2025-02-09,Mexicali,Mexicali-Centro,Hogar,Decoración,Distribuidora BC,Vendedor_04,4,1475.41,25,1106.56,4426.24,Tarjeta Débito,No,809.56,42.8
V00504,2025-02-17,Tijuana,Tijuana-Otay,Electrónica,Cargadores,Importaciones Mex,Vendedor_27,7,7802.9,15,6632.46,46427.22,Transferencia,Talla incorrecta,4925.97,26.1
V00505,2024-10-12,San Quintín,San Quintín-Central,Farmacia,Anteojos,Comercial Baja,Vendedor_04,16,2880.97,20,2304.78,36876.48,Efectivo,No cumplió expectativas,1476.99,34.9
V00506,2024-01-28,San Quintín,San Quintín-Central,Electrónica,Laptops,Abastos del Pacífico,Vendedor_20,16,5915.5,0,5915.5,94648.0,Tarjeta Crédito,No cumplió expectativas,2887.85,39.9
V00507,2025-05-24,Tijuana,Tijuana-Garita,Farmacia,Termómetros,Logística Frontera,Vendedor_18,10,6352.21,5,6034.6,60346.0,Tarjeta Crédito,No,4143.99,36.6
V00508,2025-03-29,Tijuana,Tijuana-Garita,Hogar,Lámparas,Proveedor Norte SA,Vendedor_02,13,3099.86,15,2634.88,34253.44,Tarjeta Débito,No,1826.33,49.4
V00509,2024-04-22,Ensenada,Ensenada-Centro,Hogar,Almohadas,Comercial Baja,Vendedor_22,16,1119.18,20,895.34,14325.44,Vale Despensa,No,695.4,37.9
V00510,2025-01-21,Tecate,Tecate-Centro,Ferretería,Herramientas,Surtimax,Vendedor_25,19,3161.51,25,2371.13,45051.47,Tarjeta Crédito,No,1675.98,16.1
V00511,2025-01-24,Tijuana,Tijuana-Otay,Alimentos,Conservas,Abastos del Pacífico,Vendedor_12,11,6485.95,0,6485.95,71345.45,Tarjeta Crédito,Talla incorrecta,3586.62,17.3
V00512,2024-04-27,Mexicali,Mexicali-Centro,Ropa,Chamarras,Mayoreo TJ,Vendedor_01,10,4760.63,0,4760.63,47606.3,Vale Despensa,No,2530.41,33.4
V00513,2025-01-21,Tecate,Tecate-Centro,Alimentos,Snacks,Abastos del Pacífico,Vendedor_11,11,5582.87,0,5582.87,61411.57,Vale Despensa,No,2648.69,34.5
V00514,2024-11-02,San Quintín,San Quintín-Central,Alimentos,Condimentos,Abastos del Pacífico,Vendedor_07,6,4047.01,15,3439.96,20639.76,Transferencia,No,2464.07,54.0
V00515,2025-02-15,Tijuana,Tijuana-Zona Río,Ropa,Chamarras,Distribuidora BC,Vendedor_23,19,2157.98,10,1942.18,36901.42,Vale Despensa,Duplicado,1022.2,28.5
V00516,2024-11-05,Tijuana,Tijuana-Zona Río,Ferretería,Brochas,Logística Frontera,Vendedor_14,3,3445.49,15,2928.67,8786.01,Vale Despensa,No,1820.38,31.6
V00517,2025-05-26,Ensenada,Ensenada-Maneadero,Farmacia,Higiene,Comercial Baja,Vendedor_09,19,7053.13,0,7053.13,134009.47,Vale Despensa,Duplicado,4600.29,49.1
V00518,2024-06-03,Tecate,Tecate-Centro,Ferretería,Plomería,Abastos del Pacífico,Vendedor_14,8,2945.98,0,2945.98,23567.84,Tarjeta Crédito,Cambio de opinión,1959.21,51.4
V00519,2024-08-29,San Quintín,San Quintín-Central,Hogar,Utensilios,Importaciones Mex,Vendedor_04,9,6598.5,0,6598.5,59386.5,Tarjeta Débito,No,3285.91,24.8
V00520,2024-06-12,Ensenada,Ensenada-Maneadero,Hogar,Almohadas,Mayoreo TJ,Vendedor_01,7,3405.05,0,3405.05,23835.35,Tarjeta Crédito,Cambio de opinión,2204.49,26.1
V00521,2024-02-26,Rosarito,Rosarito-Principal,Farmacia,Medicamentos,Surtimax,Vendedor_20,1,7712.11,25,5784.08,5784.08,Tarjeta Crédito,Talla incorrecta,5142.38,51.0
V00522,2024-04-24,Tecate,Tecate-Centro,Farmacia,Vitaminas,Distribuidora BC,Vendedor_17,8,3205.32,0,3205.32,25642.56,Vale Despensa,No,2203.4,52.3
V00523,2025-02-03,Ensenada,Ensenada-Maneadero,Electrónica,Tabletas,Abastos del Pacífico,Vendedor_07,11,4818.58,15,4095.79,45053.69,Tarjeta Débito,Duplicado,2297.03,23.6
V00524,2025-01-18,Ensenada,Ensenada-Maneadero,Hogar,Utensilios,Surtimax,Vendedor_18,16,6910.05,0,6910.05,110560.8,Transferencia,Talla incorrecta,3929.84,24.9
V00525,2024-02-05,Ensenada,Ensenada-Centro,Alimentos,Condimentos,Importaciones Mex,Vendedor_09,1,5739.59,10,5165.63,5165.63,Vale Despensa,Defecto de fábrica,3134.81,40.6
V00526,2025-02-01,San Quintín,San Quintín-Central,Farmacia,Vitaminas,Abastos del Pacífico,Vendedor_30,15,4302.54,5,4087.41,61311.15,Tarjeta Crédito,Defecto de fábrica,2259.79,52.5
V00527,2024-02-04,Mexicali,Mexicali-Baja,Ropa,Vestidos,Distribuidora BC,Vendedor_27,14,7331.33,15,6231.63,87242.82,Transferencia,Cambio de opinión,4162.53,31.5
V00528,2025-03-06,Ensenada,Ensenada-Maneadero,Electrónica,Celulares,Surtimax,Vendedor_15,12,5602.93,0,5602.93,67235.16,Efectivo,No,3588.64,40.7
V00529,2024-11-17,Mexicali,Mexicali-Nueva,Hogar,Cobijas,Distribuidora BC,Vendedor_04,10,74.45,5,70.73,707.3,Tarjeta Débito,No,38.15,43.5
V00530,2025-05-04,San Quintín,San Quintín-Central,Ferretería,Selladores,Logística Frontera,Vendedor_06,15,6351.51,15,5398.78,80981.7,Vale Despensa,No cumplió expectativas,4170.99,47.0
V00531,2024-08-17,Mexicali,Mexicali-Centro,Hogar,Decoración,Proveedor Norte SA,Vendedor_30,19,1496.02,20,1196.82,22739.58,Vale Despensa,Defecto de fábrica,915.23,40.1
V00532,2025-02-14,Tijuana,Tijuana-La Mesa,Ropa,Chamarras,Abastos del Pacífico,Vendedor_20,2,5625.03,0,5625.03,11250.06,Tarjeta Crédito,No,2741.15,53.3
V00533,2025-05-21,Mexicali,Mexicali-Nueva,Electrónica,Televisores,Importaciones Mex,Vendedor_23,15,5762.74,20,4610.19,69152.85,Tarjeta Débito,Talla incorrecta,2867.75,49.5
V00534,2024-08-08,Ensenada,Ensenada-Maneadero,Farmacia,Termómetros,Importaciones Mex,Vendedor_14,7,3087.48,20,2469.98,17289.86,Tarjeta Débito,Cambio de opinión,1704.69,20.8
V00535,2025-04-14,Ensenada,Ensenada-Maneadero,Ropa,Gorras,Proveedor Norte SA,Vendedor_16,19,7263.26,15,6173.77,117301.63,Tarjeta Débito,Talla incorrecta,4850.85,54.0
V00536,2024-04-07,Tecate,Tecate-Centro,Farmacia,Anteojos,Proveedor Norte SA,Vendedor_02,3,5682.2,10,5113.98,15341.94,Tarjeta Crédito,No,3879.61,33.8
V00537,2025-02-08,Ensenada,Ensenada-Centro,Electrónica,Audífonos,Mayoreo TJ,Vendedor_29,10,4061.11,20,3248.89,32488.9,Vale Despensa,No,1869.25,22.2
V00538,2024-11-20,Mexicali,Mexicali-Nueva,Hogar,Decoración,Abastos del Pacífico,Vendedor_05,3,7029.28,0,7029.28,21087.84,Tarjeta Crédito,No,3368.5,16.8
V00539,2024-09-27,Mexicali,Mexicali-Baja,Alimentos,Conservas,Surtimax,Vendedor_14,9,7413.58,10,6672.22,60049.98,Tarjeta Débito,No,3920.94,54.8
V00540,2024-08-23,Mexicali,Mexicali-Nueva,Farmacia,Termómetros,Proveedor Norte SA,Vendedor_16,2,473.12,0,473.12,946.24,Tarjeta Crédito,No cumplió expectativas,232.25,33.7
V00541,2025-05-19,Tijuana,Tijuana-La Mesa,Electrónica,Cámaras,Mayoreo TJ,Vendedor_04,15,2884.33,25,2163.25,32448.75,Tarjeta Crédito,Talla incorrecta,1365.43,49.7
V00542,2024-01-05,Mexicali,Mexicali-Centro,Farmacia,Primeros Auxilios,Mayoreo TJ,Vendedor_14,19,4527.82,5,4301.43,81727.17,Efectivo,No,2316.16,34.9
V00543,2025-01-17,Tijuana,Tijuana-Playas,Electrónica,Audífonos,Distribuidora BC,Vendedor_27,13,5466.43,0,5466.43,71063.59,Tarjeta Crédito,No,2670.04,18.2
V00544,2024-02-14,San Quintín,San Quintín-Central,Hogar,Utensilios,Comercial Baja,Vendedor_11,11,4773.92,0,4773.92,52513.12,Vale Despensa,No,2302.61,49.5
V00545,2025-02-12,San Quintín,San Quintín-Central,Alimentos,Snacks,Mayoreo TJ,Vendedor_08,3,5963.21,20,4770.57,14311.71,Transferencia,Cambio de opinión,2816.41,49.1
V00546,2024-11-01,Mexicali,Mexicali-Baja,Hogar,Utensilios,Abastos del Pacífico,Vendedor_24,4,5194.99,0,5194.99,20779.96,Tarjeta Crédito,No,3511.47,39.1
V00547,2024-10-01,Ensenada,Ensenada-Centro,Alimentos,Carnes Frías,Abastos del Pacífico,Vendedor_03,16,3942.5,20,3154.0,50464.0,Transferencia,No,2573.46,39.6
V00548,2024-06-07,Tecate,Tecate-Centro,Electrónica,Televisores,Distribuidora BC,Vendedor_10,8,4131.06,25,3098.3,24786.4,Transferencia,No,2310.66,51.3
V00549,2025-03-13,Tecate,Tecate-Centro,Ropa,Vestidos,Proveedor Norte SA,Vendedor_18,8,5490.3,10,4941.27,39530.16,Efectivo,Cambio de opinión,3729.7,35.5
V00550,2024-09-17,Rosarito,Rosarito-Principal,Hogar,Lámparas,Distribuidora BC,Vendedor_25,12,3744.02,10,3369.62,40435.44,Vale Despensa,No,1700.04,44.6
V00551,2024-11-17,Tecate,Tecate-Centro,Ropa,Calcetines,Comercial Baja,Vendedor_25,10,409.81,20,327.85,3278.5,Transferencia,No,248.33,25.6
V00552,2025-03-20,Mexicali,Mexicali-Centro,Ropa,Pantalones,Proveedor Norte SA,Vendedor_01,4,5988.88,10,5389.99,21559.96,Transferencia,No,2869.69,21.9
V00553,2025-01-04,Tecate,Tecate-Centro,Farmacia,Anteojos,Logística Frontera,Vendedor_03,10,6956.81,25,5217.61,52176.1,Tarjeta Débito,No,3365.56,22.6
V00554,2025-03-22,Tijuana,Tijuana-Otay,Electrónica,Tabletas,Importaciones Mex,Vendedor_03,8,3874.88,0,3874.88,30999.04,Tarjeta Crédito,No,2489.34,20.9
V00555,2025-04-27,Tecate,Tecate-Centro,Electrónica,Celulares,Comercial Baja,Vendedor_19,16,7224.2,25,5418.15,86690.4,Tarjeta Débito,Defecto de fábrica,3614.52,37.8
V00556,2025-05-22,Tecate,Tecate-Centro,Alimentos,Snacks,Logística Frontera,Vendedor_02,14,866.17,20,692.94,9701.16,Transferencia,No,476.32,35.5
V00557,2024-11-19,San Quintín,San Quintín-Central,Ropa,Camisas,Distribuidora BC,Vendedor_09,19,4250.06,20,3400.05,64600.95,Transferencia,No,2857.25,19.7
V00558,2025-04-25,Rosarito,Rosarito-Principal,Hogar,Almohadas,Comercial Baja,Vendedor_08,7,215.42,10,193.88,1357.16,Vale Despensa,No,108.77,51.4
V00559,2025-01-03,Ensenada,Ensenada-Maneadero,Ropa,Chamarras,Mayoreo TJ,Vendedor_20,14,5797.81,20,4638.25,64935.5,Tarjeta Débito,No,3018.42,45.0
V00560,2025-03-01,San Quintín,San Quintín-Central,Ropa,Vestidos,Logística Frontera,Vendedor_08,4,1635.9,25,1226.93,4907.72,Tarjeta Débito,No,963.88,55.0
V00561,2024-12-11,Ensenada,Ensenada-Maneadero,Alimentos,Lácteos,Distribuidora BC,Vendedor_20,3,1438.98,0,1438.98,4316.94,Tarjeta Débito,No,690.96,24.0
V00562,2024-04-16,Ensenada,Ensenada-Maneadero,Alimentos,Snacks,Comercial Baja,Vendedor_26,5,6172.25,10,5555.03,27775.15,Transferencia,Defecto de fábrica,4262.94,45.2
V00563,2024-04-17,Tijuana,Tijuana-Zona Río,Ferretería,Pinturas,Distribuidora BC,Vendedor_28,17,6597.7,0,6597.7,112160.9,Tarjeta Débito,No cumplió expectativas,4471.57,21.3
V00564,2025-01-07,Ensenada,Ensenada-Maneadero,Ferretería,Brochas,Mayoreo TJ,Vendedor_04,5,5873.79,0,5873.79,29368.95,Tarjeta Débito,No,3288.01,31.6
V00565,2024-09-29,Tijuana,Tijuana-Otay,Hogar,Decoración,Abastos del Pacífico,Vendedor_12,3,2329.73,0,2329.73,6989.19,Tarjeta Débito,No,1136.68,45.1
V00566,2025-01-05,Tecate,Tecate-Centro,Ropa,Calcetines,Comercial Baja,Vendedor_05,15,3336.6,20,2669.28,40039.2,Efectivo,Defecto de fábrica,2100.08,35.7
V00567,2024-03-03,Tijuana,Tijuana-Garita,Alimentos,Conservas,Proveedor Norte SA,Vendedor_22,14,3243.12,0,3243.12,45403.68,Tarjeta Débito,No,2191.14,17.3
V00568,2024-12-18,San Quintín,San Quintín-Central,Hogar,Almohadas,Logística Frontera,Vendedor_29,11,7091.97,10,6382.77,70210.47,Vale Despensa,Defecto de fábrica,4273.62,20.9
V00569,2025-02-18,Tecate,Tecate-Centro,Farmacia,Cuidado Personal,Logística Frontera,Vendedor_03,12,7106.26,25,5329.69,63956.28,Efectivo,Duplicado,4152.6,30.6
V00570,2024-12-14,San Quintín,San Quintín-Central,Ferretería,Electricidad,Proveedor Norte SA,Vendedor_01,17,1749.19,10,1574.27,26762.59,Vale Despensa,No cumplió expectativas,1046.24,24.7
V00571,2024-12-28,Ensenada,Ensenada-Maneadero,Ferretería,Pinturas,Proveedor Norte SA,Vendedor_25,9,5869.29,15,4988.9,44900.1,Efectivo,Talla incorrecta,3299.62,37.9
V00572,2024-11-02,Tijuana,Tijuana-La Mesa,Alimentos,Carnes Frías,Mayoreo TJ,Vendedor_23,12,6452.83,5,6130.19,73562.28,Transferencia,Cambio de opinión,3742.1,24.9
V00573,2024-03-24,Ensenada,Ensenada-Centro,Alimentos,Condimentos,Proveedor Norte SA,Vendedor_14,14,829.0,20,663.2,9284.8,Tarjeta Débito,Talla incorrecta,471.75,32.8
V00574,2025-03-26,Ensenada,Ensenada-Maneadero,Ferretería,Selladores,Abastos del Pacífico,Vendedor_27,14,6982.52,25,5236.89,73316.46,Tarjeta Débito,No,3394.11,20.1
V00575,2024-02-03,San Quintín,San Quintín-Central,Ropa,Pantalones,Surtimax,Vendedor_30,16,5571.04,25,4178.28,66852.48,Efectivo,No cumplió expectativas,3344.85,31.3
V00576,2025-01-15,Tijuana,Tijuana-Playas,Ferretería,Electricidad,Surtimax,Vendedor_10,4,370.24,0,370.24,1480.96,Tarjeta Crédito,Cambio de opinión,211.59,46.6
V00577,2024-08-08,Mexicali,Mexicali-Nueva,Hogar,Muebles,Comercial Baja,Vendedor_01,10,7497.72,10,6747.95,67479.5,Efectivo,No cumplió expectativas,4400.29,17.7
V00578,2025-05-01,Tijuana,Tijuana-La Mesa,Hogar,Utensilios,Mayoreo TJ,Vendedor_25,13,4547.82,15,3865.65,50253.45,Tarjeta Débito,No,2620.41,33.4
V00579,2024-08-26,Tecate,Tecate-Centro,Ropa,Ropa Interior,Surtimax,Vendedor_18,13,760.05,20,608.04,7904.52,Efectivo,No,524.07,50.6
V00580,2024-11-12,San Quintín,San Quintín-Central,Farmacia,Vitaminas,Distribuidora BC,Vendedor_21,19,6934.33,0,6934.33,131752.27,Vale Despensa,No,3268.07,53.2
V00581,2024-07-03,Rosarito,Rosarito-Principal,Ferretería,Plomería,Logística Frontera,Vendedor_26,4,6016.94,0,6016.94,24067.76,Tarjeta Débito,Defecto de fábrica,3076.59,43.2
V00582,2024-01-24,Rosarito,Rosarito-Principal,Electrónica,Cargadores,Abastos del Pacífico,Vendedor_06,16,3244.29,0,3244.29,51908.64,Transferencia,No,1479.44,36.1
V00583,2024-05-27,Tecate,Tecate-Centro,Electrónica,Laptops,Logística Frontera,Vendedor_25,10,7839.3,0,7839.3,78393.0,Efectivo,No cumplió expectativas,3829.94,53.1
V00584,2025-02-03,San Quintín,San Quintín-Central,Electrónica,Cargadores,Surtimax,Vendedor_05,10,1492.59,0,1492.59,14925.9,Transferencia,Talla incorrecta,1004.89,25.3
V00585,2025-01-29,Tijuana,Tijuana-Garita,Ropa,Zapatos,Logística Frontera,Vendedor_02,16,6029.46,5,5727.99,91647.84,Tarjeta Crédito,Talla incorrecta,3413.92,31.3
V00586,2024-04-13,Tecate,Tecate-Centro,Hogar,Cojines,Mayoreo TJ,Vendedor_10,9,7314.19,0,7314.19,65827.71,Vale Despensa,Duplicado,4035.14,18.4
V00587,2025-03-09,San Quintín,San Quintín-Central,Ropa,Ropa Interior,Comercial Baja,Vendedor_02,8,4346.5,0,4346.5,34772.0,Efectivo,No,2838.96,53.4
V00588,2024-09-13,Rosarito,Rosarito-Principal,Farmacia,Higiene,Surtimax,Vendedor_27,9,54.32,25,40.74,366.66,Tarjeta Débito,No,32.39,35.4
V00589,2024-05-23,Tijuana,Tijuana-Otay,Farmacia,Vitaminas,Logística Frontera,Vendedor_29,4,2440.07,20,1952.06,7808.24,Transferencia,No,1226.65,35.2
V00590,2024-09-08,Ensenada,Ensenada-Maneadero,Farmacia,Primeros Auxilios,Surtimax,Vendedor_07,9,7838.14,25,5878.61,52907.49,Transferencia,No,5406.34,28.1
V00591,2024-06-26,San Quintín,San Quintín-Central,Farmacia,Medicamentos,Comercial Baja,Vendedor_25,1,4889.85,0,4889.85,4889.85,Transferencia,No,2858.28,46.5
V00592,2024-12-27,San Quintín,San Quintín-Central,Ferretería,Herramientas,Surtimax,Vendedor_13,4,7145.95,25,5359.46,21437.84,Tarjeta Débito,No,4714.8,47.5
V00593,2024-08-14,Tijuana,Tijuana-Garita,Hogar,Decoración,Logística Frontera,Vendedor_22,1,7493.17,25,5619.88,5619.88,Tarjeta Crédito,Defecto de fábrica,3730.68,47.7
V00594,2024-02-07,San Quintín,San Quintín-Central,Farmacia,Cuidado Personal,Comercial Baja,Vendedor_29,12,1912.35,25,1434.26,17211.12,Vale Despensa,Cambio de opinión,960.52,22.8
V00595,2024-07-17,San Quintín,San Quintín-Central,Electrónica,Audífonos,Mayoreo TJ,Vendedor_03,6,4574.36,25,3430.77,20584.62,Vale Despensa,No,2205.12,17.6
V00596,2024-09-15,Ensenada,Ensenada-Centro,Ferretería,Electricidad,Comercial Baja,Vendedor_01,18,1575.22,0,1575.22,28353.96,Transferencia,No,961.26,52.7
V00597,2025-01-05,Tijuana,Tijuana-Playas,Hogar,Almohadas,Proveedor Norte SA,Vendedor_29,16,2228.58,25,1671.43,26742.88,Tarjeta Débito,No,1029.03,51.7
V00598,2024-01-26,Rosarito,Rosarito-Principal,Alimentos,Snacks,Abastos del Pacífico,Vendedor_03,3,3165.28,15,2690.49,8071.47,Tarjeta Débito,Duplicado,1580.17,28.2
V00599,2024-12-08,Tijuana,Tijuana-Garita,Electrónica,Cámaras,Importaciones Mex,Vendedor_04,19,3483.99,0,3483.99,66195.81,Transferencia,Cambio de opinión,1775.41,28.6
V00600,2025-04-02,Tijuana,Tijuana-Playas,Ferretería,Plomería,Distribuidora BC,Vendedor_03,4,7551.2,25,5663.4,22653.6,Efectivo,No,5128.61,30.1
V00601,2024-11-04,San Quintín,San Quintín-Central,Ropa,Camisas,Abastos del Pacífico,Vendedor_03,2,7356.97,25,5517.73,11035.46,Efectivo,No,4556.84,37.4
V00602,2024-01-11,Ensenada,Ensenada-Maneadero,Hogar,Lámparas,Abastos del Pacífico,Vendedor_15,8,4957.55,20,3966.04,31728.32,Transferencia,No,3321.48,39.8
V00603,2024-01-13,Ensenada,Ensenada-Centro,Hogar,Decoración,Distribuidora BC,Vendedor_19,4,4723.12,0,4723.12,18892.48,Tarjeta Débito,No,3193.27,20.0
V00604,2024-09-05,Rosarito,Rosarito-Principal,Alimentos,Cereales,Proveedor Norte SA,Vendedor_02,6,3877.12,25,2907.84,17447.04,Tarjeta Débito,No cumplió expectativas,2046.8,32.4
V00605,2024-12-17,San Quintín,San Quintín-Central,Alimentos,Lácteos,Surtimax,Vendedor_01,20,1221.9,10,1099.71,21994.2,Vale Despensa,Cambio de opinión,729.0,42.1
V00606,2024-07-25,Tijuana,Tijuana-Otay,Ferretería,Herramientas,Surtimax,Vendedor_07,7,3405.39,5,3235.12,22645.84,Transferencia,Talla incorrecta,2123.93,54.3
V00607,2024-06-15,Rosarito,Rosarito-Principal,Ferretería,Adhesivos,Comercial Baja,Vendedor_29,11,4948.02,20,3958.42,43542.62,Efectivo,Talla incorrecta,2840.08,51.8
V00608,2025-05-07,San Quintín,San Quintín-Central,Farmacia,Cuidado Personal,Abastos del Pacífico,Vendedor_07,8,3758.97,5,3571.02,28568.16,Transferencia,No,1864.68,54.6
V00609,2024-10-24,Ensenada,Ensenada-Centro,Electrónica,Cargadores,Importaciones Mex,Vendedor_21,5,288.64,0,288.64,1443.2,Vale Despensa,No,195.75,29.4
V00610,2024-12-13,Tijuana,Tijuana-Otay,Ropa,Chamarras,Importaciones Mex,Vendedor_06,6,1434.47,10,1291.02,7746.12,Tarjeta Débito,No,653.22,48.7
V00611,2024-08-03,Tijuana,Tijuana-Garita,Farmacia,Higiene,Comercial Baja,Vendedor_08,11,3062.44,0,3062.44,33686.84,Tarjeta Crédito,Cambio de opinión,1997.85,41.4
V00612,2024-07-15,Rosarito,Rosarito-Principal,Farmacia,Vitaminas,Abastos del Pacífico,Vendedor_23,7,992.02,0,992.02,6944.14,Tarjeta Crédito,No,525.26,32.2
V00613,2024-12-01,San Quintín,San Quintín-Central,Electrónica,Tabletas,Proveedor Norte SA,Vendedor_21,5,6842.76,10,6158.48,30792.4,Tarjeta Crédito,Duplicado,4572.42,49.1
V00614,2025-02-01,Rosarito,Rosarito-Principal,Ropa,Pantalones,Surtimax,Vendedor_16,6,6288.09,0,6288.09,37728.54,Vale Despensa,No,3559.48,27.9
V00615,2024-02-07,Ensenada,Ensenada-Maneadero,Farmacia,Termómetros,Importaciones Mex,Vendedor_29,19,3816.38,20,3053.1,58008.9,Tarjeta Débito,Duplicado,2148.7,24.4
V00616,2024-03-27,Mexicali,Mexicali-Baja,Hogar,Almohadas,Distribuidora BC,Vendedor_10,9,4592.39,15,3903.53,35131.77,Transferencia,No cumplió expectativas,2662.23,24.2
V00617,2025-02-22,Tijuana,Tijuana-La Mesa,Ferretería,Adhesivos,Comercial Baja,Vendedor_11,14,3437.51,25,2578.13,36093.82,Tarjeta Crédito,No,1875.48,22.2
V00618,2025-05-28,Mexicali,Mexicali-Baja,Farmacia,Vitaminas,Distribuidora BC,Vendedor_26,10,2904.79,0,2904.79,29047.9,Tarjeta Crédito,No,1980.05,18.9
V00619,2024-11-05,Tijuana,Tijuana-Playas,Electrónica,Tabletas,Importaciones Mex,Vendedor_23,9,2703.37,15,2297.86,20680.74,Vale Despensa,Cambio de opinión,1891.0,54.9
V00620,2025-02-19,San Quintín,San Quintín-Central,Electrónica,Audífonos,Proveedor Norte SA,Vendedor_16,13,2290.67,15,1947.07,25311.91,Vale Despensa,No,1597.33,53.1
V00621,2024-12-14,Tecate,Tecate-Centro,Ropa,Zapatos,Surtimax,Vendedor_28,15,3821.78,25,2866.34,42995.1,Tarjeta Débito,Talla incorrecta,2129.49,52.7
V00622,2024-05-22,Tecate,Tecate-Centro,Hogar,Cortinas,Mayoreo TJ,Vendedor_10,12,6830.91,0,6830.91,81970.92,Efectivo,No,3927.43,41.4
V00623,2024-11-02,Ensenada,Ensenada-Maneadero,Ropa,Calcetines,Proveedor Norte SA,Vendedor_19,18,3434.47,20,2747.58,49456.44,Efectivo,No,2337.28,21.1
V00624,2025-01-30,Ensenada,Ensenada-Maneadero,Hogar,Cojines,Comercial Baja,Vendedor_04,18,7592.11,0,7592.11,136657.98,Tarjeta Crédito,Duplicado,4497.4,33.1
V00625,2025-05-15,Ensenada,Ensenada-Centro,Ropa,Pantalones,Mayoreo TJ,Vendedor_07,2,5415.34,0,5415.34,10830.68,Efectivo,Defecto de fábrica,3670.71,30.4
V00626,2024-01-12,Mexicali,Mexicali-Centro,Alimentos,Bebidas,Surtimax,Vendedor_28,17,3664.58,15,3114.89,52953.13,Transferencia,No cumplió expectativas,2007.37,54.6
V00627,2024-05-13,Mexicali,Mexicali-Nueva,Hogar,Cortinas,Logística Frontera,Vendedor_14,7,5957.98,20,4766.38,33364.66,Transferencia,Duplicado,2917.59,38.0
V00628,2025-04-01,Ensenada,Ensenada-Centro,Ferretería,Brochas,Abastos del Pacífico,Vendedor_20,5,2239.76,0,2239.76,11198.8,Tarjeta Débito,Talla incorrecta,1302.34,51.4
V00629,2024-12-21,Tecate,Tecate-Centro,Hogar,Muebles,Abastos del Pacífico,Vendedor_20,15,5911.46,10,5320.31,79804.65,Tarjeta Débito,Cambio de opinión,3273.55,22.2
V00630,2024-04-07,Rosarito,Rosarito-Principal,Hogar,Almohadas,Proveedor Norte SA,Vendedor_08,19,7291.12,0,7291.12,138531.28,Tarjeta Débito,No,3780.04,40.1
V00631,2024-05-04,Ensenada,Ensenada-Centro,Farmacia,Cuidado Personal,Distribuidora BC,Vendedor_25,18,7274.45,20,5819.56,104752.08,Efectivo,No,4190.8,46.2
V00632,2024-01-28,Tecate,Tecate-Centro,Ropa,Chamarras,Comercial Baja,Vendedor_13,15,1698.61,0,1698.61,25479.15,Tarjeta Crédito,Talla incorrecta,1081.15,49.2
V00633,2025-04-20,Tecate,Tecate-Centro,Electrónica,Audífonos,Comercial Baja,Vendedor_03,11,961.73,0,961.73,10579.03,Efectivo,No,564.64,24.7
V00634,2024-04-12,Tecate,Tecate-Centro,Hogar,Utensilios,Logística Frontera,Vendedor_04,1,6740.42,0,6740.42,6740.42,Vale Despensa,No cumplió expectativas,4282.6,21.7
V00635,2024-08-09,San Quintín,San Quintín-Central,Farmacia,Primeros Auxilios,Importaciones Mex,Vendedor_15,6,1270.3,15,1079.75,6478.5,Efectivo,Defecto de fábrica,837.29,47.5
V00636,2025-01-21,San Quintín,San Quintín-Central,Hogar,Utensilios,Importaciones Mex,Vendedor_12,2,3579.69,0,3579.69,7159.38,Tarjeta Débito,Duplicado,1789.83,15.6
V00637,2024-04-08,Tijuana,Tijuana-Garita,Alimentos,Carnes Frías,Mayoreo TJ,Vendedor_02,8,5455.68,0,5455.68,43645.44,Transferencia,No cumplió expectativas,3154.07,47.6
V00638,2024-05-03,Ensenada,Ensenada-Centro,Ferretería,Plomería,Importaciones Mex,Vendedor_04,14,7477.9,20,5982.32,83752.48,Tarjeta Crédito,Duplicado,3969.58,15.6
V00639,2024-10-12,San Quintín,San Quintín-Central,Electrónica,Cables,Surtimax,Vendedor_02,3,1741.51,5,1654.43,4963.29,Efectivo,No,1169.19,31.4
V00640,2024-11-28,Rosarito,Rosarito-Principal,Electrónica,Celulares,Mayoreo TJ,Vendedor_11,20,2052.92,0,2052.92,41058.4,Tarjeta Débito,No,1249.9,50.4
V00641,2024-08-26,Ensenada,Ensenada-Maneadero,Electrónica,Cargadores,Proveedor Norte SA,Vendedor_08,13,190.31,25,142.73,1855.49,Efectivo,No,114.96,50.9
V00642,2024-05-20,Ensenada,Ensenada-Centro,Farmacia,Anteojos,Comercial Baja,Vendedor_10,2,6070.1,0,6070.1,12140.2,Tarjeta Débito,No,2961.71,23.2
V00643,2024-10-11,Tijuana,Tijuana-Otay,Farmacia,Termómetros,Proveedor Norte SA,Vendedor_17,5,5927.08,15,5038.02,25190.1,Transferencia,No,3627.44,26.5
V00644,2024-02-25,Tijuana,Tijuana-Otay,Farmacia,Bebés,Importaciones Mex,Vendedor_20,18,2774.69,5,2635.96,47447.28,Transferencia,Duplicado,1610.34,22.3
V00645,2024-05-24,San Quintín,San Quintín-Central,Electrónica,Cámaras,Mayoreo TJ,Vendedor_03,2,606.38,5,576.06,1152.12,Tarjeta Débito,Duplicado,362.71,48.2
V00646,2024-06-17,Mexicali,Mexicali-Centro,Ferretería,Pinturas,Importaciones Mex,Vendedor_14,10,3438.61,25,2578.96,25789.6,Tarjeta Débito,Duplicado,2068.2,27.1
V00647,2025-01-03,Rosarito,Rosarito-Principal,Farmacia,Cuidado Personal,Abastos del Pacífico,Vendedor_06,3,2211.29,25,1658.47,4975.41,Transferencia,No,1239.08,35.2
V00648,2024-03-26,San Quintín,San Quintín-Central,Ropa,Gorras,Mayoreo TJ,Vendedor_18,14,207.5,20,166.0,2324.0,Tarjeta Débito,Cambio de opinión,106.72,33.5
V00649,2024-07-19,Tecate,Tecate-Centro,Hogar,Cortinas,Importaciones Mex,Vendedor_01,16,621.92,0,621.92,9950.72,Efectivo,No cumplió expectativas,413.83,44.2
V00650,2025-05-16,Ensenada,Ensenada-Maneadero,Hogar,Almohadas,Distribuidora BC,Vendedor_14,13,7525.27,15,6396.48,83154.24,Efectivo,Cambio de opinión,5253.53,20.0
V00651,2025-05-15,Rosarito,Rosarito-Principal,Ropa,Calcetines,Proveedor Norte SA,Vendedor_21,17,7658.92,15,6510.08,110671.36,Transferencia,No,5220.55,44.4
V00652,2024-09-24,Mexicali,Mexicali-Baja,Electrónica,Cargadores,Comercial Baja,Vendedor_22,5,5066.07,0,5066.07,25330.35,Tarjeta Débito,No,2601.79,39.1
V00653,2024-03-23,San Quintín,San Quintín-Central,Electrónica,Laptops,Importaciones Mex,Vendedor_29,13,6179.23,20,4943.38,64263.94,Transferencia,No,3036.82,32.1
V00654,2024-04-21,San Quintín,San Quintín-Central,Ferretería,Selladores,Surtimax,Vendedor_27,3,4709.33,20,3767.46,11302.38,Tarjeta Débito,No,2435.93,23.4
V00655,2024-01-02,San Quintín,San Quintín-Central,Farmacia,Primeros Auxilios,Distribuidora BC,Vendedor_25,16,101.04,0,101.04,1616.64,Transferencia,Talla incorrecta,58.73,41.2
V00656,2025-05-13,San Quintín,San Quintín-Central,Ropa,Vestidos,Distribuidora BC,Vendedor_15,7,3028.48,0,3028.48,21199.36,Vale Despensa,No cumplió expectativas,1979.39,22.4
V00657,2024-04-21,Tijuana,Tijuana-Otay,Ropa,Chamarras,Distribuidora BC,Vendedor_10,15,7864.43,20,6291.54,94373.1,Efectivo,No cumplió expectativas,4281.65,26.1
V00658,2024-03-03,Ensenada,Ensenada-Centro,Ferretería,Plomería,Proveedor Norte SA,Vendedor_22,1,3849.28,0,3849.28,3849.28,Vale Despensa,Cambio de opinión,2491.65,16.7
V00659,2025-04-29,Mexicali,Mexicali-Nueva,Electrónica,Cables,Abastos del Pacífico,Vendedor_11,16,4843.73,10,4359.36,69749.76,Tarjeta Crédito,No,3005.36,28.7
V00660,2024-12-04,Ensenada,Ensenada-Centro,Alimentos,Cereales,Proveedor Norte SA,Vendedor_15,12,3058.56,0,3058.56,36702.72,Transferencia,Talla incorrecta,1930.88,50.5
V00661,2025-01-12,Mexicali,Mexicali-Centro,Ferretería,Pinturas,Comercial Baja,Vendedor_17,8,6958.59,10,6262.73,50101.84,Transferencia,No,4279.93,15.1
V00662,2024-08-27,San Quintín,San Quintín-Central,Electrónica,Cargadores,Comercial Baja,Vendedor_13,15,6993.8,15,5944.73,89170.95,Vale Despensa,No,4535.41,28.9
V00663,2024-02-02,Tecate,Tecate-Centro,Farmacia,Anteojos,Comercial Baja,Vendedor_26,5,2386.21,5,2266.9,11334.5,Efectivo,No cumplió expectativas,1253.56,41.9
V00664,2024-09-03,Rosarito,Rosarito-Principal,Ropa,Gorras,Importaciones Mex,Vendedor_06,18,7642.66,25,5731.99,103175.82,Efectivo,Duplicado,3640.71,54.7
V00665,2025-05-02,Tijuana,Tijuana-Otay,Alimentos,Cereales,Mayoreo TJ,Vendedor_30,9,6142.16,5,5835.05,52515.45,Vale Despensa,Talla incorrecta,3736.81,34.7
V00666,2025-03-23,San Quintín,San Quintín-Central,Ropa,Pantalones,Importaciones Mex,Vendedor_09,13,5169.69,20,4135.75,53764.75,Efectivo,Duplicado,2702.43,19.5
V00667,2025-01-24,Ensenada,Ensenada-Centro,Farmacia,Vitaminas,Proveedor Norte SA,Vendedor_10,11,4604.07,0,4604.07,50644.77,Efectivo,No,2751.0,22.6
V00668,2024-08-15,Tecate,Tecate-Centro,Alimentos,Conservas,Abastos del Pacífico,Vendedor_01,17,6390.27,0,6390.27,108634.59,Vale Despensa,Talla incorrecta,4237.33,27.6
V00669,2024-02-05,Ensenada,Ensenada-Centro,Hogar,Cortinas,Surtimax,Vendedor_10,5,1222.03,10,1099.83,5499.15,Vale Despensa,No,852.47,19.9
V00670,2024-12-07,San Quintín,San Quintín-Central,Farmacia,Cuidado Personal,Importaciones Mex,Vendedor_28,2,3985.45,20,3188.36,6376.72,Tarjeta Débito,No cumplió expectativas,2491.31,17.1
V00671,2025-02-05,Mexicali,Mexicali-Baja,Farmacia,Anteojos,Abastos del Pacífico,Vendedor_22,1,2427.86,0,2427.86,2427.86,Transferencia,No,1693.62,45.3
V00672,2025-02-07,Tecate,Tecate-Centro,Ferretería,Electricidad,Mayoreo TJ,Vendedor_11,18,2294.79,5,2180.05,39240.9,Vale Despensa,Talla incorrecta,1529.39,17.2
V00673,2024-10-25,San Quintín,San Quintín-Central,Hogar,Cobijas,Importaciones Mex,Vendedor_07,16,4638.4,25,3478.8,55660.8,Tarjeta Débito,No cumplió expectativas,2939.96,15.4
V00674,2024-02-27,San Quintín,San Quintín-Central,Farmacia,Higiene,Surtimax,Vendedor_16,6,3043.62,20,2434.9,14609.4,Tarjeta Débito,Talla incorrecta,2088.73,19.7
V00675,2024-02-04,Rosarito,Rosarito-Principal,Ferretería,Selladores,Importaciones Mex,Vendedor_13,8,7759.33,20,6207.46,49659.68,Transferencia,Talla incorrecta,4078.87,38.8
V00676,2025-01-26,Mexicali,Mexicali-Nueva,Farmacia,Anteojos,Comercial Baja,Vendedor_12,15,6218.01,0,6218.01,93270.15,Efectivo,Cambio de opinión,2984.65,18.3
V00677,2024-07-04,Tecate,Tecate-Centro,Electrónica,Cámaras,Comercial Baja,Vendedor_21,19,2226.11,0,2226.11,42296.09,Transferencia,No,1167.8,20.0
V00678,2025-05-15,Ensenada,Ensenada-Centro,Farmacia,Higiene,Distribuidora BC,Vendedor_25,13,3272.38,0,3272.38,42540.94,Tarjeta Débito,Talla incorrecta,2262.59,50.9
V00679,2024-05-05,Mexicali,Mexicali-Nueva,Farmacia,Higiene,Mayoreo TJ,Vendedor_19,11,92.33,25,69.25,761.75,Tarjeta Débito,Defecto de fábrica,56.61,18.5
V00680,2024-06-24,Ensenada,Ensenada-Centro,Electrónica,Laptops,Proveedor Norte SA,Vendedor_08,18,4073.88,15,3462.8,62330.4,Tarjeta Crédito,No,1880.26,52.8
V00681,2024-08-02,Ensenada,Ensenada-Maneadero,Ropa,Gorras,Proveedor Norte SA,Vendedor_08,20,5576.06,15,4739.65,94793.0,Efectivo,Talla incorrecta,2771.4,27.0
V00682,2025-03-08,Mexicali,Mexicali-Centro,Ferretería,Plomería,Logística Frontera,Vendedor_09,5,4754.68,10,4279.21,21396.05,Transferencia,Talla incorrecta,2911.97,21.5
V00683,2024-07-27,Tecate,Tecate-Centro,Alimentos,Cereales,Logística Frontera,Vendedor_21,18,7524.58,0,7524.58,135442.44,Tarjeta Débito,Talla incorrecta,4730.04,37.5
V00684,2024-01-27,San Quintín,San Quintín-Central,Hogar,Cobijas,Importaciones Mex,Vendedor_03,13,2565.06,20,2052.05,26676.65,Tarjeta Crédito,No,1234.19,19.4
V00685,2024-10-06,Rosarito,Rosarito-Principal,Electrónica,Cargadores,Importaciones Mex,Vendedor_09,11,5139.41,15,4368.5,48053.5,Efectivo,No cumplió expectativas,2438.58,54.2
V00686,2025-05-16,Mexicali,Mexicali-Baja,Electrónica,Laptops,Surtimax,Vendedor_23,19,1447.06,10,1302.35,24744.65,Vale Despensa,Talla incorrecta,964.25,37.1
V00687,2024-12-19,Rosarito,Rosarito-Principal,Electrónica,Celulares,Abastos del Pacífico,Vendedor_16,6,2578.07,20,2062.46,12374.76,Vale Despensa,No,1242.35,15.4
V00688,2025-01-14,Rosarito,Rosarito-Principal,Farmacia,Higiene,Abastos del Pacífico,Vendedor_23,2,1184.23,10,1065.81,2131.62,Transferencia,Duplicado,587.11,54.4
V00689,2024-03-30,Tecate,Tecate-Centro,Alimentos,Cereales,Abastos del Pacífico,Vendedor_25,10,4188.73,5,3979.29,39792.9,Tarjeta Crédito,Cambio de opinión,2770.05,40.4
V00690,2025-05-19,Tijuana,Tijuana-Otay,Electrónica,Celulares,Abastos del Pacífico,Vendedor_22,10,4623.77,0,4623.77,46237.7,Vale Despensa,Defecto de fábrica,3158.55,20.5
V00691,2024-12-19,Tecate,Tecate-Centro,Hogar,Muebles,Proveedor Norte SA,Vendedor_20,14,4949.48,0,4949.48,69292.72,Transferencia,Duplicado,3420.89,42.0
V00692,2024-12-27,Rosarito,Rosarito-Principal,Ropa,Pantalones,Abastos del Pacífico,Vendedor_16,17,2968.05,0,2968.05,50456.85,Transferencia,Defecto de fábrica,1462.12,53.8
V00693,2024-09-28,Ensenada,Ensenada-Centro,Ferretería,Pinturas,Proveedor Norte SA,Vendedor_24,10,2356.01,25,1767.01,17670.1,Vale Despensa,Duplicado,1292.05,51.9
V00694,2025-04-16,San Quintín,San Quintín-Central,Hogar,Cortinas,Logística Frontera,Vendedor_12,20,507.1,0,507.1,10142.0,Efectivo,No,228.85,50.6
V00695,2024-03-27,Mexicali,Mexicali-Baja,Alimentos,Snacks,Mayoreo TJ,Vendedor_14,7,855.64,25,641.73,4492.11,Efectivo,No,580.36,15.3
V00696,2025-03-14,San Quintín,San Quintín-Central,Ropa,Gorras,Logística Frontera,Vendedor_04,12,3193.1,10,2873.79,34485.48,Transferencia,No cumplió expectativas,1960.79,32.6
V00697,2024-07-13,Mexicali,Mexicali-Baja,Farmacia,Anteojos,Proveedor Norte SA,Vendedor_05,4,96.19,5,91.38,365.52,Transferencia,Cambio de opinión,53.41,28.2
V00698,2025-03-07,Tijuana,Tijuana-Otay,Farmacia,Cuidado Personal,Comercial Baja,Vendedor_26,4,7589.59,10,6830.63,27322.52,Tarjeta Débito,No,4031.76,45.6
V00699,2024-06-08,Tecate,Tecate-Centro,Ropa,Pantalones,Proveedor Norte SA,Vendedor_25,5,7663.54,0,7663.54,38317.7,Tarjeta Débito,No,3548.3,48.2
V00700,2025-03-15,Tecate,Tecate-Centro,Hogar,Cortinas,Mayoreo TJ,Vendedor_24,3,2351.26,25,1763.45,5290.35,Vale Despensa,Duplicado,1167.91,26.2
V00701,2025-04-30,Tijuana,Tijuana-Playas,Farmacia,Cuidado Personal,Mayoreo TJ,Vendedor_07,7,5347.33,20,4277.86,29945.02,Vale Despensa,Talla incorrecta,3247.04,20.9
V00702,2025-03-12,Tijuana,Tijuana-Otay,Hogar,Muebles,Importaciones Mex,Vendedor_03,5,2227.2,5,2115.84,10579.2,Efectivo,Defecto de fábrica,1214.02,36.0
V00703,2025-03-13,San Quintín,San Quintín-Central,Ropa,Ropa Interior,Logística Frontera,Vendedor_04,17,3437.3,0,3437.3,58434.1,Tarjeta Crédito,Defecto de fábrica,1859.22,52.7
V00704,2024-01-01,San Quintín,San Quintín-Central,Ropa,Ropa Interior,Surtimax,Vendedor_07,2,7166.09,0,7166.09,14332.18,Tarjeta Crédito,Defecto de fábrica,4070.44,51.3
V00705,2024-11-07,Tijuana,Tijuana-La Mesa,Ropa,Chamarras,Distribuidora BC,Vendedor_22,11,7589.21,15,6450.83,70959.13,Efectivo,Talla incorrecta,4710.93,45.8
V00706,2024-10-09,Mexicali,Mexicali-Baja,Alimentos,Conservas,Abastos del Pacífico,Vendedor_03,8,5956.31,15,5062.86,40502.88,Efectivo,Duplicado,2874.64,44.7
V00707,2024-03-17,Tijuana,Tijuana-Garita,Ferretería,Plomería,Surtimax,Vendedor_10,4,1583.77,25,1187.83,4751.32,Transferencia,No,1104.54,23.1
V00708,2024-12-21,San Quintín,San Quintín-Central,Electrónica,Celulares,Comercial Baja,Vendedor_21,18,1574.07,10,1416.66,25499.88,Efectivo,No,1066.77,17.7
V00709,2024-02-16,Tecate,Tecate-Centro,Ropa,Chamarras,Proveedor Norte SA,Vendedor_26,10,5588.81,0,5588.81,55888.1,Tarjeta Débito,No,3549.89,30.9
V00710,2025-02-03,San Quintín,San Quintín-Central,Ropa,Gorras,Logística Frontera,Vendedor_07,18,6018.29,20,4814.63,86663.34,Tarjeta Débito,No,2713.65,37.9
V00711,2024-08-13,Rosarito,Rosarito-Principal,Ferretería,Brochas,Logística Frontera,Vendedor_18,10,4055.35,10,3649.82,36498.2,Efectivo,Cambio de opinión,1998.38,16.8
V00712,2024-10-03,Mexicali,Mexicali-Baja,Electrónica,Celulares,Importaciones Mex,Vendedor_27,5,7539.27,10,6785.34,33926.7,Tarjeta Débito,Defecto de fábrica,4400.29,15.1
V00713,2025-02-22,Ensenada,Ensenada-Maneadero,Alimentos,Bebidas,Logística Frontera,Vendedor_11,5,7574.1,10,6816.69,34083.45,Efectivo,No,4593.61,15.4
V00714,2024-04-18,Ensenada,Ensenada-Centro,Farmacia,Primeros Auxilios,Logística Frontera,Vendedor_28,18,1455.05,0,1455.05,26190.9,Vale Despensa,No,855.16,47.7
V00715,2025-04-01,Mexicali,Mexicali-Baja,Alimentos,Carnes Frías,Abastos del Pacífico,Vendedor_12,5,4674.23,20,3739.38,18696.9,Tarjeta Débito,Duplicado,3157.64,18.7
V00716,2024-10-15,Mexicali,Mexicali-Baja,Ropa,Vestidos,Logística Frontera,Vendedor_06,6,1551.44,25,1163.58,6981.48,Tarjeta Débito,Defecto de fábrica,1015.22,42.5
V00717,2024-04-12,Mexicali,Mexicali-Centro,Ropa,Pantalones,Mayoreo TJ,Vendedor_24,13,3439.84,25,2579.88,33538.44,Efectivo,No,2066.74,30.1
V00718,2024-05-26,Tijuana,Tijuana-Garita,Electrónica,Televisores,Proveedor Norte SA,Vendedor_26,9,1100.82,0,1100.82,9907.38,Efectivo,No,758.91,19.3
V00719,2025-03-30,San Quintín,San Quintín-Central,Farmacia,Vitaminas,Logística Frontera,Vendedor_11,19,1658.46,25,1243.85,23633.15,Transferencia,No cumplió expectativas,810.37,17.2
V00720,2024-10-30,San Quintín,San Quintín-Central,Farmacia,Vitaminas,Abastos del Pacífico,Vendedor_05,4,218.6,0,218.6,874.4,Efectivo,Talla incorrecta,148.22,16.0
V00721,2024-04-25,Tecate,Tecate-Centro,Ropa,Ropa Interior,Mayoreo TJ,Vendedor_04,13,5260.15,5,4997.14,64962.82,Tarjeta Débito,No,2500.85,53.2
V00722,2024-06-03,Ensenada,Ensenada-Centro,Ferretería,Adhesivos,Abastos del Pacífico,Vendedor_17,2,990.89,0,990.89,1981.78,Tarjeta Crédito,No cumplió expectativas,594.44,42.2
V00723,2024-04-16,Mexicali,Mexicali-Nueva,Farmacia,Primeros Auxilios,Comercial Baja,Vendedor_22,12,5016.83,10,4515.15,54181.8,Tarjeta Crédito,Cambio de opinión,3427.6,47.4
V00724,2024-05-31,San Quintín,San Quintín-Central,Electrónica,Celulares,Comercial Baja,Vendedor_24,11,6233.38,0,6233.38,68567.18,Transferencia,No,4074.53,19.5
V00725,2025-01-29,Tecate,Tecate-Centro,Ropa,Pantalones,Surtimax,Vendedor_16,6,2618.27,0,2618.27,15709.62,Transferencia,No,1493.26,53.9
V00726,2025-05-19,Rosarito,Rosarito-Principal,Ropa,Zapatos,Importaciones Mex,Vendedor_13,18,3096.32,25,2322.24,41800.32,Efectivo,No,1843.06,31.9
V00727,2024-01-18,Rosarito,Rosarito-Principal,Farmacia,Vitaminas,Comercial Baja,Vendedor_05,7,1919.78,0,1919.78,13438.46,Efectivo,No,892.49,29.0
V00728,2024-08-03,Mexicali,Mexicali-Baja,Hogar,Cobijas,Proveedor Norte SA,Vendedor_24,8,6690.26,20,5352.21,42817.68,Tarjeta Débito,Duplicado,3206.7,42.8
V00729,2024-02-25,Mexicali,Mexicali-Baja,Farmacia,Medicamentos,Distribuidora BC,Vendedor_16,12,5584.17,20,4467.34,53608.08,Vale Despensa,Talla incorrecta,3728.1,16.2
V00730,2024-07-05,Ensenada,Ensenada-Centro,Electrónica,Tabletas,Mayoreo TJ,Vendedor_24,5,662.67,20,530.14,2650.7,Vale Despensa,No,413.93,27.0
V00731,2024-02-02,Tecate,Tecate-Centro,Hogar,Muebles,Mayoreo TJ,Vendedor_17,2,2329.81,0,2329.81,4659.62,Tarjeta Débito,No,1054.74,48.3
V00732,2025-03-09,San Quintín,San Quintín-Central,Ferretería,Electricidad,Logística Frontera,Vendedor_03,8,7357.24,10,6621.52,52972.16,Vale Despensa,No cumplió expectativas,4005.21,53.0
V00733,2024-03-20,San Quintín,San Quintín-Central,Hogar,Muebles,Comercial Baja,Vendedor_11,18,1790.31,0,1790.31,32225.58,Transferencia,No,1175.9,21.6
V00734,2024-12-09,Ensenada,Ensenada-Maneadero,Ropa,Chamarras,Importaciones Mex,Vendedor_10,12,911.79,0,911.79,10941.48,Tarjeta Débito,Defecto de fábrica,533.75,17.6
V00735,2024-10-02,Rosarito,Rosarito-Principal,Alimentos,Carnes Frías,Proveedor Norte SA,Vendedor_19,8,4435.95,0,4435.95,35487.6,Transferencia,Talla incorrecta,2046.84,27.6
V00736,2025-02-04,Ensenada,Ensenada-Centro,Alimentos,Panadería,Mayoreo TJ,Vendedor_23,11,7671.98,5,7288.38,80172.18,Efectivo,No,4087.86,50.9
V00737,2024-02-08,Rosarito,Rosarito-Principal,Ferretería,Tornillería,Mayoreo TJ,Vendedor_05,16,238.3,20,190.64,3050.24,Transferencia,Cambio de opinión,111.93,40.0
V00738,2024-12-15,San Quintín,San Quintín-Central,Ropa,Vestidos,Mayoreo TJ,Vendedor_11,17,6162.16,0,6162.16,104756.72,Tarjeta Crédito,No,3328.05,49.2
V00739,2025-05-24,Tecate,Tecate-Centro,Farmacia,Anteojos,Proveedor Norte SA,Vendedor_05,5,1950.93,0,1950.93,9754.65,Tarjeta Crédito,Talla incorrecta,1144.77,53.8
V00740,2024-03-10,Tijuana,Tijuana-La Mesa,Electrónica,Cámaras,Surtimax,Vendedor_12,6,2544.06,10,2289.65,13737.9,Efectivo,Cambio de opinión,1190.07,43.4
V00741,2024-05-06,Tecate,Tecate-Centro,Hogar,Utensilios,Comercial Baja,Vendedor_02,5,6117.01,25,4587.76,22938.8,Tarjeta Crédito,No,4066.29,31.0
V00742,2024-03-26,Rosarito,Rosarito-Principal,Hogar,Decoración,Comercial Baja,Vendedor_09,12,4124.21,15,3505.58,42066.96,Efectivo,No,2495.78,40.8
V00743,2025-01-19,San Quintín,San Quintín-Central,Farmacia,Medicamentos,Abastos del Pacífico,Vendedor_28,10,1278.77,0,1278.77,12787.7,Efectivo,No cumplió expectativas,646.75,50.0
V00744,2024-03-28,San Quintín,San Quintín-Central,Alimentos,Condimentos,Distribuidora BC,Vendedor_30,4,3774.49,25,2830.87,11323.48,Transferencia,No cumplió expectativas,2423.43,23.0
V00745,2025-05-02,Ensenada,Ensenada-Centro,Alimentos,Conservas,Logística Frontera,Vendedor_15,7,7971.68,25,5978.76,41851.32,Efectivo,Talla incorrecta,4673.56,52.9
V00746,2025-01-05,Mexicali,Mexicali-Nueva,Ropa,Ropa Interior,Comercial Baja,Vendedor_07,2,4567.24,20,3653.79,7307.58,Efectivo,No,2296.74,15.9
V00747,2024-03-11,San Quintín,San Quintín-Central,Alimentos,Panadería,Abastos del Pacífico,Vendedor_03,5,5103.71,0,5103.71,25518.55,Tarjeta Crédito,Cambio de opinión,3411.54,33.1
V00748,2025-03-14,Tecate,Tecate-Centro,Farmacia,Primeros Auxilios,Logística Frontera,Vendedor_06,3,1513.42,0,1513.42,4540.26,Tarjeta Débito,No,813.19,31.8
V00749,2024-07-22,Tecate,Tecate-Centro,Farmacia,Anteojos,Mayoreo TJ,Vendedor_11,1,2869.8,20,2295.84,2295.84,Tarjeta Crédito,Talla incorrecta,1301.59,50.9
V00750,2024-01-04,Mexicali,Mexicali-Baja,Alimentos,Bebidas,Mayoreo TJ,Vendedor_21,9,6346.53,20,5077.22,45694.98,Transferencia,No,3869.66,38.1
V00751,2025-01-21,Tijuana,Tijuana-Otay,Farmacia,Cuidado Personal,Surtimax,Vendedor_07,20,3390.4,0,3390.4,67808.0,Tarjeta Débito,Duplicado,2349.33,38.1
V00752,2024-05-07,Tijuana,Tijuana-Playas,Alimentos,Snacks,Comercial Baja,Vendedor_14,17,2450.46,10,2205.41,37491.97,Transferencia,No,1318.18,48.1
V00753,2024-06-15,Tecate,Tecate-Centro,Electrónica,Celulares,Abastos del Pacífico,Vendedor_13,6,3697.65,15,3143.0,18858.0,Tarjeta Crédito,No,2445.16,42.5
V00754,2024-01-17,Tecate,Tecate-Centro,Farmacia,Vitaminas,Abastos del Pacífico,Vendedor_04,3,7963.14,0,7963.14,23889.42,Transferencia,No,5076.39,40.0
V00755,2025-03-06,Rosarito,Rosarito-Principal,Farmacia,Termómetros,Importaciones Mex,Vendedor_25,10,4051.72,0,4051.72,40517.2,Transferencia,Duplicado,2381.99,19.6
V00756,2025-01-18,Tecate,Tecate-Centro,Alimentos,Condimentos,Logística Frontera,Vendedor_09,1,3332.83,20,2666.26,2666.26,Tarjeta Crédito,Duplicado,1755.9,51.1
V00757,2025-01-18,Tecate,Tecate-Centro,Electrónica,Cables,Surtimax,Vendedor_11,5,309.76,0,309.76,1548.8,Tarjeta Débito,No,213.67,54.7
V00758,2025-03-15,Mexicali,Mexicali-Nueva,Hogar,Cojines,Abastos del Pacífico,Vendedor_24,2,4949.33,20,3959.46,7918.92,Tarjeta Débito,No cumplió expectativas,2725.99,27.7
V00759,2024-05-01,Mexicali,Mexicali-Baja,Ropa,Pantalones,Abastos del Pacífico,Vendedor_27,17,5694.7,0,5694.7,96809.9,Tarjeta Crédito,No,3754.71,21.4
V00760,2024-06-05,Ensenada,Ensenada-Centro,Electrónica,Laptops,Distribuidora BC,Vendedor_19,19,253.84,0,253.84,4822.96,Transferencia,Defecto de fábrica,115.83,44.4
V00761,2024-07-17,Tecate,Tecate-Centro,Ropa,Zapatos,Importaciones Mex,Vendedor_24,10,5237.56,5,4975.68,49756.8,Transferencia,No,3365.65,41.4
V00762,2025-04-15,Ensenada,Ensenada-Centro,Ropa,Camisas,Distribuidora BC,Vendedor_04,4,5125.17,0,5125.17,20500.68,Tarjeta Débito,No,2668.24,50.8
V00763,2024-04-13,Tijuana,Tijuana-Garita,Hogar,Decoración,Proveedor Norte SA,Vendedor_14,13,7306.12,5,6940.81,90230.53,Efectivo,No,4176.39,40.0
V00764,2024-07-03,Mexicali,Mexicali-Nueva,Hogar,Almohadas,Proveedor Norte SA,Vendedor_29,6,7123.22,25,5342.41,32054.46,Tarjeta Débito,Cambio de opinión,4380.19,40.2
V00765,2024-09-17,Tijuana,Tijuana-Garita,Alimentos,Conservas,Importaciones Mex,Vendedor_20,6,3897.09,0,3897.09,23382.54,Efectivo,Talla incorrecta,2275.86,35.7
V00766,2024-05-21,Mexicali,Mexicali-Centro,Alimentos,Bebidas,Distribuidora BC,Vendedor_24,11,7193.65,0,7193.65,79130.15,Tarjeta Débito,Duplicado,3718.38,34.3
V00767,2025-02-13,Tijuana,Tijuana-Playas,Farmacia,Primeros Auxilios,Logística Frontera,Vendedor_06,14,3763.0,25,2822.25,39511.5,Tarjeta Débito,Duplicado,2339.7,50.5
V00768,2025-03-19,Ensenada,Ensenada-Maneadero,Electrónica,Audífonos,Abastos del Pacífico,Vendedor_20,16,1366.94,5,1298.59,20777.44,Tarjeta Crédito,No,893.94,39.9
V00769,2025-04-05,Rosarito,Rosarito-Principal,Hogar,Cojines,Proveedor Norte SA,Vendedor_17,3,4558.78,15,3874.96,11624.88,Tarjeta Crédito,No cumplió expectativas,2720.3,26.7
V00770,2024-07-09,San Quintín,San Quintín-Central,Hogar,Muebles,Importaciones Mex,Vendedor_03,14,961.47,15,817.25,11441.5,Tarjeta Débito,No,590.57,29.9
V00771,2025-04-21,Ensenada,Ensenada-Centro,Electrónica,Cargadores,Surtimax,Vendedor_29,7,5521.92,15,4693.63,32855.41,Tarjeta Débito,No,3260.2,30.4
V00772,2024-03-17,Rosarito,Rosarito-Principal,Ferretería,Plomería,Abastos del Pacífico,Vendedor_22,20,868.22,10,781.4,15628.0,Transferencia,No,459.68,27.8
V00773,2024-05-02,Mexicali,Mexicali-Centro,Hogar,Cortinas,Comercial Baja,Vendedor_06,14,422.0,10,379.8,5317.2,Vale Despensa,Talla incorrecta,224.39,30.3
V00774,2024-10-18,Rosarito,Rosarito-Principal,Alimentos,Snacks,Abastos del Pacífico,Vendedor_02,15,5167.15,0,5167.15,77507.25,Vale Despensa,No cumplió expectativas,3511.12,16.6
V00775,2024-10-08,San Quintín,San Quintín-Central,Electrónica,Cámaras,Surtimax,Vendedor_13,10,806.2,20,644.96,6449.6,Efectivo,No,474.94,27.5
V00776,2024-05-04,Rosarito,Rosarito-Principal,Hogar,Utensilios,Distribuidora BC,Vendedor_01,16,5586.83,25,4190.12,67041.92,Tarjeta Débito,No,2580.88,15.4
V00777,2025-01-12,Tijuana,Tijuana-Playas,Farmacia,Anteojos,Proveedor Norte SA,Vendedor_30,7,1849.41,0,1849.41,12945.87,Efectivo,No,952.3,46.4
V00778,2024-06-23,Tijuana,Tijuana-Garita,Alimentos,Bebidas,Comercial Baja,Vendedor_04,9,2146.63,20,1717.3,15455.7,Tarjeta Débito,No cumplió expectativas,1137.36,20.9
V00779,2025-05-04,Rosarito,Rosarito-Principal,Farmacia,Termómetros,Logística Frontera,Vendedor_11,19,5362.47,5,5094.35,96792.65,Transferencia,No,2715.86,25.6
V00780,2024-03-17,Ensenada,Ensenada-Centro,Alimentos,Carnes Frías,Proveedor Norte SA,Vendedor_07,3,5292.87,5,5028.23,15084.69,Efectivo,No,3269.01,33.7
V00781,2025-04-09,Tecate,Tecate-Centro,Hogar,Lámparas,Distribuidora BC,Vendedor_30,10,2756.58,15,2343.09,23430.9,Tarjeta Débito,No cumplió expectativas,1391.24,29.5
V00782,2024-11-10,Tecate,Tecate-Centro,Hogar,Cojines,Distribuidora BC,Vendedor_05,6,595.68,20,476.54,2859.24,Transferencia,No,398.54,44.8
V00783,2025-04-08,Mexicali,Mexicali-Centro,Hogar,Cobijas,Logística Frontera,Vendedor_04,17,2170.72,25,1628.04,27676.68,Vale Despensa,No,1022.45,32.3
V00784,2024-10-06,Mexicali,Mexicali-Baja,Ferretería,Selladores,Distribuidora BC,Vendedor_02,15,4088.02,0,4088.02,61320.3,Transferencia,No,2587.72,31.9
V00785,2025-03-19,Ensenada,Ensenada-Centro,Hogar,Cobijas,Proveedor Norte SA,Vendedor_21,17,4772.69,25,3579.52,60851.84,Tarjeta Débito,Talla incorrecta,3291.93,23.8
V00786,2024-08-19,Tijuana,Tijuana-Garita,Ferretería,Electricidad,Abastos del Pacífico,Vendedor_13,9,1948.2,0,1948.2,17533.8,Transferencia,No,926.03,44.4
V00787,2024-10-21,San Quintín,San Quintín-Central,Hogar,Cojines,Logística Frontera,Vendedor_24,12,1409.68,5,1339.2,16070.4,Efectivo,No,667.57,35.1
V00788,2024-11-18,San Quintín,San Quintín-Central,Farmacia,Primeros Auxilios,Mayoreo TJ,Vendedor_06,6,6827.88,5,6486.49,38918.94,Tarjeta Crédito,Talla incorrecta,4608.6,20.7
V00789,2024-06-23,Tijuana,Tijuana-La Mesa,Hogar,Decoración,Surtimax,Vendedor_16,3,215.57,10,194.01,582.03,Vale Despensa,Defecto de fábrica,97.06,49.9
V00790,2025-05-30,Tecate,Tecate-Centro,Electrónica,Televisores,Mayoreo TJ,Vendedor_25,8,4559.77,10,4103.79,32830.32,Efectivo,No cumplió expectativas,2165.88,47.2
V00791,2024-09-16,Ensenada,Ensenada-Maneadero,Hogar,Decoración,Comercial Baja,Vendedor_01,16,7918.86,10,7126.97,114031.52,Tarjeta Crédito,No,4159.65,28.3
V00792,2025-02-24,Rosarito,Rosarito-Principal,Electrónica,Audífonos,Mayoreo TJ,Vendedor_12,5,5501.98,0,5501.98,27509.9,Transferencia,Duplicado,2518.4,38.1
V00793,2024-04-20,San Quintín,San Quintín-Central,Alimentos,Carnes Frías,Comercial Baja,Vendedor_29,13,5967.7,5,5669.31,73701.03,Vale Despensa,Cambio de opinión,2946.48,51.4
V00794,2024-07-14,Ensenada,Ensenada-Maneadero,Hogar,Almohadas,Surtimax,Vendedor_27,10,7564.87,10,6808.38,68083.8,Vale Despensa,Defecto de fábrica,3636.74,46.8
V00795,2025-04-22,Rosarito,Rosarito-Principal,Alimentos,Bebidas,Logística Frontera,Vendedor_20,5,7757.29,25,5817.97,29089.85,Vale Despensa,No cumplió expectativas,4779.11,27.1
V00796,2024-05-06,Ensenada,Ensenada-Centro,Alimentos,Snacks,Comercial Baja,Vendedor_10,10,3658.17,5,3475.26,34752.6,Efectivo,Defecto de fábrica,2039.73,41.4
V00797,2024-06-07,Tijuana,Tijuana-Garita,Alimentos,Lácteos,Logística Frontera,Vendedor_05,17,2834.23,10,2550.81,43363.77,Tarjeta Débito,Talla incorrecta,1581.54,51.7
V00798,2025-03-08,Ensenada,Ensenada-Centro,Electrónica,Cámaras,Distribuidora BC,Vendedor_29,13,7466.83,5,7093.49,92215.37,Tarjeta Crédito,No,5077.81,38.9
V00799,2024-09-13,Mexicali,Mexicali-Nueva,Hogar,Decoración,Abastos del Pacífico,Vendedor_18,7,6444.82,0,6444.82,45113.74,Tarjeta Débito,No cumplió expectativas,3385.24,18.4
V00800,2024-05-21,Rosarito,Rosarito-Principal,Ferretería,Tornillería,Comercial Baja,Vendedor_23,4,3038.93,20,2431.14,9724.56,Tarjeta Crédito,No,1750.28,42.4
V00801,2024-01-29,Ensenada,Ensenada-Maneadero,Alimentos,Cereales,Proveedor Norte SA,Vendedor_25,15,3759.09,20,3007.27,45109.05,Transferencia,No,1774.69,20.6
V00802,2025-02-06,Ensenada,Ensenada-Centro,Ferretería,Adhesivos,Abastos del Pacífico,Vendedor_22,2,1061.84,10,955.66,1911.32,Efectivo,No cumplió expectativas,600.68,45.5
V00803,2024-04-09,Rosarito,Rosarito-Principal,Electrónica,Laptops,Comercial Baja,Vendedor_23,11,484.81,0,484.81,5332.91,Tarjeta Crédito,Cambio de opinión,322.92,19.9
V00804,2024-08-16,Rosarito,Rosarito-Principal,Farmacia,Cuidado Personal,Logística Frontera,Vendedor_21,5,4154.3,25,3115.73,15578.65,Tarjeta Crédito,No cumplió expectativas,2616.32,52.5
V00805,2024-04-09,Tecate,Tecate-Centro,Electrónica,Laptops,Importaciones Mex,Vendedor_04,17,50.28,0,50.28,854.76,Transferencia,Duplicado,22.94,35.2
V00806,2024-09-23,Tecate,Tecate-Centro,Electrónica,Audífonos,Comercial Baja,Vendedor_28,8,3266.23,0,3266.23,26129.84,Vale Despensa,No,1570.4,20.8
V00807,2025-05-06,Tijuana,Tijuana-Otay,Ropa,Zapatos,Logística Frontera,Vendedor_22,16,1407.67,5,1337.29,21396.64,Efectivo,Cambio de opinión,970.97,34.7
V00808,2025-03-02,San Quintín,San Quintín-Central,Hogar,Almohadas,Mayoreo TJ,Vendedor_01,15,5596.34,0,5596.34,83945.1,Tarjeta Crédito,No,3157.85,37.6
V00809,2024-12-29,Tijuana,Tijuana-Zona Río,Alimentos,Snacks,Comercial Baja,Vendedor_29,2,5178.62,25,3883.97,7767.94,Transferencia,No cumplió expectativas,2688.87,54.3
V00810,2024-12-26,Ensenada,Ensenada-Centro,Alimentos,Cereales,Surtimax,Vendedor_15,5,4128.71,0,4128.71,20643.55,Tarjeta Débito,No,2145.22,45.5
V00811,2024-07-03,Ensenada,Ensenada-Maneadero,Electrónica,Cámaras,Logística Frontera,Vendedor_05,20,3043.36,25,2282.52,45650.4,Tarjeta Crédito,No,1817.53,38.2
V00812,2024-04-08,Rosarito,Rosarito-Principal,Electrónica,Televisores,Comercial Baja,Vendedor_30,8,284.7,0,284.7,2277.6,Transferencia,Talla incorrecta,151.15,24.3
V00813,2024-03-06,San Quintín,San Quintín-Central,Electrónica,Celulares,Logística Frontera,Vendedor_04,14,5838.9,20,4671.12,65395.68,Efectivo,Defecto de fábrica,3863.6,17.9
V00814,2024-05-16,Ensenada,Ensenada-Centro,Ropa,Ropa Interior,Importaciones Mex,Vendedor_07,13,905.91,25,679.43,8832.59,Tarjeta Crédito,No,518.88,42.2
V00815,2024-01-25,Mexicali,Mexicali-Centro,Farmacia,Higiene,Importaciones Mex,Vendedor_02,3,3500.8,5,3325.76,9977.28,Tarjeta Débito,Talla incorrecta,2357.17,29.4
V00816,2024-07-31,Tecate,Tecate-Centro,Alimentos,Lácteos,Comercial Baja,Vendedor_17,7,5474.77,25,4106.08,28742.56,Tarjeta Crédito,No,2951.57,51.0
V00817,2024-03-21,Mexicali,Mexicali-Centro,Hogar,Almohadas,Logística Frontera,Vendedor_04,19,5022.49,0,5022.49,95427.31,Efectivo,No cumplió expectativas,2886.31,17.1
V00818,2025-02-03,Rosarito,Rosarito-Principal,Electrónica,Tabletas,Distribuidora BC,Vendedor_28,9,6579.56,10,5921.6,53294.4,Tarjeta Débito,No,4553.24,18.0
V00819,2024-04-23,Rosarito,Rosarito-Principal,Ferretería,Electricidad,Comercial Baja,Vendedor_30,18,3223.8,0,3223.8,58028.4,Tarjeta Crédito,No,1977.18,16.3
V00820,2024-07-28,Tecate,Tecate-Centro,Ropa,Ropa Interior,Surtimax,Vendedor_30,5,7109.82,0,7109.82,35549.1,Efectivo,No,3618.22,17.9
V00821,2025-05-05,Rosarito,Rosarito-Principal,Alimentos,Bebidas,Logística Frontera,Vendedor_24,18,7601.77,0,7601.77,136831.86,Efectivo,No cumplió expectativas,3618.56,34.9
V00822,2024-02-26,Mexicali,Mexicali-Nueva,Alimentos,Cereales,Importaciones Mex,Vendedor_18,1,3846.86,5,3654.52,3654.52,Vale Despensa,Defecto de fábrica,2558.45,42.3
V00823,2025-03-16,San Quintín,San Quintín-Central,Ferretería,Brochas,Mayoreo TJ,Vendedor_04,5,464.52,20,371.62,1858.1,Transferencia,No,222.74,39.6
V00824,2024-08-25,Ensenada,Ensenada-Maneadero,Ropa,Ropa Interior,Proveedor Norte SA,Vendedor_08,8,3520.37,0,3520.37,28162.96,Transferencia,Talla incorrecta,2242.01,50.5
V00825,2024-05-09,Rosarito,Rosarito-Principal,Electrónica,Tabletas,Mayoreo TJ,Vendedor_10,2,6510.34,0,6510.34,13020.68,Efectivo,No,3440.92,39.1
V00826,2024-03-19,Mexicali,Mexicali-Baja,Ropa,Calcetines,Importaciones Mex,Vendedor_16,3,3855.68,0,3855.68,11567.04,Tarjeta Crédito,Cambio de opinión,2600.31,49.4
V00827,2024-09-30,Tecate,Tecate-Centro,Alimentos,Panadería,Distribuidora BC,Vendedor_02,17,6958.32,5,6610.4,112376.8,Tarjeta Crédito,No,4697.61,43.2
V00828,2024-08-24,Rosarito,Rosarito-Principal,Alimentos,Bebidas,Importaciones Mex,Vendedor_04,17,1668.26,0,1668.26,28360.42,Tarjeta Crédito,Cambio de opinión,1053.05,46.5
V00829,2024-01-22,Tijuana,Tijuana-Otay,Farmacia,Termómetros,Proveedor Norte SA,Vendedor_09,4,5216.77,25,3912.58,15650.32,Tarjeta Crédito,No,3114.72,27.0
V00830,2025-03-30,Tijuana,Tijuana-Garita,Alimentos,Cereales,Importaciones Mex,Vendedor_07,13,3988.09,20,3190.47,41476.11,Transferencia,Defecto de fábrica,1978.52,32.2
V00831,2024-08-09,Tijuana,Tijuana-Playas,Electrónica,Cargadores,Surtimax,Vendedor_24,9,7500.93,15,6375.79,57382.11,Vale Despensa,Defecto de fábrica,4189.41,32.1
V00832,2025-04-19,San Quintín,San Quintín-Central,Electrónica,Cables,Logística Frontera,Vendedor_06,18,7622.17,10,6859.95,123479.1,Transferencia,No,4320.5,54.7
V00833,2024-09-12,Mexicali,Mexicali-Centro,Electrónica,Audífonos,Logística Frontera,Vendedor_11,3,6406.73,10,5766.06,17298.18,Vale Despensa,No,3515.05,39.6
V00834,2024-11-10,Ensenada,Ensenada-Maneadero,Farmacia,Primeros Auxilios,Surtimax,Vendedor_27,4,6270.29,0,6270.29,25081.16,Tarjeta Crédito,No,4150.29,32.8
V00835,2024-08-11,Tijuana,Tijuana-La Mesa,Electrónica,Cámaras,Proveedor Norte SA,Vendedor_19,16,344.18,15,292.55,4680.8,Efectivo,No,178.67,39.4
V00836,2025-05-21,Ensenada,Ensenada-Centro,Hogar,Cobijas,Importaciones Mex,Vendedor_21,9,2101.16,10,1891.04,17019.36,Tarjeta Débito,No cumplió expectativas,1022.69,39.7
V00837,2024-11-20,Tijuana,Tijuana-Otay,Electrónica,Televisores,Importaciones Mex,Vendedor_02,19,1514.83,25,1136.12,21586.28,Tarjeta Crédito,Defecto de fábrica,1051.02,15.6
V00838,2025-03-30,Ensenada,Ensenada-Centro,Ferretería,Plomería,Distribuidora BC,Vendedor_08,17,2830.35,0,2830.35,48115.95,Tarjeta Débito,Talla incorrecta,1504.18,29.9
V00839,2024-11-30,San Quintín,San Quintín-Central,Electrónica,Cables,Surtimax,Vendedor_11,1,7013.03,0,7013.03,7013.03,Transferencia,No,4729.22,30.0
V00840,2024-01-27,Ensenada,Ensenada-Centro,Ropa,Ropa Interior,Importaciones Mex,Vendedor_26,19,404.65,0,404.65,7688.35,Tarjeta Crédito,Talla incorrecta,233.77,46.2
V00841,2025-01-25,Rosarito,Rosarito-Principal,Ropa,Calcetines,Distribuidora BC,Vendedor_30,5,6654.28,0,6654.28,33271.4,Tarjeta Débito,Talla incorrecta,3935.01,54.9
V00842,2025-04-28,San Quintín,San Quintín-Central,Ferretería,Pinturas,Comercial Baja,Vendedor_11,20,6788.38,0,6788.38,135767.6,Tarjeta Crédito,No,3385.74,38.0
V00843,2024-09-03,Mexicali,Mexicali-Baja,Ropa,Ropa Interior,Abastos del Pacífico,Vendedor_12,4,1885.58,15,1602.74,6410.96,Efectivo,No,1014.43,35.2
V00844,2024-05-08,Ensenada,Ensenada-Maneadero,Ferretería,Plomería,Importaciones Mex,Vendedor_25,8,3619.3,20,2895.44,23163.52,Transferencia,No,2238.63,41.6
V00845,2025-03-07,Rosarito,Rosarito-Principal,Alimentos,Conservas,Mayoreo TJ,Vendedor_19,14,2545.06,0,2545.06,35630.84,Transferencia,No,1547.8,45.9
V00846,2025-04-26,Mexicali,Mexicali-Baja,Electrónica,Celulares,Mayoreo TJ,Vendedor_28,18,1010.27,10,909.24,16366.32,Efectivo,Talla incorrecta,665.23,16.0
V00847,2025-02-15,Mexicali,Mexicali-Centro,Ropa,Calcetines,Importaciones Mex,Vendedor_23,5,7238.87,15,6153.04,30765.2,Tarjeta Crédito,No,3472.9,50.9
V00848,2025-02-22,Ensenada,Ensenada-Centro,Farmacia,Medicamentos,Abastos del Pacífico,Vendedor_10,15,636.33,15,540.88,8113.2,Transferencia,No,397.72,44.3
V00849,2025-01-23,San Quintín,San Quintín-Central,Ropa,Camisas,Comercial Baja,Vendedor_06,15,4768.75,15,4053.44,60801.6,Vale Despensa,No,3007.33,26.2
V00850,2024-11-26,Tijuana,Tijuana-Otay,Alimentos,Condimentos,Surtimax,Vendedor_25,10,2761.88,20,2209.5,22095.0,Tarjeta Débito,No,1901.22,16.7
V00851,2024-12-21,San Quintín,San Quintín-Central,Hogar,Utensilios,Mayoreo TJ,Vendedor_04,4,4622.35,15,3929.0,15716.0,Tarjeta Crédito,Cambio de opinión,2396.51,32.6
V00852,2024-04-08,Mexicali,Mexicali-Baja,Alimentos,Bebidas,Mayoreo TJ,Vendedor_01,5,7399.9,10,6659.91,33299.55,Vale Despensa,Duplicado,4999.63,53.4
V00853,2024-07-27,Rosarito,Rosarito-Principal,Electrónica,Cámaras,Abastos del Pacífico,Vendedor_24,12,6668.41,0,6668.41,80020.92,Transferencia,Cambio de opinión,3869.17,48.2
V00854,2024-09-26,Ensenada,Ensenada-Centro,Farmacia,Vitaminas,Mayoreo TJ,Vendedor_09,16,3583.02,20,2866.42,45862.72,Efectivo,Talla incorrecta,2479.84,47.1
V00855,2025-04-09,San Quintín,San Quintín-Central,Farmacia,Vitaminas,Distribuidora BC,Vendedor_23,9,2650.57,15,2252.98,20276.82,Tarjeta Crédito,No,1784.01,16.5
V00856,2024-09-08,Tijuana,Tijuana-Zona Río,Alimentos,Carnes Frías,Abastos del Pacífico,Vendedor_28,1,6739.38,0,6739.38,6739.38,Tarjeta Débito,No cumplió expectativas,4167.21,25.6
V00857,2024-08-07,Mexicali,Mexicali-Baja,Ropa,Gorras,Abastos del Pacífico,Vendedor_03,3,2296.67,5,2181.84,6545.52,Transferencia,Defecto de fábrica,1353.74,23.3
V00858,2025-05-10,Mexicali,Mexicali-Centro,Hogar,Utensilios,Mayoreo TJ,Vendedor_29,12,4926.36,5,4680.04,56160.48,Tarjeta Crédito,No,3252.25,50.0
V00859,2024-04-08,San Quintín,San Quintín-Central,Hogar,Almohadas,Distribuidora BC,Vendedor_29,10,4802.84,25,3602.13,36021.3,Tarjeta Crédito,Duplicado,2665.09,32.9
V00860,2024-12-21,Mexicali,Mexicali-Nueva,Hogar,Lámparas,Mayoreo TJ,Vendedor_25,4,1450.75,15,1233.14,4932.56,Transferencia,No,957.54,49.6
V00861,2024-08-08,Rosarito,Rosarito-Principal,Farmacia,Cuidado Personal,Proveedor Norte SA,Vendedor_18,17,280.25,10,252.22,4287.74,Tarjeta Crédito,No,144.44,27.7
V00862,2025-05-12,Tecate,Tecate-Centro,Hogar,Almohadas,Surtimax,Vendedor_21,9,2122.56,0,2122.56,19103.04,Efectivo,Duplicado,1118.86,31.4
V00863,2024-12-03,Rosarito,Rosarito-Principal,Ferretería,Plomería,Proveedor Norte SA,Vendedor_24,20,6247.44,0,6247.44,124948.8,Efectivo,No cumplió expectativas,4064.6,18.6
V00864,2024-07-22,San Quintín,San Quintín-Central,Alimentos,Bebidas,Abastos del Pacífico,Vendedor_28,12,5256.71,5,4993.87,59926.44,Tarjeta Débito,No cumplió expectativas,2746.88,21.5
V00865,2024-02-06,Ensenada,Ensenada-Maneadero,Hogar,Cojines,Distribuidora BC,Vendedor_17,1,4445.96,5,4223.66,4223.66,Transferencia,Defecto de fábrica,2880.25,16.7
V00866,2024-10-05,Ensenada,Ensenada-Maneadero,Electrónica,Tabletas,Abastos del Pacífico,Vendedor_21,2,5070.87,5,4817.33,9634.66,Transferencia,Talla incorrecta,2448.21,44.6
V00867,2024-01-16,Ensenada,Ensenada-Centro,Electrónica,Laptops,Mayoreo TJ,Vendedor_04,1,4060.85,20,3248.68,3248.68,Vale Despensa,No,2632.06,22.8
V00868,2024-10-07,Rosarito,Rosarito-Principal,Alimentos,Cereales,Importaciones Mex,Vendedor_04,10,4123.23,0,4123.23,41232.3,Tarjeta Crédito,No,2854.58,38.0
V00869,2024-10-12,Tecate,Tecate-Centro,Hogar,Lámparas,Logística Frontera,Vendedor_30,18,1816.91,20,1453.53,26163.54,Vale Despensa,No,1047.72,30.3
V00870,2024-08-25,Tecate,Tecate-Centro,Alimentos,Bebidas,Surtimax,Vendedor_16,13,3645.55,0,3645.55,47392.15,Vale Despensa,No,1739.79,27.4
V00871,2024-09-12,Mexicali,Mexicali-Nueva,Electrónica,Laptops,Mayoreo TJ,Vendedor_13,16,4509.04,5,4283.59,68537.44,Vale Despensa,Talla incorrecta,2973.79,35.9
V00872,2024-06-03,Rosarito,Rosarito-Principal,Electrónica,Cámaras,Surtimax,Vendedor_23,11,2053.59,10,1848.23,20330.53,Vale Despensa,Defecto de fábrica,1231.5,49.9
V00873,2024-11-25,Ensenada,Ensenada-Centro,Ferretería,Brochas,Comercial Baja,Vendedor_17,8,4387.43,15,3729.32,29834.56,Vale Despensa,No,2916.16,54.7
V00874,2024-05-04,Tijuana,Tijuana-Garita,Hogar,Lámparas,Importaciones Mex,Vendedor_15,6,3036.7,0,3036.7,18220.2,Efectivo,No cumplió expectativas,1396.17,32.0
V00875,2024-01-10,Mexicali,Mexicali-Nueva,Ferretería,Brochas,Distribuidora BC,Vendedor_14,13,1161.93,20,929.54,12084.02,Tarjeta Crédito,Cambio de opinión,732.0,50.2
V00876,2024-10-24,Ensenada,Ensenada-Maneadero,Ferretería,Adhesivos,Importaciones Mex,Vendedor_26,5,4532.29,0,4532.29,22661.45,Vale Despensa,No,3118.21,29.9
V00877,2024-06-17,Rosarito,Rosarito-Principal,Hogar,Cortinas,Comercial Baja,Vendedor_01,5,1724.41,15,1465.75,7328.75,Tarjeta Crédito,No,955.45,21.0
V00878,2025-04-14,Tijuana,Tijuana-Garita,Alimentos,Carnes Frías,Distribuidora BC,Vendedor_02,18,1634.18,0,1634.18,29415.24,Vale Despensa,No,926.86,21.3
V00879,2025-03-12,Ensenada,Ensenada-Centro,Alimentos,Snacks,Logística Frontera,Vendedor_12,10,7426.64,10,6683.98,66839.8,Vale Despensa,No,4766.03,52.4
V00880,2024-07-01,Rosarito,Rosarito-Principal,Electrónica,Celulares,Distribuidora BC,Vendedor_05,9,868.66,5,825.23,7427.07,Vale Despensa,Cambio de opinión,518.44,45.6
V00881,2024-08-09,Ensenada,Ensenada-Maneadero,Farmacia,Termómetros,Mayoreo TJ,Vendedor_05,8,1713.99,0,1713.99,13711.92,Tarjeta Débito,Talla incorrecta,975.03,15.0
V00882,2024-11-05,Tijuana,Tijuana-Garita,Ropa,Gorras,Distribuidora BC,Vendedor_08,11,3431.98,25,2573.99,28313.89,Vale Despensa,No,1881.79,46.0
V00883,2024-03-21,San Quintín,San Quintín-Central,Alimentos,Panadería,Importaciones Mex,Vendedor_06,17,6717.26,15,5709.67,97064.39,Tarjeta Crédito,No,4217.34,48.6
V00884,2024-07-01,Rosarito,Rosarito-Principal,Hogar,Utensilios,Surtimax,Vendedor_28,12,5498.67,20,4398.94,52787.28,Transferencia,Defecto de fábrica,3533.92,28.8
V00885,2024-07-19,Tecate,Tecate-Centro,Ferretería,Plomería,Surtimax,Vendedor_17,1,3090.54,0,3090.54,3090.54,Tarjeta Débito,No,1395.08,27.4
V00886,2025-05-05,Tijuana,Tijuana-Playas,Alimentos,Snacks,Proveedor Norte SA,Vendedor_23,9,4873.86,0,4873.86,43864.74,Tarjeta Crédito,No,2527.31,17.3
V00887,2024-06-26,Rosarito,Rosarito-Principal,Farmacia,Termómetros,Distribuidora BC,Vendedor_02,16,7977.99,25,5983.49,95735.84,Tarjeta Crédito,No,3647.61,50.8
V00888,2025-03-05,Mexicali,Mexicali-Nueva,Farmacia,Higiene,Proveedor Norte SA,Vendedor_15,3,6973.76,0,6973.76,20921.28,Efectivo,Talla incorrecta,3686.04,49.3
V00889,2025-01-10,Ensenada,Ensenada-Centro,Farmacia,Medicamentos,Proveedor Norte SA,Vendedor_22,6,2694.69,15,2290.49,13742.94,Transferencia,No,1493.11,41.7
V00890,2025-03-30,Tijuana,Tijuana-Garita,Ropa,Vestidos,Logística Frontera,Vendedor_20,6,5845.21,0,5845.21,35071.26,Tarjeta Débito,Defecto de fábrica,3636.77,31.4
V00891,2025-04-22,San Quintín,San Quintín-Central,Alimentos,Panadería,Distribuidora BC,Vendedor_19,11,4506.45,0,4506.45,49570.95,Transferencia,No,2127.23,51.7
V00892,2024-01-11,Mexicali,Mexicali-Nueva,Electrónica,Celulares,Surtimax,Vendedor_15,6,2574.14,0,2574.14,15444.84,Efectivo,Duplicado,1722.87,52.7
V00893,2024-07-01,Ensenada,Ensenada-Centro,Farmacia,Higiene,Mayoreo TJ,Vendedor_19,10,2518.37,20,2014.7,20147.0,Tarjeta Crédito,Cambio de opinión,1393.91,48.4
V00894,2024-04-04,Ensenada,Ensenada-Centro,Ropa,Chamarras,Surtimax,Vendedor_19,9,2111.87,25,1583.9,14255.1,Tarjeta Crédito,No,1134.53,40.7
V00895,2024-12-21,Tecate,Tecate-Centro,Electrónica,Cables,Importaciones Mex,Vendedor_11,14,1287.85,5,1223.46,17128.44,Vale Despensa,Cambio de opinión,757.13,44.7
V00896,2024-02-02,Ensenada,Ensenada-Centro,Ferretería,Plomería,Mayoreo TJ,Vendedor_16,9,2102.8,25,1577.1,14193.9,Tarjeta Débito,Talla incorrecta,1191.89,27.9
V00897,2024-01-09,Rosarito,Rosarito-Principal,Farmacia,Medicamentos,Abastos del Pacífico,Vendedor_16,12,2612.86,0,2612.86,31354.32,Tarjeta Crédito,No cumplió expectativas,1395.71,51.1
V00898,2025-03-25,Mexicali,Mexicali-Baja,Alimentos,Lácteos,Comercial Baja,Vendedor_19,1,3761.39,0,3761.39,3761.39,Vale Despensa,No,2345.7,44.2
V00899,2024-11-03,Tecate,Tecate-Centro,Alimentos,Conservas,Importaciones Mex,Vendedor_25,13,4827.49,25,3620.62,47068.06,Vale Despensa,Defecto de fábrica,2302.54,32.0
V00900,2024-07-22,Ensenada,Ensenada-Maneadero,Ferretería,Herramientas,Mayoreo TJ,Vendedor_05,10,1354.01,0,1354.01,13540.1,Tarjeta Crédito,No,876.24,17.2
V00901,2024-01-01,Tijuana,Tijuana-Playas,Ropa,Ropa Interior,Importaciones Mex,Vendedor_29,15,3696.77,0,3696.77,55451.55,Tarjeta Débito,No cumplió expectativas,1941.99,18.2
V00902,2025-01-18,Mexicali,Mexicali-Centro,Hogar,Lámparas,Comercial Baja,Vendedor_06,18,5806.87,0,5806.87,104523.66,Tarjeta Crédito,Defecto de fábrica,2758.14,37.0
V00903,2025-01-31,Tecate,Tecate-Centro,Hogar,Almohadas,Surtimax,Vendedor_25,4,6659.21,5,6326.25,25305.0,Tarjeta Débito,No cumplió expectativas,3662.37,28.1
V00904,2024-01-28,Ensenada,Ensenada-Maneadero,Ferretería,Selladores,Mayoreo TJ,Vendedor_25,16,4296.22,15,3651.79,58428.64,Tarjeta Débito,Duplicado,2329.77,28.6
V00905,2025-05-26,Tijuana,Tijuana-Zona Río,Ferretería,Selladores,Proveedor Norte SA,Vendedor_07,5,7320.96,5,6954.91,34774.55,Tarjeta Crédito,Duplicado,4091.32,28.6
V00906,2024-02-05,San Quintín,San Quintín-Central,Hogar,Cobijas,Abastos del Pacífico,Vendedor_06,16,2315.46,20,1852.37,29637.92,Tarjeta Débito,Cambio de opinión,1272.47,35.7
V00907,2024-01-13,Tijuana,Tijuana-La Mesa,Electrónica,Cargadores,Surtimax,Vendedor_05,13,5504.22,0,5504.22,71554.86,Vale Despensa,No cumplió expectativas,3174.52,42.5
V00908,2025-03-11,Tijuana,Tijuana-La Mesa,Farmacia,Anteojos,Distribuidora BC,Vendedor_20,10,3408.53,0,3408.53,34085.3,Transferencia,Cambio de opinión,1961.66,46.2
V00909,2025-01-27,San Quintín,San Quintín-Central,Ferretería,Adhesivos,Mayoreo TJ,Vendedor_01,14,937.79,0,937.79,13129.06,Tarjeta Crédito,Talla incorrecta,644.31,43.3
V00910,2024-02-10,Ensenada,Ensenada-Centro,Ferretería,Brochas,Comercial Baja,Vendedor_15,10,3507.36,25,2630.52,26305.2,Tarjeta Crédito,Talla incorrecta,1622.22,39.0
V00911,2024-09-30,Ensenada,Ensenada-Maneadero,Hogar,Decoración,Logística Frontera,Vendedor_12,18,5416.22,0,5416.22,97491.96,Transferencia,No cumplió expectativas,2461.02,28.0
V00912,2025-02-09,San Quintín,San Quintín-Central,Ferretería,Pinturas,Mayoreo TJ,Vendedor_03,18,2890.09,0,2890.09,52021.62,Vale Despensa,Duplicado,1368.87,44.1
V00913,2024-09-06,San Quintín,San Quintín-Central,Hogar,Utensilios,Comercial Baja,Vendedor_02,20,2795.82,25,2096.87,41937.4,Efectivo,No,1486.39,16.5
V00914,2025-02-14,Rosarito,Rosarito-Principal,Hogar,Lámparas,Mayoreo TJ,Vendedor_24,14,2735.29,10,2461.76,34464.64,Tarjeta Crédito,Defecto de fábrica,1724.32,44.7
V00915,2024-09-06,Tijuana,Tijuana-La Mesa,Electrónica,Tabletas,Surtimax,Vendedor_19,20,4588.62,10,4129.76,82595.2,Transferencia,Defecto de fábrica,2311.76,52.4
V00916,2024-10-06,Ensenada,Ensenada-Centro,Alimentos,Snacks,Abastos del Pacífico,Vendedor_07,10,4856.75,0,4856.75,48567.5,Efectivo,Defecto de fábrica,3135.09,41.3
V00917,2024-11-28,Ensenada,Ensenada-Maneadero,Hogar,Decoración,Distribuidora BC,Vendedor_20,1,822.32,5,781.2,781.2,Tarjeta Crédito,Duplicado,519.74,39.4
V00918,2024-01-13,Tecate,Tecate-Centro,Farmacia,Bebés,Surtimax,Vendedor_11,18,4354.59,25,3265.94,58786.92,Tarjeta Crédito,No,2855.12,21.1
V00919,2024-02-03,San Quintín,San Quintín-Central,Ropa,Vestidos,Distribuidora BC,Vendedor_21,13,5400.24,10,4860.22,63182.86,Transferencia,No,3187.93,28.8
V00920,2025-04-23,Mexicali,Mexicali-Nueva,Ferretería,Adhesivos,Mayoreo TJ,Vendedor_20,15,2467.06,15,2097.0,31455.0,Vale Despensa,Defecto de fábrica,1213.01,29.1
V00921,2025-01-19,Tecate,Tecate-Centro,Electrónica,Audífonos,Mayoreo TJ,Vendedor_13,8,4473.69,25,3355.27,26842.16,Vale Despensa,No,3074.34,19.9
V00922,2025-02-14,Tecate,Tecate-Centro,Ropa,Pantalones,Abastos del Pacífico,Vendedor_12,6,4587.42,0,4587.42,27524.52,Tarjeta Débito,No,2543.93,39.0
V00923,2025-02-05,Ensenada,Ensenada-Maneadero,Farmacia,Vitaminas,Abastos del Pacífico,Vendedor_16,17,5330.66,15,4531.06,77028.02,Transferencia,Duplicado,2780.32,52.0
V00924,2024-06-25,Mexicali,Mexicali-Centro,Hogar,Utensilios,Abastos del Pacífico,Vendedor_19,15,76.53,15,65.05,975.75,Transferencia,Talla incorrecta,53.08,31.4
V00925,2025-02-22,San Quintín,San Quintín-Central,Ferretería,Plomería,Surtimax,Vendedor_20,20,1151.65,0,1151.65,23033.0,Tarjeta Débito,Defecto de fábrica,566.17,40.0
V00926,2024-07-16,San Quintín,San Quintín-Central,Alimentos,Snacks,Comercial Baja,Vendedor_12,18,5956.57,20,4765.26,85774.68,Tarjeta Débito,No cumplió expectativas,2941.37,52.5
V00927,2025-04-17,Mexicali,Mexicali-Baja,Ropa,Chamarras,Importaciones Mex,Vendedor_22,7,565.26,0,565.26,3956.82,Vale Despensa,No,317.06,24.7
V00928,2024-09-07,Mexicali,Mexicali-Baja,Ferretería,Pinturas,Distribuidora BC,Vendedor_01,6,6439.31,15,5473.41,32840.46,Efectivo,No,3995.63,31.3
V00929,2024-05-03,Rosarito,Rosarito-Principal,Hogar,Lámparas,Proveedor Norte SA,Vendedor_15,18,6275.19,10,5647.67,101658.06,Transferencia,No,4122.41,17.4
V00930,2024-05-07,Tecate,Tecate-Centro,Alimentos,Cereales,Mayoreo TJ,Vendedor_28,14,5747.17,25,4310.38,60345.32,Tarjeta Crédito,Talla incorrecta,3675.23,38.2
V00931,2025-05-09,Tijuana,Tijuana-Otay,Alimentos,Cereales,Logística Frontera,Vendedor_04,8,5269.47,0,5269.47,42155.76,Tarjeta Crédito,Duplicado,3217.06,18.0
V00932,2025-04-06,San Quintín,San Quintín-Central,Ropa,Chamarras,Logística Frontera,Vendedor_20,11,2772.42,25,2079.32,22872.52,Efectivo,Cambio de opinión,1775.27,20.9
V00933,2024-06-11,Ensenada,Ensenada-Centro,Ropa,Ropa Interior,Logística Frontera,Vendedor_16,10,4530.14,10,4077.13,40771.3,Transferencia,No,2801.07,21.2
V00934,2024-01-29,San Quintín,San Quintín-Central,Ropa,Chamarras,Logística Frontera,Vendedor_05,8,6880.22,10,6192.2,49537.6,Vale Despensa,Duplicado,3116.85,29.6
V00935,2025-05-28,Rosarito,Rosarito-Principal,Hogar,Cobijas,Surtimax,Vendedor_13,19,7780.61,0,7780.61,147831.59,Transferencia,No,4762.47,49.8
V00936,2024-08-18,Tecate,Tecate-Centro,Hogar,Almohadas,Importaciones Mex,Vendedor_08,11,163.15,0,163.15,1794.65,Tarjeta Débito,Cambio de opinión,84.77,46.1
V00937,2024-08-21,Tijuana,Tijuana-Otay,Alimentos,Condimentos,Surtimax,Vendedor_22,17,3701.61,0,3701.61,62927.37,Efectivo,Duplicado,2034.49,19.0
V00938,2024-09-10,Ensenada,Ensenada-Centro,Alimentos,Bebidas,Logística Frontera,Vendedor_26,15,7764.98,0,7764.98,116474.7,Tarjeta Débito,Duplicado,4833.12,41.0
V00939,2024-10-11,Mexicali,Mexicali-Centro,Farmacia,Termómetros,Importaciones Mex,Vendedor_24,18,1460.57,10,1314.51,23661.18,Efectivo,Talla incorrecta,988.13,20.3
V00940,2024-04-10,Ensenada,Ensenada-Centro,Ropa,Zapatos,Proveedor Norte SA,Vendedor_11,15,1989.33,25,1492.0,22380.0,Efectivo,No,992.89,19.7
V00941,2025-05-13,Tijuana,Tijuana-La Mesa,Ropa,Pantalones,Proveedor Norte SA,Vendedor_19,20,4361.83,5,4143.74,82874.8,Transferencia,Cambio de opinión,2901.86,19.5
V00942,2024-10-04,Tecate,Tecate-Centro,Ferretería,Brochas,Mayoreo TJ,Vendedor_11,14,7938.29,10,7144.46,100022.44,Vale Despensa,No,4531.33,26.4
V00943,2024-04-24,San Quintín,San Quintín-Central,Alimentos,Carnes Frías,Comercial Baja,Vendedor_01,15,2762.08,10,2485.87,37288.05,Tarjeta Crédito,No cumplió expectativas,1859.82,35.4
V00944,2025-03-29,Tecate,Tecate-Centro,Ropa,Pantalones,Mayoreo TJ,Vendedor_07,4,6095.48,10,5485.93,21943.72,Efectivo,No,3905.45,23.5
V00945,2024-08-03,Rosarito,Rosarito-Principal,Alimentos,Condimentos,Mayoreo TJ,Vendedor_11,20,868.19,10,781.37,15627.4,Tarjeta Débito,No,432.34,30.8
V00946,2025-03-02,Mexicali,Mexicali-Centro,Ferretería,Tornillería,Importaciones Mex,Vendedor_30,20,2639.17,25,1979.38,39587.6,Tarjeta Crédito,Cambio de opinión,1499.04,49.2
V00947,2025-04-05,Ensenada,Ensenada-Maneadero,Ropa,Chamarras,Abastos del Pacífico,Vendedor_19,11,2703.09,15,2297.63,25273.93,Transferencia,Cambio de opinión,1731.8,15.2
V00948,2024-10-07,Tecate,Tecate-Centro,Hogar,Decoración,Importaciones Mex,Vendedor_07,15,5184.05,0,5184.05,77760.75,Tarjeta Crédito,Defecto de fábrica,2714.88,29.9
V00949,2025-05-30,Ensenada,Ensenada-Maneadero,Hogar,Decoración,Logística Frontera,Vendedor_04,7,4486.64,5,4262.31,29836.17,Efectivo,No,2291.71,28.0
V00950,2024-10-13,Tecate,Tecate-Centro,Electrónica,Cables,Abastos del Pacífico,Vendedor_02,8,5518.02,25,4138.52,33108.16,Efectivo,No,2560.52,28.7
V00951,2024-11-28,Rosarito,Rosarito-Principal,Hogar,Utensilios,Mayoreo TJ,Vendedor_28,3,932.69,0,932.69,2798.07,Tarjeta Débito,No,557.24,38.0
V00952,2024-10-25,Rosarito,Rosarito-Principal,Hogar,Cojines,Mayoreo TJ,Vendedor_25,18,2656.34,10,2390.71,43032.78,Efectivo,Defecto de fábrica,1773.59,43.0
V00953,2024-11-24,San Quintín,San Quintín-Central,Alimentos,Condimentos,Importaciones Mex,Vendedor_15,6,5990.82,5,5691.28,34147.68,Tarjeta Crédito,No,3194.62,42.1
V00954,2025-02-09,San Quintín,San Quintín-Central,Alimentos,Snacks,Proveedor Norte SA,Vendedor_27,14,1165.15,20,932.12,13049.68,Vale Despensa,No,541.88,54.6
V00955,2025-05-18,Ensenada,Ensenada-Centro,Ferretería,Selladores,Surtimax,Vendedor_21,18,7965.45,15,6770.63,121871.34,Efectivo,Cambio de opinión,5046.98,37.6
V00956,2025-04-24,Rosarito,Rosarito-Principal,Ferretería,Tornillería,Importaciones Mex,Vendedor_25,19,6398.8,0,6398.8,121577.2,Efectivo,No,4106.61,32.2
V00957,2024-12-13,Ensenada,Ensenada-Maneadero,Hogar,Cobijas,Abastos del Pacífico,Vendedor_29,6,5221.03,0,5221.03,31326.18,Efectivo,No,2873.48,26.8
V00958,2024-09-22,Rosarito,Rosarito-Principal,Electrónica,Televisores,Surtimax,Vendedor_18,5,1840.58,20,1472.46,7362.3,Transferencia,Duplicado,1129.02,23.0
V00959,2024-11-11,Rosarito,Rosarito-Principal,Farmacia,Higiene,Distribuidora BC,Vendedor_01,7,1551.34,0,1551.34,10859.38,Vale Despensa,No cumplió expectativas,931.55,48.8
V00960,2024-08-01,Mexicali,Mexicali-Nueva,Alimentos,Bebidas,Logística Frontera,Vendedor_06,8,2653.32,15,2255.32,18042.56,Transferencia,Duplicado,1851.36,24.3
V00961,2025-01-19,Mexicali,Mexicali-Baja,Electrónica,Celulares,Comercial Baja,Vendedor_28,4,7027.22,25,5270.41,21081.64,Tarjeta Débito,Defecto de fábrica,3830.57,32.9
V00962,2024-06-28,Tecate,Tecate-Centro,Ropa,Calcetines,Distribuidora BC,Vendedor_06,3,4742.23,0,4742.23,14226.69,Tarjeta Débito,No,2276.7,34.6
V00963,2025-01-03,Rosarito,Rosarito-Principal,Farmacia,Bebés,Logística Frontera,Vendedor_17,3,3350.27,5,3182.76,9548.28,Efectivo,No,2299.04,15.6
V00964,2025-03-20,Tecate,Tecate-Centro,Hogar,Lámparas,Importaciones Mex,Vendedor_23,3,2869.71,10,2582.74,7748.22,Efectivo,Cambio de opinión,1758.01,47.4
V00965,2024-01-10,Tecate,Tecate-Centro,Alimentos,Conservas,Mayoreo TJ,Vendedor_05,6,410.69,5,390.16,2340.96,Transferencia,No cumplió expectativas,263.08,17.4
V00966,2025-03-05,Mexicali,Mexicali-Nueva,Farmacia,Primeros Auxilios,Mayoreo TJ,Vendedor_30,6,3005.05,20,2404.04,14424.24,Vale Despensa,No cumplió expectativas,2077.47,44.7
V00967,2024-07-27,San Quintín,San Quintín-Central,Alimentos,Bebidas,Abastos del Pacífico,Vendedor_21,16,6303.13,0,6303.13,100850.08,Tarjeta Crédito,Cambio de opinión,4268.76,25.6
V00968,2024-05-27,Ensenada,Ensenada-Centro,Electrónica,Cargadores,Proveedor Norte SA,Vendedor_18,2,276.55,25,207.41,414.82,Transferencia,No,177.17,43.9
V00969,2025-03-05,Mexicali,Mexicali-Centro,Electrónica,Televisores,Distribuidora BC,Vendedor_16,3,2821.9,5,2680.8,8042.4,Transferencia,Talla incorrecta,1963.6,49.2
V00970,2024-05-11,Rosarito,Rosarito-Principal,Ropa,Camisas,Surtimax,Vendedor_20,9,2525.88,25,1894.41,17049.69,Efectivo,No,1438.36,44.9
V00971,2024-03-25,Rosarito,Rosarito-Principal,Ropa,Zapatos,Abastos del Pacífico,Vendedor_10,8,4142.14,0,4142.14,33137.12,Vale Despensa,Talla incorrecta,1972.93,24.0
V00972,2024-09-30,Mexicali,Mexicali-Nueva,Farmacia,Primeros Auxilios,Surtimax,Vendedor_14,19,2662.57,25,1996.93,37941.67,Tarjeta Crédito,No cumplió expectativas,1638.28,38.2
V00973,2024-05-26,Tijuana,Tijuana-La Mesa,Farmacia,Medicamentos,Importaciones Mex,Vendedor_06,1,6363.85,0,6363.85,6363.85,Transferencia,Defecto de fábrica,3376.87,37.9
V00974,2024-09-26,Tecate,Tecate-Centro,Ropa,Calcetines,Comercial Baja,Vendedor_04,15,3644.23,5,3462.02,51930.3,Tarjeta Crédito,No,2237.07,35.6
V00975,2025-04-12,Ensenada,Ensenada-Maneadero,Ropa,Chamarras,Surtimax,Vendedor_25,18,2760.81,25,2070.61,37270.98,Vale Despensa,Talla incorrecta,1423.79,46.3
V00976,2024-05-03,Tecate,Tecate-Centro,Ferretería,Tornillería,Logística Frontera,Vendedor_05,4,801.94,25,601.46,2405.84,Tarjeta Crédito,No,422.43,32.4
V00977,2024-08-15,Tijuana,Tijuana-Zona Río,Ropa,Calcetines,Importaciones Mex,Vendedor_24,5,6569.21,5,6240.75,31203.75,Tarjeta Crédito,Defecto de fábrica,3819.3,46.2
V00978,2024-06-11,Rosarito,Rosarito-Principal,Ferretería,Adhesivos,Mayoreo TJ,Vendedor_21,12,4338.68,0,4338.68,52064.16,Vale Despensa,Talla incorrecta,2197.82,52.2
V00979,2025-02-14,San Quintín,San Quintín-Central,Ferretería,Selladores,Abastos del Pacífico,Vendedor_29,2,6873.45,10,6186.1,12372.2,Vale Despensa,Cambio de opinión,4763.32,50.7
V00980,2024-11-15,Tecate,Tecate-Centro,Ropa,Chamarras,Distribuidora BC,Vendedor_02,18,52.81,10,47.53,855.54,Transferencia,Duplicado,25.62,34.2
V00981,2024-07-17,Mexicali,Mexicali-Centro,Hogar,Cobijas,Surtimax,Vendedor_03,19,5186.37,20,4149.1,78832.9,Tarjeta Débito,Duplicado,3582.95,26.0
V00982,2024-12-01,Tecate,Tecate-Centro,Farmacia,Higiene,Distribuidora BC,Vendedor_17,9,1686.36,0,1686.36,15177.24,Tarjeta Crédito,Defecto de fábrica,979.88,45.9
V00983,2025-04-10,Rosarito,Rosarito-Principal,Ropa,Gorras,Distribuidora BC,Vendedor_29,18,2425.64,0,2425.64,43661.52,Tarjeta Crédito,No cumplió expectativas,1622.29,53.0
V00984,2024-06-21,Tijuana,Tijuana-La Mesa,Alimentos,Bebidas,Logística Frontera,Vendedor_08,19,5033.84,20,4027.07,76514.33,Vale Despensa,No,2394.91,54.9
V00985,2024-02-28,Rosarito,Rosarito-Principal,Ropa,Gorras,Logística Frontera,Vendedor_27,14,6701.84,20,5361.47,75060.58,Tarjeta Crédito,Talla incorrecta,4531.67,40.6
V00986,2024-04-13,Ensenada,Ensenada-Maneadero,Farmacia,Primeros Auxilios,Importaciones Mex,Vendedor_19,1,7865.54,0,7865.54,7865.54,Transferencia,No,3974.83,32.4
V00987,2025-01-26,Ensenada,Ensenada-Centro,Farmacia,Termómetros,Distribuidora BC,Vendedor_19,20,4507.33,20,3605.86,72117.2,Efectivo,Defecto de fábrica,2676.93,19.7
V00988,2025-03-26,Mexicali,Mexicali-Baja,Ferretería,Selladores,Proveedor Norte SA,Vendedor_13,12,6531.5,0,6531.5,78378.0,Transferencia,No,4031.68,16.0
V00989,2025-04-12,Rosarito,Rosarito-Principal,Electrónica,Cargadores,Surtimax,Vendedor_27,1,835.49,20,668.39,668.39,Tarjeta Crédito,Cambio de opinión,449.57,53.6
V00990,2024-08-02,Ensenada,Ensenada-Maneadero,Electrónica,Cargadores,Surtimax,Vendedor_24,6,3692.73,10,3323.46,19940.76,Transferencia,No,2357.18,46.2
V00991,2024-11-09,Mexicali,Mexicali-Baja,Electrónica,Cargadores,Distribuidora BC,Vendedor_21,11,2846.85,5,2704.51,29749.61,Transferencia,Talla incorrecta,1503.79,34.9
V00992,2024-12-11,Mexicali,Mexicali-Baja,Ropa,Chamarras,Surtimax,Vendedor_25,12,6855.01,25,5141.26,61695.12,Tarjeta Débito,No,4728.77,27.9
V00993,2024-07-01,Tijuana,Tijuana-Otay,Ferretería,Electricidad,Distribuidora BC,Vendedor_07,18,7275.2,10,6547.68,117858.24,Efectivo,No,3438.52,38.9
V00994,2024-05-16,San Quintín,San Quintín-Central,Alimentos,Lácteos,Distribuidora BC,Vendedor_28,13,5741.31,15,4880.11,63441.43,Tarjeta Crédito,No,3464.05,53.8
V00995,2024-01-27,Ensenada,Ensenada-Centro,Hogar,Muebles,Importaciones Mex,Vendedor_27,9,2004.93,0,2004.93,18044.37,Tarjeta Débito,No,1025.2,24.0
V00996,2025-05-09,San Quintín,San Quintín-Central,Ropa,Camisas,Abastos del Pacífico,Vendedor_18,20,2409.51,0,2409.51,48190.2,Vale Despensa,No,1685.68,22.7
V00997,2025-01-07,Mexicali,Mexicali-Nueva,Ferretería,Selladores,Abastos del Pacífico,Vendedor_12,9,5036.68,20,4029.34,36264.06,Tarjeta Crédito,Cambio de opinión,3399.83,52.5
V00998,2024-05-11,Ensenada,Ensenada-Maneadero,Electrónica,Celulares,Comercial Baja,Vendedor_18,18,2607.22,5,2476.86,44583.48,Tarjeta Crédito,Talla incorrecta,1241.56,48.1
V00999,2025-03-24,Mexicali,Mexicali-Nueva,Alimentos,Carnes Frías,Abastos del Pacífico,Vendedor_03,15,3749.03,0,3749.03,56235.45,Tarjeta Débito,No,1707.79,32.9
V01000,2024-12-28,San Quintín,San Quintín-Central,Alimentos,Condimentos,Logística Frontera,Vendedor_19,3,6947.24,0,6947.24,20841.72,Tarjeta Crédito,Talla incorrecta,4771.63,44.1
V01001,2024-11-13,San Quintín,San Quintín-Central,Hogar,Cobijas,Logística Frontera,Vendedor_11,15,7890.34,5,7495.82,112437.3,Tarjeta Débito,No,4674.75,50.0
V01002,2024-05-02,Tecate,Tecate-Centro,Ferretería,Adhesivos,Distribuidora BC,Vendedor_17,12,6908.74,0,6908.74,82904.88,Transferencia,Talla incorrecta,4370.43,44.3
V01003,2024-12-05,Mexicali,Mexicali-Nueva,Ropa,Vestidos,Distribuidora BC,Vendedor_13,4,284.43,25,213.32,853.28,Vale Despensa,Talla incorrecta,177.83,42.4
V01004,2024-04-08,Tecate,Tecate-Centro,Farmacia,Termómetros,Surtimax,Vendedor_06,6,1151.15,15,978.48,5870.88,Transferencia,Cambio de opinión,771.0,35.0
V01005,2025-04-07,Mexicali,Mexicali-Baja,Hogar,Cojines,Logística Frontera,Vendedor_01,11,1851.79,0,1851.79,20369.69,Vale Despensa,Talla incorrecta,861.5,37.3
V01006,2024-11-30,San Quintín,San Quintín-Central,Electrónica,Celulares,Logística Frontera,Vendedor_01,1,63.74,0,63.74,63.74,Vale Despensa,No,37.66,49.4
V01007,2024-04-09,Mexicali,Mexicali-Centro,Farmacia,Termómetros,Surtimax,Vendedor_19,12,1495.2,5,1420.44,17045.28,Tarjeta Débito,No cumplió expectativas,1006.06,43.3
V01008,2024-05-03,Mexicali,Mexicali-Nueva,Ropa,Gorras,Logística Frontera,Vendedor_04,18,291.22,0,291.22,5241.96,Tarjeta Crédito,Cambio de opinión,180.78,38.6
V01009,2025-02-02,Mexicali,Mexicali-Centro,Hogar,Cojines,Distribuidora BC,Vendedor_22,15,4847.85,15,4120.67,61810.05,Vale Despensa,No,2260.87,24.8
V01010,2024-03-01,Mexicali,Mexicali-Centro,Hogar,Cojines,Distribuidora BC,Vendedor_28,12,6362.73,0,6362.73,76352.76,Vale Despensa,No,3007.91,41.2
V01011,2024-07-21,Rosarito,Rosarito-Principal,Ferretería,Plomería,Abastos del Pacífico,Vendedor_13,15,2296.36,0,2296.36,34445.4,Transferencia,Cambio de opinión,1249.83,34.6
V01012,2024-10-21,Tecate,Tecate-Centro,Alimentos,Condimentos,Proveedor Norte SA,Vendedor_07,16,4896.82,10,4407.14,70514.24,Efectivo,Defecto de fábrica,2579.55,38.5
V01013,2024-11-06,Rosarito,Rosarito-Principal,Farmacia,Bebés,Importaciones Mex,Vendedor_12,2,5927.09,0,5927.09,11854.18,Vale Despensa,No,2744.89,48.0
V01014,2024-04-11,Tecate,Tecate-Centro,Ferretería,Adhesivos,Mayoreo TJ,Vendedor_29,7,5465.01,0,5465.01,38255.07,Tarjeta Débito,No,3432.59,17.9
V01015,2024-04-29,Mexicali,Mexicali-Baja,Ropa,Camisas,Proveedor Norte SA,Vendedor_29,7,409.61,20,327.69,2293.83,Tarjeta Débito,Cambio de opinión,251.87,51.6
V01016,2024-06-08,Ensenada,Ensenada-Centro,Hogar,Cojines,Importaciones Mex,Vendedor_20,2,3005.68,20,2404.54,4809.08,Tarjeta Crédito,No cumplió expectativas,2015.27,31.9
V01017,2025-02-27,Rosarito,Rosarito-Principal,Ropa,Chamarras,Logística Frontera,Vendedor_27,14,3303.17,0,3303.17,46244.38,Tarjeta Débito,No,2160.87,34.5
V01018,2024-08-16,Rosarito,Rosarito-Principal,Farmacia,Anteojos,Distribuidora BC,Vendedor_04,5,382.3,25,286.73,1433.65,Tarjeta Débito,Talla incorrecta,258.26,34.5
V01019,2024-10-18,Mexicali,Mexicali-Nueva,Alimentos,Lácteos,Logística Frontera,Vendedor_10,13,7550.85,10,6795.77,88345.01,Vale Despensa,No,3891.52,45.4
V01020,2025-05-05,Tecate,Tecate-Centro,Electrónica,Cámaras,Distribuidora BC,Vendedor_08,16,1646.27,0,1646.27,26340.32,Efectivo,Talla incorrecta,1083.7,22.4
V01021,2025-03-28,San Quintín,San Quintín-Central,Ropa,Calcetines,Proveedor Norte SA,Vendedor_22,5,4941.8,25,3706.35,18531.75,Vale Despensa,No,3171.14,22.6
V01022,2024-09-13,Mexicali,Mexicali-Nueva,Alimentos,Snacks,Surtimax,Vendedor_15,11,4571.97,0,4571.97,50291.67,Tarjeta Débito,No cumplió expectativas,3087.87,17.3
V01023,2025-03-25,Tecate,Tecate-Centro,Alimentos,Bebidas,Comercial Baja,Vendedor_03,11,1840.62,5,1748.59,19234.49,Tarjeta Débito,Defecto de fábrica,1105.14,26.5
V01024,2024-01-18,Mexicali,Mexicali-Centro,Ferretería,Adhesivos,Mayoreo TJ,Vendedor_24,14,500.87,0,500.87,7012.18,Tarjeta Crédito,No,271.77,20.7
V01025,2024-05-02,Tijuana,Tijuana-Otay,Electrónica,Cables,Proveedor Norte SA,Vendedor_19,13,77.2,0,77.2,1003.6,Vale Despensa,Duplicado,36.17,41.0
V01026,2024-09-13,Tecate,Tecate-Centro,Alimentos,Cereales,Comercial Baja,Vendedor_16,16,3624.89,5,3443.65,55098.4,Tarjeta Débito,No,2042.83,50.2
V01027,2024-06-13,Mexicali,Mexicali-Centro,Alimentos,Lácteos,Proveedor Norte SA,Vendedor_14,9,7706.17,20,6164.94,55484.46,Tarjeta Crédito,No,3745.17,33.4
V01028,2025-02-19,San Quintín,San Quintín-Central,Hogar,Cobijas,Abastos del Pacífico,Vendedor_15,7,6729.08,15,5719.72,40038.04,Transferencia,No,3774.83,30.5
V01029,2024-08-10,Ensenada,Ensenada-Maneadero,Alimentos,Cereales,Importaciones Mex,Vendedor_28,8,1108.26,5,1052.85,8422.8,Vale Despensa,Duplicado,599.41,33.5
V01030,2024-04-21,Tecate,Tecate-Centro,Farmacia,Primeros Auxilios,Comercial Baja,Vendedor_10,16,1747.43,0,1747.43,27958.88,Vale Despensa,No,966.38,23.0
V01031,2025-03-29,Ensenada,Ensenada-Centro,Farmacia,Anteojos,Importaciones Mex,Vendedor_13,6,7500.12,20,6000.1,36000.6,Vale Despensa,Defecto de fábrica,4625.69,25.9
V01032,2025-02-25,San Quintín,San Quintín-Central,Farmacia,Anteojos,Comercial Baja,Vendedor_08,5,4621.8,5,4390.71,21953.55,Tarjeta Débito,No,2960.98,34.5
V01033,2024-01-09,Rosarito,Rosarito-Principal,Farmacia,Vitaminas,Surtimax,Vendedor_28,1,6306.35,0,6306.35,6306.35,Efectivo,Defecto de fábrica,3331.79,51.1
V01034,2024-11-19,Mexicali,Mexicali-Nueva,Ropa,Zapatos,Comercial Baja,Vendedor_16,12,2495.12,0,2495.12,29941.44,Tarjeta Crédito,No,1561.7,26.6
V01035,2025-02-23,Tijuana,Tijuana-Zona Río,Ropa,Vestidos,Comercial Baja,Vendedor_23,18,1347.89,0,1347.89,24262.02,Tarjeta Crédito,No cumplió expectativas,839.05,51.1
V01036,2025-04-29,Tijuana,Tijuana-Otay,Hogar,Lámparas,Comercial Baja,Vendedor_06,13,6057.6,0,6057.6,78748.8,Efectivo,No,3613.62,54.5
V01037,2024-12-18,Ensenada,Ensenada-Maneadero,Ferretería,Tornillería,Distribuidora BC,Vendedor_29,16,3606.3,0,3606.3,57700.8,Tarjeta Crédito,No,1684.94,20.4
V01038,2024-10-26,Ensenada,Ensenada-Maneadero,Ropa,Pantalones,Surtimax,Vendedor_20,11,7943.53,5,7546.35,83009.85,Transferencia,Talla incorrecta,3606.27,50.6
V01039,2024-01-25,Tecate,Tecate-Centro,Alimentos,Panadería,Surtimax,Vendedor_29,17,1576.58,10,1418.92,24121.64,Tarjeta Débito,No,729.96,24.6
V01040,2024-03-23,Ensenada,Ensenada-Maneadero,Hogar,Almohadas,Proveedor Norte SA,Vendedor_05,15,2733.27,10,2459.94,36899.1,Vale Despensa,No,1237.27,37.9
V01041,2025-01-19,Ensenada,Ensenada-Maneadero,Ropa,Gorras,Surtimax,Vendedor_26,9,3071.13,0,3071.13,27640.17,Vale Despensa,No,2037.41,46.4
V01042,2024-10-15,Tecate,Tecate-Centro,Ropa,Ropa Interior,Distribuidora BC,Vendedor_30,16,5766.98,5,5478.63,87658.08,Transferencia,Cambio de opinión,3919.78,18.4
V01043,2024-09-05,San Quintín,San Quintín-Central,Ferretería,Pinturas,Mayoreo TJ,Vendedor_12,4,232.91,0,232.91,931.64,Efectivo,Talla incorrecta,113.78,47.1
V01044,2024-03-13,Tijuana,Tijuana-Garita,Electrónica,Televisores,Comercial Baja,Vendedor_21,20,5905.2,15,5019.42,100388.4,Tarjeta Crédito,No cumplió expectativas,3817.91,19.2
V01045,2024-04-03,Tijuana,Tijuana-Garita,Farmacia,Higiene,Proveedor Norte SA,Vendedor_14,6,1636.19,0,1636.19,9817.14,Tarjeta Débito,Talla incorrecta,822.28,43.7
V01046,2024-07-09,Tecate,Tecate-Centro,Farmacia,Cuidado Personal,Logística Frontera,Vendedor_24,16,3834.55,5,3642.82,58285.12,Vale Despensa,No,2554.78,17.5
V01047,2024-05-27,Mexicali,Mexicali-Nueva,Electrónica,Laptops,Importaciones Mex,Vendedor_23,9,1448.01,5,1375.61,12380.49,Efectivo,No,906.04,18.0
V01048,2025-02-26,Mexicali,Mexicali-Baja,Ropa,Vestidos,Logística Frontera,Vendedor_07,20,3187.61,10,2868.85,57377.0,Transferencia,No,1634.41,28.8
V01049,2024-03-04,Mexicali,Mexicali-Nueva,Electrónica,Audífonos,Comercial Baja,Vendedor_12,3,2287.52,0,2287.52,6862.56,Efectivo,Talla incorrecta,1383.86,47.7
V01050,2024-03-08,Tijuana,Tijuana-La Mesa,Electrónica,Laptops,Logística Frontera,Vendedor_24,20,2581.26,15,2194.07,43881.4,Tarjeta Crédito,No,1452.47,44.7
V01051,2024-07-13,Tecate,Tecate-Centro,Hogar,Utensilios,Mayoreo TJ,Vendedor_02,18,6119.13,15,5201.26,93622.68,Tarjeta Crédito,Duplicado,3380.41,50.2
V01052,2025-03-05,Ensenada,Ensenada-Maneadero,Hogar,Cortinas,Mayoreo TJ,Vendedor_26,13,3644.8,0,3644.8,47382.4,Tarjeta Crédito,Defecto de fábrica,1987.74,49.8
V01053,2024-07-07,Mexicali,Mexicali-Baja,Alimentos,Snacks,Distribuidora BC,Vendedor_01,5,3503.33,0,3503.33,17516.65,Transferencia,Duplicado,1990.14,25.8
V01054,2024-07-13,Mexicali,Mexicali-Centro,Hogar,Almohadas,Comercial Baja,Vendedor_14,8,1308.61,10,1177.75,9422.0,Transferencia,No,898.8,21.4
V01055,2024-10-23,San Quintín,San Quintín-Central,Alimentos,Bebidas,Importaciones Mex,Vendedor_17,16,581.9,15,494.61,7913.76,Transferencia,No cumplió expectativas,378.76,31.7
V01056,2025-03-15,Tijuana,Tijuana-Playas,Farmacia,Higiene,Distribuidora BC,Vendedor_20,20,2741.72,10,2467.55,49351.0,Tarjeta Débito,No,1596.8,28.6
V01057,2025-03-03,Ensenada,Ensenada-Centro,Alimentos,Condimentos,Importaciones Mex,Vendedor_11,12,551.84,25,413.88,4966.56,Tarjeta Débito,Duplicado,373.89,51.1
V01058,2024-05-10,San Quintín,San Quintín-Central,Alimentos,Conservas,Importaciones Mex,Vendedor_23,7,4638.9,15,3943.06,27601.42,Vale Despensa,No,2794.23,47.5
V01059,2024-04-07,Mexicali,Mexicali-Baja,Ferretería,Brochas,Mayoreo TJ,Vendedor_20,17,7129.93,15,6060.44,103027.48,Tarjeta Crédito,No,3353.4,34.6
V01060,2024-05-26,Rosarito,Rosarito-Principal,Electrónica,Cámaras,Proveedor Norte SA,Vendedor_16,9,3147.13,5,2989.77,26907.93,Tarjeta Débito,No,1591.92,15.1
V01061,2024-11-17,Ensenada,Ensenada-Maneadero,Ferretería,Tornillería,Importaciones Mex,Vendedor_27,16,6280.29,15,5338.25,85412.0,Tarjeta Débito,No,4329.83,38.9
V01062,2024-10-16,Tijuana,Tijuana-Playas,Farmacia,Medicamentos,Abastos del Pacífico,Vendedor_14,17,5897.18,5,5602.32,95239.44,Efectivo,Duplicado,3093.33,23.2
V01063,2025-04-02,Ensenada,Ensenada-Centro,Electrónica,Cables,Mayoreo TJ,Vendedor_20,5,675.74,25,506.81,2534.05,Transferencia,No,432.21,19.3
V01064,2024-06-15,Ensenada,Ensenada-Maneadero,Alimentos,Carnes Frías,Mayoreo TJ,Vendedor_11,10,5665.06,25,4248.8,42488.0,Efectivo,No,2724.77,49.7
V01065,2024-01-27,Rosarito,Rosarito-Principal,Alimentos,Lácteos,Surtimax,Vendedor_13,18,2556.39,20,2045.11,36811.98,Tarjeta Débito,No,1359.11,48.4
V01066,2025-05-23,Tijuana,Tijuana-Playas,Alimentos,Snacks,Distribuidora BC,Vendedor_05,5,7071.91,0,7071.91,35359.55,Tarjeta Débito,Talla incorrecta,3363.14,21.5
V01067,2025-02-26,San Quintín,San Quintín-Central,Electrónica,Cargadores,Distribuidora BC,Vendedor_16,3,7779.94,15,6612.95,19838.85,Transferencia,No,4561.21,36.0
V01068,2025-04-04,San Quintín,San Quintín-Central,Farmacia,Higiene,Distribuidora BC,Vendedor_25,7,4407.38,0,4407.38,30851.66,Tarjeta Crédito,No cumplió expectativas,2233.88,17.3
V01069,2024-08-26,San Quintín,San Quintín-Central,Electrónica,Tabletas,Mayoreo TJ,Vendedor_17,8,3855.61,0,3855.61,30844.88,Tarjeta Crédito,No cumplió expectativas,2046.32,45.2
V01070,2024-03-10,San Quintín,San Quintín-Central,Electrónica,Audífonos,Importaciones Mex,Vendedor_19,18,3963.21,20,3170.57,57070.26,Efectivo,Defecto de fábrica,1990.36,38.3
V01071,2024-06-17,Tijuana,Tijuana-Playas,Farmacia,Vitaminas,Importaciones Mex,Vendedor_05,17,4673.59,15,3972.55,67533.35,Vale Despensa,No,2111.7,40.1
V01072,2024-09-19,Rosarito,Rosarito-Principal,Alimentos,Conservas,Importaciones Mex,Vendedor_11,7,4111.49,0,4111.49,28780.43,Tarjeta Crédito,No,2253.75,41.0
V01073,2025-01-31,Tecate,Tecate-Centro,Hogar,Almohadas,Importaciones Mex,Vendedor_07,2,1676.49,0,1676.49,3352.98,Vale Despensa,Talla incorrecta,1062.77,26.9
V01074,2024-09-15,San Quintín,San Quintín-Central,Ferretería,Electricidad,Proveedor Norte SA,Vendedor_10,8,2919.46,0,2919.46,23355.68,Efectivo,Duplicado,1471.72,22.2
V01075,2024-06-18,Ensenada,Ensenada-Centro,Hogar,Almohadas,Comercial Baja,Vendedor_18,13,5773.76,25,4330.32,56294.16,Vale Despensa,No,3010.07,54.5
V01076,2024-02-21,Mexicali,Mexicali-Centro,Ferretería,Pinturas,Logística Frontera,Vendedor_30,20,7081.08,0,7081.08,141621.6,Efectivo,Defecto de fábrica,3723.67,30.3
V01077,2025-01-16,Rosarito,Rosarito-Principal,Electrónica,Televisores,Logística Frontera,Vendedor_14,14,2976.0,5,2827.2,39580.8,Efectivo,Talla incorrecta,1560.52,16.4
V01078,2024-02-01,Tijuana,Tijuana-Playas,Ropa,Chamarras,Mayoreo TJ,Vendedor_01,4,3682.57,5,3498.44,13993.76,Efectivo,No,1736.42,24.4
V01079,2024-06-05,Rosarito,Rosarito-Principal,Alimentos,Snacks,Distribuidora BC,Vendedor_13,3,5637.87,25,4228.4,12685.2,Transferencia,Duplicado,2579.18,34.9
V01080,2024-10-14,Tecate,Tecate-Centro,Ropa,Camisas,Comercial Baja,Vendedor_07,3,4635.25,0,4635.25,13905.75,Tarjeta Crédito,Cambio de opinión,2114.15,25.9
V01081,2025-03-21,Mexicali,Mexicali-Centro,Farmacia,Termómetros,Comercial Baja,Vendedor_26,19,6492.31,0,6492.31,123353.89,Tarjeta Débito,No,4082.96,44.7
V01082,2024-06-16,Ensenada,Ensenada-Maneadero,Electrónica,Cargadores,Surtimax,Vendedor_24,18,3677.25,25,2757.94,49642.92,Vale Despensa,No,2151.9,27.8
V01083,2024-12-21,San Quintín,San Quintín-Central,Hogar,Cobijas,Mayoreo TJ,Vendedor_27,15,4662.68,15,3963.28,59449.2,Transferencia,Cambio de opinión,2885.86,31.3
V01084,2025-04-22,Tecate,Tecate-Centro,Ferretería,Electricidad,Mayoreo TJ,Vendedor_29,12,7083.94,15,6021.35,72256.2,Efectivo,No,3796.02,51.7
V01085,2024-05-22,San Quintín,San Quintín-Central,Ferretería,Adhesivos,Abastos del Pacífico,Vendedor_03,19,4344.68,0,4344.68,82548.92,Transferencia,Duplicado,2911.72,54.6
V01086,2024-06-17,Rosarito,Rosarito-Principal,Ferretería,Pinturas,Surtimax,Vendedor_16,18,4624.94,10,4162.45,74924.1,Efectivo,Duplicado,2457.56,48.5
V01087,2024-04-18,Ensenada,Ensenada-Maneadero,Ferretería,Selladores,Comercial Baja,Vendedor_05,14,1791.62,15,1522.88,21320.32,Tarjeta Débito,Duplicado,1127.02,50.7
V01088,2025-02-19,Rosarito,Rosarito-Principal,Hogar,Cobijas,Importaciones Mex,Vendedor_18,8,7330.96,10,6597.86,52782.88,Efectivo,Cambio de opinión,5042.88,22.6
V01089,2024-09-16,Tijuana,Tijuana-Garita,Alimentos,Bebidas,Distribuidora BC,Vendedor_14,3,1696.34,0,1696.34,5089.02,Tarjeta Crédito,No,1043.92,15.4
V01090,2025-05-04,Rosarito,Rosarito-Principal,Alimentos,Cereales,Proveedor Norte SA,Vendedor_22,14,3030.58,10,2727.52,38185.28,Transferencia,No,2103.99,35.0
V01091,2024-04-10,Ensenada,Ensenada-Centro,Alimentos,Condimentos,Surtimax,Vendedor_22,18,6896.34,20,5517.07,99307.26,Transferencia,No,4818.19,30.2
V01092,2024-04-06,Tecate,Tecate-Centro,Hogar,Utensilios,Abastos del Pacífico,Vendedor_24,8,4372.69,0,4372.69,34981.52,Tarjeta Crédito,No,2231.58,54.4
V01093,2024-01-11,Tijuana,Tijuana-Playas,Alimentos,Condimentos,Proveedor Norte SA,Vendedor_30,4,1771.62,20,1417.3,5669.2,Vale Despensa,No cumplió expectativas,994.07,35.1
V01094,2024-04-30,Tecate,Tecate-Centro,Farmacia,Anteojos,Comercial Baja,Vendedor_06,9,6420.4,0,6420.4,57783.6,Transferencia,No,3360.1,21.5
V01095,2025-05-08,Ensenada,Ensenada-Maneadero,Hogar,Lámparas,Importaciones Mex,Vendedor_01,7,5510.12,0,5510.12,38570.84,Transferencia,No,3548.16,47.3
V01096,2025-05-20,Mexicali,Mexicali-Baja,Electrónica,Audífonos,Comercial Baja,Vendedor_26,19,1502.29,15,1276.95,24262.05,Efectivo,Duplicado,714.17,20.6
V01097,2025-01-12,San Quintín,San Quintín-Central,Hogar,Cortinas,Distribuidora BC,Vendedor_14,1,2965.07,20,2372.06,2372.06,Transferencia,No,1359.14,32.5
V01098,2025-02-14,San Quintín,San Quintín-Central,Electrónica,Laptops,Importaciones Mex,Vendedor_30,16,743.58,15,632.04,10112.64,Tarjeta Débito,No,357.11,21.5
V01099,2024-09-26,Rosarito,Rosarito-Principal,Farmacia,Cuidado Personal,Distribuidora BC,Vendedor_26,18,3596.51,15,3057.03,55026.54,Tarjeta Débito,No,2141.83,19.6
V01100,2025-01-15,Tijuana,Tijuana-Otay,Ropa,Vestidos,Proveedor Norte SA,Vendedor_04,1,2437.73,20,1950.18,1950.18,Vale Despensa,Defecto de fábrica,1502.81,38.4
V01101,2024-07-12,Tijuana,Tijuana-Playas,Ropa,Ropa Interior,Comercial Baja,Vendedor_16,7,7369.82,25,5527.36,38691.52,Tarjeta Débito,No,3498.91,30.5
V01102,2025-05-04,San Quintín,San Quintín-Central,Ropa,Vestidos,Distribuidora BC,Vendedor_19,3,6869.87,0,6869.87,20609.61,Tarjeta Débito,No,3515.77,45.1
V01103,2024-11-24,San Quintín,San Quintín-Central,Ropa,Chamarras,Proveedor Norte SA,Vendedor_07,2,3280.81,20,2624.65,5249.3,Tarjeta Crédito,No,1796.88,39.3
V01104,2024-09-04,Mexicali,Mexicali-Nueva,Ropa,Gorras,Logística Frontera,Vendedor_16,6,4938.42,20,3950.74,23704.44,Efectivo,No,2756.55,16.2
V01105,2024-10-11,Tijuana,Tijuana-Zona Río,Electrónica,Celulares,Logística Frontera,Vendedor_15,12,6194.7,0,6194.7,74336.4,Tarjeta Crédito,No,3257.63,36.4
V01106,2024-12-11,Ensenada,Ensenada-Maneadero,Hogar,Cortinas,Comercial Baja,Vendedor_11,16,3119.45,0,3119.45,49911.2,Vale Despensa,Talla incorrecta,1806.94,40.3
V01107,2024-11-27,Ensenada,Ensenada-Maneadero,Alimentos,Panadería,Importaciones Mex,Vendedor_12,11,4775.75,5,4536.96,49906.56,Tarjeta Crédito,Duplicado,2378.14,28.4
V01108,2024-05-22,San Quintín,San Quintín-Central,Alimentos,Panadería,Importaciones Mex,Vendedor_22,20,4802.2,5,4562.09,91241.8,Tarjeta Crédito,Cambio de opinión,3016.53,37.1
V01109,2024-07-29,Mexicali,Mexicali-Baja,Ferretería,Tornillería,Surtimax,Vendedor_06,8,981.83,10,883.65,7069.2,Transferencia,No,533.87,30.7
V01110,2024-03-14,San Quintín,San Quintín-Central,Ferretería,Brochas,Distribuidora BC,Vendedor_13,9,4322.4,0,4322.4,38901.6,Vale Despensa,Cambio de opinión,3008.25,15.1
V01111,2025-03-06,Mexicali,Mexicali-Baja,Hogar,Cortinas,Logística Frontera,Vendedor_02,17,7481.27,10,6733.14,114463.38,Transferencia,Duplicado,4541.34,34.6
V01112,2024-05-05,Tijuana,Tijuana-La Mesa,Hogar,Almohadas,Proveedor Norte SA,Vendedor_02,6,2539.48,0,2539.48,15236.88,Efectivo,No,1318.85,36.9
V01113,2024-04-24,Ensenada,Ensenada-Centro,Electrónica,Cables,Logística Frontera,Vendedor_10,1,1678.9,0,1678.9,1678.9,Transferencia,No,856.52,23.8
V01114,2024-11-20,Rosarito,Rosarito-Principal,Ferretería,Adhesivos,Mayoreo TJ,Vendedor_26,1,6734.11,0,6734.11,6734.11,Transferencia,Duplicado,3372.34,39.7
V01115,2024-09-09,Mexicali,Mexicali-Centro,Ferretería,Electricidad,Importaciones Mex,Vendedor_08,4,6485.93,0,6485.93,25943.72,Transferencia,No,3907.14,50.7
V01116,2025-01-30,Mexicali,Mexicali-Baja,Electrónica,Televisores,Importaciones Mex,Vendedor_08,14,1948.23,10,1753.41,24547.74,Efectivo,No,1289.38,31.3
V01117,2024-10-05,Tecate,Tecate-Centro,Ropa,Calcetines,Comercial Baja,Vendedor_14,1,6812.16,20,5449.73,5449.73,Vale Despensa,Duplicado,3648.4,15.8
V01118,2025-01-21,Rosarito,Rosarito-Principal,Hogar,Cojines,Abastos del Pacífico,Vendedor_07,20,3015.04,0,3015.04,60300.8,Tarjeta Débito,No cumplió expectativas,1593.61,31.2
V01119,2024-09-06,Mexicali,Mexicali-Nueva,Alimentos,Carnes Frías,Comercial Baja,Vendedor_23,1,3066.58,25,2299.93,2299.93,Efectivo,Talla incorrecta,1678.09,28.8
V01120,2025-03-23,Tecate,Tecate-Centro,Hogar,Almohadas,Surtimax,Vendedor_08,3,5807.22,20,4645.78,13937.34,Tarjeta Crédito,Cambio de opinión,3145.47,54.9
V01121,2025-01-25,Tecate,Tecate-Centro,Ropa,Zapatos,Proveedor Norte SA,Vendedor_25,2,6836.49,5,6494.67,12989.34,Tarjeta Débito,No,3230.19,51.6
V01122,2024-06-01,Tijuana,Tijuana-Zona Río,Farmacia,Medicamentos,Mayoreo TJ,Vendedor_28,15,2040.61,10,1836.55,27548.25,Transferencia,Cambio de opinión,1060.36,51.6
V01123,2024-02-23,Mexicali,Mexicali-Baja,Alimentos,Lácteos,Mayoreo TJ,Vendedor_10,3,4188.04,5,3978.64,11935.92,Vale Despensa,No,2376.97,31.9
V01124,2024-04-13,Mexicali,Mexicali-Centro,Electrónica,Tabletas,Mayoreo TJ,Vendedor_18,3,4840.94,0,4840.94,14522.82,Efectivo,Cambio de opinión,3121.27,37.1
V01125,2024-06-24,Ensenada,Ensenada-Centro,Ropa,Vestidos,Proveedor Norte SA,Vendedor_17,11,2002.89,0,2002.89,22031.79,Vale Despensa,Cambio de opinión,1349.37,30.8
V01126,2025-01-11,Mexicali,Mexicali-Centro,Hogar,Cobijas,Logística Frontera,Vendedor_15,20,6779.97,5,6440.97,128819.4,Tarjeta Débito,No,3822.11,43.4
V01127,2024-01-01,San Quintín,San Quintín-Central,Ropa,Camisas,Comercial Baja,Vendedor_17,5,583.24,20,466.59,2332.95,Transferencia,Cambio de opinión,361.25,30.8
V01128,2025-02-18,Rosarito,Rosarito-Principal,Ferretería,Brochas,Abastos del Pacífico,Vendedor_06,20,7698.73,15,6543.92,130878.4,Vale Despensa,Cambio de opinión,5115.67,20.0
V01129,2025-02-26,Tijuana,Tijuana-Otay,Electrónica,Cargadores,Abastos del Pacífico,Vendedor_10,20,6743.47,0,6743.47,134869.4,Tarjeta Crédito,No,3074.81,34.5
V01130,2025-02-09,Tijuana,Tijuana-Otay,Hogar,Cobijas,Mayoreo TJ,Vendedor_01,10,3627.03,0,3627.03,36270.3,Tarjeta Débito,Duplicado,2451.57,25.1
V01131,2024-05-13,Tecate,Tecate-Centro,Farmacia,Termómetros,Proveedor Norte SA,Vendedor_08,15,3003.96,5,2853.76,42806.4,Tarjeta Débito,No,2025.45,51.9
V01132,2024-03-20,Ensenada,Ensenada-Maneadero,Electrónica,Cargadores,Logística Frontera,Vendedor_12,14,3747.46,20,2997.97,41971.58,Vale Despensa,No,2203.14,16.6
V01133,2024-04-13,Tecate,Tecate-Centro,Alimentos,Conservas,Logística Frontera,Vendedor_02,1,1588.16,0,1588.16,1588.16,Efectivo,No cumplió expectativas,916.97,40.2
V01134,2024-11-30,Ensenada,Ensenada-Centro,Hogar,Almohadas,Surtimax,Vendedor_02,12,2705.63,25,2029.22,24350.64,Vale Despensa,Cambio de opinión,1613.65,50.3
V01135,2025-01-21,Tecate,Tecate-Centro,Ferretería,Herramientas,Comercial Baja,Vendedor_24,5,5347.24,0,5347.24,26736.2,Tarjeta Crédito,No,2598.69,45.5
V01136,2024-02-15,Mexicali,Mexicali-Centro,Ferretería,Selladores,Proveedor Norte SA,Vendedor_05,2,2242.29,5,2130.18,4260.36,Tarjeta Débito,Cambio de opinión,1243.56,22.7
V01137,2024-03-08,Mexicali,Mexicali-Baja,Ferretería,Electricidad,Proveedor Norte SA,Vendedor_09,1,7923.89,5,7527.7,7527.7,Transferencia,No cumplió expectativas,5124.8,23.8
V01138,2025-01-16,Mexicali,Mexicali-Nueva,Hogar,Lámparas,Logística Frontera,Vendedor_19,11,685.76,25,514.32,5657.52,Vale Despensa,No,402.53,51.1
V01139,2024-09-08,San Quintín,San Quintín-Central,Farmacia,Bebés,Proveedor Norte SA,Vendedor_14,20,4237.34,10,3813.61,76272.2,Transferencia,Duplicado,2195.14,52.6
V01140,2024-04-19,Ensenada,Ensenada-Maneadero,Farmacia,Anteojos,Importaciones Mex,Vendedor_28,9,457.73,10,411.96,3707.64,Tarjeta Débito,No cumplió expectativas,306.76,24.9
V01141,2024-12-05,Mexicali,Mexicali-Centro,Farmacia,Bebés,Distribuidora BC,Vendedor_08,14,3330.53,20,2664.42,37301.88,Tarjeta Débito,Cambio de opinión,2017.52,52.9
V01142,2025-02-28,San Quintín,San Quintín-Central,Alimentos,Snacks,Proveedor Norte SA,Vendedor_11,5,3513.21,20,2810.57,14052.85,Tarjeta Crédito,No,1684.78,24.4
V01143,2024-09-06,Tecate,Tecate-Centro,Ferretería,Plomería,Mayoreo TJ,Vendedor_11,10,3272.28,5,3108.67,31086.7,Tarjeta Débito,No,1961.72,38.7
V01144,2025-03-14,Tijuana,Tijuana-Garita,Electrónica,Laptops,Distribuidora BC,Vendedor_30,5,6379.74,0,6379.74,31898.7,Tarjeta Débito,No,4452.8,15.1
V01145,2024-03-30,Mexicali,Mexicali-Centro,Ropa,Chamarras,Mayoreo TJ,Vendedor_29,12,7870.42,15,6689.86,80278.32,Tarjeta Crédito,Defecto de fábrica,4191.28,16.6
V01146,2025-02-04,Rosarito,Rosarito-Principal,Electrónica,Televisores,Distribuidora BC,Vendedor_09,6,6580.37,5,6251.35,37508.1,Vale Despensa,No,3440.59,48.5
V01147,2024-04-08,Tijuana,Tijuana-Zona Río,Alimentos,Lácteos,Importaciones Mex,Vendedor_23,6,566.29,10,509.66,3057.96,Tarjeta Crédito,No,259.37,49.1
V01148,2024-11-09,San Quintín,San Quintín-Central,Farmacia,Termómetros,Abastos del Pacífico,Vendedor_14,17,6491.65,15,5517.9,93804.3,Tarjeta Débito,Cambio de opinión,4210.25,48.9
V01149,2024-03-22,San Quintín,San Quintín-Central,Ropa,Zapatos,Distribuidora BC,Vendedor_05,2,3717.23,0,3717.23,7434.46,Efectivo,Defecto de fábrica,2600.41,20.0
V01150,2025-03-21,San Quintín,San Quintín-Central,Alimentos,Conservas,Distribuidora BC,Vendedor_30,16,5517.42,5,5241.55,83864.8,Vale Despensa,No,3488.91,27.1
V01151,2024-12-19,San Quintín,San Quintín-Central,Hogar,Muebles,Proveedor Norte SA,Vendedor_02,7,2945.46,20,2356.37,16494.59,Tarjeta Crédito,Talla incorrecta,1612.31,47.5
V01152,2024-11-18,Tecate,Tecate-Centro,Farmacia,Bebés,Mayoreo TJ,Vendedor_01,14,3624.42,15,3080.76,43130.64,Tarjeta Débito,No,2495.68,31.6
V01153,2025-05-22,Tecate,Tecate-Centro,Ropa,Camisas,Importaciones Mex,Vendedor_24,17,7079.54,5,6725.56,114334.52,Tarjeta Débito,Cambio de opinión,3925.38,45.8
V01154,2024-01-03,San Quintín,San Quintín-Central,Farmacia,Bebés,Comercial Baja,Vendedor_25,11,6411.66,15,5449.91,59949.01,Vale Despensa,Talla incorrecta,3208.58,20.9
V01155,2024-02-10,San Quintín,San Quintín-Central,Ferretería,Selladores,Logística Frontera,Vendedor_18,14,7122.21,5,6766.1,94725.4,Transferencia,No,3284.25,28.3
V01156,2024-08-16,Tecate,Tecate-Centro,Hogar,Almohadas,Logística Frontera,Vendedor_10,11,7435.93,5,7064.13,77705.43,Efectivo,No,4864.47,41.7
V01157,2024-08-15,Rosarito,Rosarito-Principal,Hogar,Utensilios,Importaciones Mex,Vendedor_13,2,84.07,5,79.87,159.74,Efectivo,No,46.87,53.3
V01158,2024-08-06,Ensenada,Ensenada-Maneadero,Electrónica,Audífonos,Logística Frontera,Vendedor_25,16,6162.76,0,6162.76,98604.16,Efectivo,No,4090.89,52.0
V01159,2024-12-02,Tecate,Tecate-Centro,Ropa,Zapatos,Comercial Baja,Vendedor_01,3,162.98,20,130.38,391.14,Efectivo,Duplicado,78.63,45.0
V01160,2025-03-12,Ensenada,Ensenada-Centro,Farmacia,Primeros Auxilios,Mayoreo TJ,Vendedor_12,6,5390.9,20,4312.72,25876.32,Efectivo,Duplicado,3457.04,26.6
V01161,2024-03-08,Rosarito,Rosarito-Principal,Electrónica,Celulares,Mayoreo TJ,Vendedor_04,8,6992.11,0,6992.11,55936.88,Transferencia,Cambio de opinión,3736.46,35.0
V01162,2024-12-30,Rosarito,Rosarito-Principal,Ferretería,Pinturas,Surtimax,Vendedor_06,3,3875.87,10,3488.28,10464.84,Transferencia,Talla incorrecta,2525.71,36.8
V01163,2024-12-16,Ensenada,Ensenada-Centro,Ferretería,Pinturas,Importaciones Mex,Vendedor_16,5,7937.38,0,7937.38,39686.9,Tarjeta Crédito,No cumplió expectativas,3630.93,49.1
V01164,2025-05-10,Tecate,Tecate-Centro,Ferretería,Selladores,Distribuidora BC,Vendedor_24,20,1738.26,5,1651.35,33027.0,Tarjeta Débito,No,1144.87,52.4
V01165,2024-02-07,Tecate,Tecate-Centro,Hogar,Decoración,Importaciones Mex,Vendedor_01,2,5158.09,5,4900.19,9800.38,Vale Despensa,No,2779.46,54.5
V01166,2024-05-17,Ensenada,Ensenada-Maneadero,Hogar,Muebles,Distribuidora BC,Vendedor_19,3,7758.19,25,5818.64,17455.92,Tarjeta Débito,Talla incorrecta,4409.43,37.1
V01167,2024-11-15,Rosarito,Rosarito-Principal,Electrónica,Televisores,Abastos del Pacífico,Vendedor_10,8,6299.86,15,5354.88,42839.04,Efectivo,No,4187.29,17.2
V01168,2024-12-14,Ensenada,Ensenada-Centro,Farmacia,Primeros Auxilios,Distribuidora BC,Vendedor_17,9,6534.76,0,6534.76,58812.84,Tarjeta Crédito,No,3063.35,27.3
V01169,2024-04-05,Ensenada,Ensenada-Maneadero,Electrónica,Televisores,Distribuidora BC,Vendedor_12,6,7850.97,15,6673.32,40039.92,Efectivo,No cumplió expectativas,3719.71,25.6
V01170,2024-02-20,Ensenada,Ensenada-Maneadero,Electrónica,Celulares,Logística Frontera,Vendedor_27,8,4632.47,0,4632.47,37059.76,Vale Despensa,Cambio de opinión,2958.81,51.5
V01171,2025-02-17,Tijuana,Tijuana-Zona Río,Ferretería,Electricidad,Logística Frontera,Vendedor_30,4,7255.24,10,6529.72,26118.88,Transferencia,Defecto de fábrica,3433.48,28.3
V01172,2025-05-03,San Quintín,San Quintín-Central,Ropa,Pantalones,Comercial Baja,Vendedor_26,4,799.8,0,799.8,3199.2,Tarjeta Crédito,Defecto de fábrica,441.09,19.3
V01173,2024-04-16,Mexicali,Mexicali-Nueva,Ferretería,Plomería,Comercial Baja,Vendedor_07,6,701.97,0,701.97,4211.82,Tarjeta Débito,Defecto de fábrica,345.61,53.3
V01174,2024-07-11,San Quintín,San Quintín-Central,Hogar,Muebles,Importaciones Mex,Vendedor_02,19,5467.22,10,4920.5,93489.5,Transferencia,No,2748.66,41.7
V01175,2024-10-21,Mexicali,Mexicali-Nueva,Alimentos,Conservas,Importaciones Mex,Vendedor_20,19,1132.87,20,906.3,17219.7,Efectivo,Cambio de opinión,710.0,25.2
V01176,2024-05-11,Rosarito,Rosarito-Principal,Electrónica,Laptops,Mayoreo TJ,Vendedor_27,9,3274.08,5,3110.38,27993.42,Vale Despensa,No,1571.54,41.8
V01177,2025-02-08,Mexicali,Mexicali-Nueva,Electrónica,Tabletas,Importaciones Mex,Vendedor_09,3,7985.25,0,7985.25,23955.75,Efectivo,No cumplió expectativas,4740.39,41.1
V01178,2025-04-02,San Quintín,San Quintín-Central,Farmacia,Medicamentos,Mayoreo TJ,Vendedor_24,7,3336.18,15,2835.75,19850.25,Efectivo,No cumplió expectativas,2225.9,28.0
V01179,2024-07-30,Tecate,Tecate-Centro,Farmacia,Primeros Auxilios,Surtimax,Vendedor_07,5,3575.12,5,3396.36,16981.8,Tarjeta Débito,No,2046.68,53.0
V01180,2024-03-02,Tecate,Tecate-Centro,Alimentos,Snacks,Logística Frontera,Vendedor_07,2,3494.68,0,3494.68,6989.36,Transferencia,No,1669.07,26.5
V01181,2024-03-07,Ensenada,Ensenada-Maneadero,Ropa,Calcetines,Comercial Baja,Vendedor_12,17,6163.98,25,4622.98,78590.66,Tarjeta Crédito,No,3766.58,33.0
V01182,2025-03-24,San Quintín,San Quintín-Central,Hogar,Almohadas,Proveedor Norte SA,Vendedor_25,8,2193.63,25,1645.22,13161.76,Tarjeta Débito,No cumplió expectativas,1340.98,30.4
V01183,2024-10-05,Rosarito,Rosarito-Principal,Electrónica,Audífonos,Logística Frontera,Vendedor_24,4,5783.88,10,5205.49,20821.96,Transferencia,No,2632.1,37.7
V01184,2024-01-04,Tijuana,Tijuana-Otay,Alimentos,Panadería,Proveedor Norte SA,Vendedor_11,16,6487.2,0,6487.2,103795.2,Vale Despensa,No cumplió expectativas,3599.95,28.7
V01185,2024-10-05,Tecate,Tecate-Centro,Ropa,Pantalones,Importaciones Mex,Vendedor_21,9,5874.32,20,4699.46,42295.14,Transferencia,No,3627.15,53.4
V01186,2024-11-28,Rosarito,Rosarito-Principal,Electrónica,Cables,Surtimax,Vendedor_12,8,3801.24,5,3611.18,28889.44,Transferencia,Defecto de fábrica,2431.77,36.3
V01187,2024-05-20,Tecate,Tecate-Centro,Hogar,Muebles,Abastos del Pacífico,Vendedor_28,19,5533.35,0,5533.35,105133.65,Efectivo,Duplicado,2773.54,31.5
V01188,2024-08-11,San Quintín,San Quintín-Central,Electrónica,Cámaras,Distribuidora BC,Vendedor_02,7,5761.53,5,5473.45,38314.15,Tarjeta Crédito,No,2609.54,38.5
V01189,2024-08-30,Tijuana,Tijuana-Playas,Farmacia,Termómetros,Distribuidora BC,Vendedor_03,11,7150.17,0,7150.17,78651.87,Tarjeta Crédito,No,4631.7,36.5
V01190,2025-05-16,San Quintín,San Quintín-Central,Electrónica,Cámaras,Abastos del Pacífico,Vendedor_29,1,5527.52,0,5527.52,5527.52,Tarjeta Crédito,Duplicado,2625.7,35.1
V01191,2025-04-08,Mexicali,Mexicali-Nueva,Alimentos,Snacks,Mayoreo TJ,Vendedor_01,12,3445.49,15,2928.67,35144.04,Efectivo,No,2395.22,37.9
V01192,2024-07-02,San Quintín,San Quintín-Central,Ropa,Vestidos,Importaciones Mex,Vendedor_07,2,6587.4,5,6258.03,12516.06,Tarjeta Débito,Duplicado,3450.15,17.5
V01193,2024-11-02,Tecate,Tecate-Centro,Ferretería,Tornillería,Mayoreo TJ,Vendedor_23,12,300.35,5,285.33,3423.96,Efectivo,No,197.75,21.4
V01194,2024-04-21,Tecate,Tecate-Centro,Ropa,Ropa Interior,Mayoreo TJ,Vendedor_07,14,329.28,0,329.28,4609.92,Efectivo,Talla incorrecta,160.83,19.3
V01195,2024-06-10,Mexicali,Mexicali-Nueva,Ropa,Chamarras,Importaciones Mex,Vendedor_15,15,5723.89,15,4865.31,72979.65,Transferencia,No,2822.07,48.5
V01196,2025-02-19,Tecate,Tecate-Centro,Alimentos,Panadería,Abastos del Pacífico,Vendedor_25,7,4869.94,0,4869.94,34089.58,Vale Despensa,Cambio de opinión,2757.44,18.6
V01197,2024-04-25,Rosarito,Rosarito-Principal,Farmacia,Higiene,Comercial Baja,Vendedor_13,18,7211.61,5,6851.03,123318.54,Vale Despensa,No,4529.7,47.7
V01198,2024-03-16,Tijuana,Tijuana-Zona Río,Ropa,Zapatos,Distribuidora BC,Vendedor_11,2,6401.6,5,6081.52,12163.04,Vale Despensa,Duplicado,3741.04,25.4
V01199,2024-08-13,Ensenada,Ensenada-Centro,Ropa,Camisas,Mayoreo TJ,Vendedor_20,5,3450.38,5,3277.86,16389.3,Transferencia,Talla incorrecta,1614.29,43.8
V01200,2024-01-31,Rosarito,Rosarito-Principal,Farmacia,Bebés,Proveedor Norte SA,Vendedor_25,11,3714.15,10,3342.74,36770.14,Efectivo,Defecto de fábrica,2391.27,42.6
V01201,2024-07-13,San Quintín,San Quintín-Central,Electrónica,Cargadores,Distribuidora BC,Vendedor_15,3,1361.15,0,1361.15,4083.45,Vale Despensa,No,832.87,17.3
V01202,2024-04-27,San Quintín,San Quintín-Central,Farmacia,Higiene,Logística Frontera,Vendedor_25,13,7907.8,15,6721.63,87381.19,Tarjeta Crédito,No,4074.11,18.4
V01203,2024-06-28,Mexicali,Mexicali-Nueva,Farmacia,Termómetros,Proveedor Norte SA,Vendedor_11,5,2333.11,0,2333.11,11665.55,Transferencia,Cambio de opinión,1323.38,35.3
V01204,2025-01-21,Tecate,Tecate-Centro,Electrónica,Televisores,Surtimax,Vendedor_03,8,72.22,10,65.0,520.0,Tarjeta Crédito,No,45.57,26.0
V01205,2024-08-21,Mexicali,Mexicali-Baja,Hogar,Lámparas,Surtimax,Vendedor_22,9,1924.62,0,1924.62,17321.58,Efectivo,No,1042.28,47.9
V01206,2024-02-24,Rosarito,Rosarito-Principal,Farmacia,Medicamentos,Importaciones Mex,Vendedor_08,16,4442.72,0,4442.72,71083.52,Transferencia,No,2667.97,39.6
V01207,2024-02-18,Tecate,Tecate-Centro,Electrónica,Celulares,Abastos del Pacífico,Vendedor_09,9,1049.85,0,1049.85,9448.65,Vale Despensa,Talla incorrecta,505.05,37.2
V01208,2025-04-30,Rosarito,Rosarito-Principal,Alimentos,Panadería,Importaciones Mex,Vendedor_17,18,7699.11,0,7699.11,138583.98,Tarjeta Débito,No,4192.33,45.6
V01209,2025-02-13,Rosarito,Rosarito-Principal,Hogar,Utensilios,Logística Frontera,Vendedor_24,5,1975.71,0,1975.71,9878.55,Tarjeta Débito,No,1146.76,40.8
V01210,2024-05-13,San Quintín,San Quintín-Central,Hogar,Utensilios,Abastos del Pacífico,Vendedor_07,14,1310.81,5,1245.27,17433.78,Efectivo,No,691.32,46.1
V01211,2024-12-29,Tijuana,Tijuana-La Mesa,Electrónica,Cables,Logística Frontera,Vendedor_28,6,2368.42,20,1894.74,11368.44,Efectivo,No,1176.27,46.5
V01212,2025-04-26,San Quintín,San Quintín-Central,Alimentos,Lácteos,Logística Frontera,Vendedor_14,3,2385.97,0,2385.97,7157.91,Tarjeta Crédito,No,1588.51,35.5
V01213,2024-12-05,Rosarito,Rosarito-Principal,Ropa,Pantalones,Comercial Baja,Vendedor_20,9,2978.56,0,2978.56,26807.04,Efectivo,No cumplió expectativas,1842.0,28.6
V01214,2024-12-29,Ensenada,Ensenada-Centro,Alimentos,Carnes Frías,Logística Frontera,Vendedor_19,7,1676.89,5,1593.05,11151.35,Tarjeta Crédito,Duplicado,1124.98,19.9
V01215,2025-04-22,San Quintín,San Quintín-Central,Ropa,Pantalones,Proveedor Norte SA,Vendedor_20,17,765.96,25,574.47,9765.99,Tarjeta Débito,Talla incorrecta,390.85,18.7
V01216,2024-02-10,San Quintín,San Quintín-Central,Hogar,Cojines,Proveedor Norte SA,Vendedor_24,8,1120.92,15,952.78,7622.24,Efectivo,No,772.37,51.7
V01217,2024-01-09,Rosarito,Rosarito-Principal,Alimentos,Cereales,Mayoreo TJ,Vendedor_07,18,807.7,20,646.16,11630.88,Efectivo,Defecto de fábrica,564.84,16.2
V01218,2025-01-21,Tijuana,Tijuana-Playas,Hogar,Lámparas,Comercial Baja,Vendedor_21,8,4420.44,0,4420.44,35363.52,Transferencia,No,2280.82,26.3
V01219,2025-01-11,Rosarito,Rosarito-Principal,Farmacia,Anteojos,Surtimax,Vendedor_05,13,7337.54,5,6970.66,90618.58,Efectivo,No,3441.77,39.1
V01220,2024-08-24,Tijuana,Tijuana-Zona Río,Farmacia,Primeros Auxilios,Comercial Baja,Vendedor_11,8,915.41,10,823.87,6590.96,Efectivo,No,546.17,45.3
V01221,2024-09-02,Tecate,Tecate-Centro,Ropa,Vestidos,Logística Frontera,Vendedor_11,3,7535.72,0,7535.72,22607.16,Tarjeta Crédito,No,4179.06,18.7
V01222,2024-01-22,Tijuana,Tijuana-Playas,Ropa,Calcetines,Importaciones Mex,Vendedor_16,12,7528.31,0,7528.31,90339.72,Transferencia,No,4194.53,53.7
V01223,2024-01-19,San Quintín,San Quintín-Central,Ferretería,Pinturas,Importaciones Mex,Vendedor_28,14,976.28,0,976.28,13667.92,Efectivo,Defecto de fábrica,566.31,23.1
V01224,2024-06-06,Tecate,Tecate-Centro,Ferretería,Pinturas,Distribuidora BC,Vendedor_11,13,6554.47,0,6554.47,85208.11,Tarjeta Débito,No,3113.28,22.0
V01225,2024-07-06,Mexicali,Mexicali-Baja,Alimentos,Conservas,Distribuidora BC,Vendedor_16,17,463.81,20,371.05,6307.85,Transferencia,No,257.93,37.5
V01226,2024-09-04,Mexicali,Mexicali-Nueva,Ropa,Chamarras,Proveedor Norte SA,Vendedor_26,4,2358.69,0,2358.69,9434.76,Vale Despensa,Cambio de opinión,1642.32,46.2
V01227,2024-02-17,Ensenada,Ensenada-Maneadero,Ropa,Gorras,Importaciones Mex,Vendedor_21,14,6909.53,0,6909.53,96733.42,Tarjeta Crédito,Duplicado,4170.78,20.0
V01228,2025-01-12,Tijuana,Tijuana-Playas,Hogar,Muebles,Distribuidora BC,Vendedor_26,17,4865.17,0,4865.17,82707.89,Tarjeta Crédito,No,2536.9,22.3
V01229,2025-01-19,Tijuana,Tijuana-La Mesa,Alimentos,Lácteos,Comercial Baja,Vendedor_03,20,3252.7,20,2602.16,52043.2,Vale Despensa,Cambio de opinión,1704.05,36.4
V01230,2024-01-22,Ensenada,Ensenada-Maneadero,Farmacia,Cuidado Personal,Logística Frontera,Vendedor_19,10,1218.11,0,1218.11,12181.1,Vale Despensa,No,789.43,49.3
V01231,2024-05-24,Mexicali,Mexicali-Centro,Electrónica,Celulares,Abastos del Pacífico,Vendedor_19,10,6721.53,5,6385.45,63854.5,Vale Despensa,No,4638.91,17.2
V01232,2025-03-03,Rosarito,Rosarito-Principal,Ferretería,Brochas,Comercial Baja,Vendedor_06,15,1282.26,0,1282.26,19233.9,Tarjeta Débito,Defecto de fábrica,676.23,52.7
V01233,2024-05-21,San Quintín,San Quintín-Central,Ferretería,Plomería,Proveedor Norte SA,Vendedor_27,8,2639.94,15,2243.95,17951.6,Tarjeta Crédito,No,1734.45,50.9
V01234,2025-01-02,Tecate,Tecate-Centro,Ropa,Calcetines,Mayoreo TJ,Vendedor_14,13,2763.65,0,2763.65,35927.45,Tarjeta Crédito,No,1308.24,37.0
V01235,2025-05-08,Rosarito,Rosarito-Principal,Alimentos,Cereales,Distribuidora BC,Vendedor_22,1,5061.31,5,4808.24,4808.24,Tarjeta Débito,No,3247.45,47.3
V01236,2024-06-01,Ensenada,Ensenada-Maneadero,Electrónica,Audífonos,Logística Frontera,Vendedor_28,13,6754.3,10,6078.87,79025.31,Vale Despensa,Duplicado,3498.56,51.0
V01237,2025-02-04,Tijuana,Tijuana-Otay,Hogar,Cojines,Distribuidora BC,Vendedor_02,20,57.78,20,46.22,924.4,Efectivo,No,38.04,45.5
V01238,2024-02-19,Rosarito,Rosarito-Principal,Electrónica,Laptops,Abastos del Pacífico,Vendedor_17,1,5363.1,15,4558.64,4558.64,Efectivo,Talla incorrecta,3234.04,26.2
V01239,2024-07-19,Ensenada,Ensenada-Centro,Farmacia,Bebés,Comercial Baja,Vendedor_21,6,481.87,20,385.5,2313.0,Transferencia,No,292.37,17.0
V01240,2025-03-29,Ensenada,Ensenada-Centro,Farmacia,Primeros Auxilios,Logística Frontera,Vendedor_13,15,2197.47,25,1648.1,24721.5,Tarjeta Débito,No,1020.82,52.7
V01241,2024-01-20,Mexicali,Mexicali-Nueva,Hogar,Almohadas,Distribuidora BC,Vendedor_24,12,5387.58,0,5387.58,64650.96,Transferencia,No,3400.89,48.0
V01242,2025-02-10,Tecate,Tecate-Centro,Ropa,Pantalones,Logística Frontera,Vendedor_03,1,6164.45,10,5548.01,5548.01,Tarjeta Débito,No,3079.82,33.2
V01243,2024-12-19,Tijuana,Tijuana-Otay,Alimentos,Conservas,Distribuidora BC,Vendedor_15,7,5733.61,0,5733.61,40135.27,Vale Despensa,No,3909.13,33.6
V01244,2025-01-23,Mexicali,Mexicali-Centro,Farmacia,Vitaminas,Importaciones Mex,Vendedor_25,1,674.83,0,674.83,674.83,Transferencia,Talla incorrecta,343.82,35.5
V01245,2024-05-04,San Quintín,San Quintín-Central,Ropa,Gorras,Importaciones Mex,Vendedor_15,13,3991.2,15,3392.52,44102.76,Efectivo,Duplicado,2685.48,36.8
V01246,2024-11-26,Ensenada,Ensenada-Maneadero,Ferretería,Herramientas,Mayoreo TJ,Vendedor_28,19,5821.59,0,5821.59,110610.21,Transferencia,Defecto de fábrica,3047.63,16.7
V01247,2024-07-28,Tijuana,Tijuana-La Mesa,Alimentos,Panadería,Distribuidora BC,Vendedor_13,15,7959.68,5,7561.7,113425.5,Transferencia,Cambio de opinión,4644.84,52.1
V01248,2024-06-14,Tecate,Tecate-Centro,Farmacia,Higiene,Comercial Baja,Vendedor_29,1,7325.61,0,7325.61,7325.61,Vale Despensa,Talla incorrecta,4278.6,22.3
V01249,2025-03-24,San Quintín,San Quintín-Central,Alimentos,Cereales,Abastos del Pacífico,Vendedor_28,16,1414.38,15,1202.22,19235.52,Tarjeta Débito,Duplicado,945.77,36.6
V01250,2025-04-05,Tijuana,Tijuana-Zona Río,Ropa,Ropa Interior,Comercial Baja,Vendedor_26,8,3296.98,15,2802.43,22419.44,Vale Despensa,Defecto de fábrica,1932.52,40.5
V01251,2024-08-29,Tecate,Tecate-Centro,Hogar,Cortinas,Mayoreo TJ,Vendedor_28,16,5615.89,20,4492.71,71883.36,Efectivo,No,3039.72,15.1
V01252,2024-06-12,Rosarito,Rosarito-Principal,Electrónica,Celulares,Abastos del Pacífico,Vendedor_22,11,1484.57,15,1261.88,13880.68,Tarjeta Crédito,Talla incorrecta,673.56,28.4
V01253,2024-06-27,Tecate,Tecate-Centro,Farmacia,Primeros Auxilios,Mayoreo TJ,Vendedor_11,3,3269.23,0,3269.23,9807.69,Vale Despensa,Talla incorrecta,1796.39,33.3
V01254,2024-01-17,Rosarito,Rosarito-Principal,Ferretería,Electricidad,Mayoreo TJ,Vendedor_29,18,1919.99,10,1727.99,31103.82,Efectivo,No cumplió expectativas,1272.41,46.9
V01255,2024-10-25,Rosarito,Rosarito-Principal,Farmacia,Anteojos,Logística Frontera,Vendedor_29,17,7801.32,10,7021.19,119360.23,Vale Despensa,No cumplió expectativas,4169.26,44.4
V01256,2025-04-13,Rosarito,Rosarito-Principal,Farmacia,Vitaminas,Comercial Baja,Vendedor_03,18,2304.35,25,1728.26,31108.68,Tarjeta Crédito,Defecto de fábrica,1569.06,24.4
V01257,2025-04-07,Rosarito,Rosarito-Principal,Hogar,Almohadas,Abastos del Pacífico,Vendedor_25,1,3846.93,0,3846.93,3846.93,Efectivo,Cambio de opinión,2657.77,17.5
V01258,2025-03-22,San Quintín,San Quintín-Central,Hogar,Cortinas,Comercial Baja,Vendedor_23,20,3106.57,0,3106.57,62131.4,Tarjeta Débito,No,2048.04,20.2
V01259,2024-01-01,Rosarito,Rosarito-Principal,Hogar,Muebles,Mayoreo TJ,Vendedor_22,17,6334.7,15,5384.49,91536.33,Tarjeta Débito,No,3434.49,42.8
V01260,2024-02-09,Tijuana,Tijuana-Playas,Hogar,Almohadas,Distribuidora BC,Vendedor_06,15,5835.12,15,4959.85,74397.75,Tarjeta Crédito,Defecto de fábrica,3938.37,22.0
V01261,2025-02-07,San Quintín,San Quintín-Central,Alimentos,Panadería,Mayoreo TJ,Vendedor_12,15,2047.09,20,1637.67,24565.05,Vale Despensa,Duplicado,1071.74,40.5
V01262,2024-04-15,San Quintín,San Quintín-Central,Farmacia,Primeros Auxilios,Abastos del Pacífico,Vendedor_06,7,6326.8,5,6010.46,42073.22,Tarjeta Crédito,No,2972.97,42.2
V01263,2024-12-17,Ensenada,Ensenada-Centro,Ferretería,Adhesivos,Mayoreo TJ,Vendedor_19,6,5793.25,25,4344.94,26069.64,Tarjeta Débito,No,3191.58,38.6
V01264,2025-02-04,San Quintín,San Quintín-Central,Alimentos,Conservas,Surtimax,Vendedor_01,18,862.65,0,862.65,15527.7,Transferencia,No,500.11,53.3
V01265,2024-08-17,Rosarito,Rosarito-Principal,Electrónica,Cargadores,Importaciones Mex,Vendedor_10,9,6060.1,10,5454.09,49086.81,Vale Despensa,Defecto de fábrica,2908.81,42.0
V01266,2024-07-22,Rosarito,Rosarito-Principal,Electrónica,Cámaras,Surtimax,Vendedor_19,2,4812.06,0,4812.06,9624.12,Tarjeta Débito,No,2489.2,16.5
V01267,2024-04-20,Ensenada,Ensenada-Centro,Hogar,Utensilios,Surtimax,Vendedor_07,15,751.25,10,676.12,10141.8,Efectivo,No,378.74,21.9
V01268,2025-03-12,Rosarito,Rosarito-Principal,Hogar,Cortinas,Surtimax,Vendedor_02,8,5836.34,0,5836.34,46690.72,Efectivo,No,4026.78,25.6
V01269,2024-12-28,Mexicali,Mexicali-Nueva,Farmacia,Vitaminas,Comercial Baja,Vendedor_13,2,2303.66,0,2303.66,4607.32,Vale Despensa,No cumplió expectativas,1341.43,54.9
V01270,2024-01-07,San Quintín,San Quintín-Central,Ferretería,Herramientas,Surtimax,Vendedor_05,16,4860.32,0,4860.32,77765.12,Tarjeta Débito,Cambio de opinión,3213.52,36.1
V01271,2024-02-29,Ensenada,Ensenada-Maneadero,Ropa,Vestidos,Abastos del Pacífico,Vendedor_26,14,7484.63,20,5987.7,83827.8,Transferencia,No,4376.48,26.2
V01272,2024-12-13,Mexicali,Mexicali-Centro,Hogar,Decoración,Abastos del Pacífico,Vendedor_12,18,4106.16,10,3695.54,66519.72,Tarjeta Crédito,No,2656.28,48.7
V01273,2025-03-14,Ensenada,Ensenada-Centro,Ferretería,Tornillería,Proveedor Norte SA,Vendedor_05,3,2471.11,0,2471.11,7413.33,Efectivo,No,1657.18,16.7
V01274,2024-08-30,Ensenada,Ensenada-Maneadero,Farmacia,Cuidado Personal,Distribuidora BC,Vendedor_26,3,4711.33,5,4475.76,13427.28,Tarjeta Crédito,No cumplió expectativas,3143.03,17.8
V01275,2024-07-05,Tijuana,Tijuana-Playas,Alimentos,Condimentos,Logística Frontera,Vendedor_10,14,318.62,5,302.69,4237.66,Tarjeta Crédito,Talla incorrecta,211.18,36.0
V01276,2025-04-04,Tecate,Tecate-Centro,Ferretería,Brochas,Logística Frontera,Vendedor_21,14,1195.38,5,1135.61,15898.54,Transferencia,No,582.66,15.3
V01277,2024-08-11,Ensenada,Ensenada-Centro,Alimentos,Panadería,Distribuidora BC,Vendedor_24,17,1712.75,0,1712.75,29116.75,Tarjeta Débito,No cumplió expectativas,852.27,17.5
V01278,2025-01-21,Mexicali,Mexicali-Nueva,Ropa,Camisas,Distribuidora BC,Vendedor_17,2,5033.95,0,5033.95,10067.9,Tarjeta Débito,Defecto de fábrica,2788.01,34.6
V01279,2025-02-17,Mexicali,Mexicali-Nueva,Ferretería,Brochas,Distribuidora BC,Vendedor_22,16,2792.81,0,2792.81,44684.96,Transferencia,No,1380.31,22.2
V01280,2024-09-29,Ensenada,Ensenada-Maneadero,Hogar,Decoración,Mayoreo TJ,Vendedor_13,18,2119.71,15,1801.75,32431.5,Tarjeta Débito,No,1411.06,52.7
V01281,2024-09-03,Ensenada,Ensenada-Centro,Ferretería,Pinturas,Abastos del Pacífico,Vendedor_02,13,4111.88,25,3083.91,40090.83,Vale Despensa,Talla incorrecta,2743.68,43.7
V01282,2025-03-29,Tijuana,Tijuana-La Mesa,Ropa,Pantalones,Mayoreo TJ,Vendedor_27,7,3684.48,5,3500.26,24501.82,Efectivo,Duplicado,1958.14,21.9
V01283,2024-11-30,Rosarito,Rosarito-Principal,Farmacia,Anteojos,Distribuidora BC,Vendedor_21,14,7058.39,0,7058.39,98817.46,Tarjeta Crédito,No,3593.2,37.0
V01284,2024-07-27,Mexicali,Mexicali-Centro,Alimentos,Conservas,Logística Frontera,Vendedor_09,19,5634.64,5,5352.91,101705.29,Transferencia,No,2707.67,44.0
V01285,2024-01-21,Tecate,Tecate-Centro,Ropa,Vestidos,Surtimax,Vendedor_09,8,6475.52,10,5827.97,46623.76,Tarjeta Crédito,No,3849.06,53.1
V01286,2024-07-10,Tecate,Tecate-Centro,Ropa,Gorras,Mayoreo TJ,Vendedor_15,1,4848.68,25,3636.51,3636.51,Efectivo,No,2378.39,28.2
V01287,2024-11-30,San Quintín,San Quintín-Central,Ferretería,Brochas,Importaciones Mex,Vendedor_05,16,5764.18,5,5475.97,87615.52,Tarjeta Débito,No cumplió expectativas,2634.34,42.0
V01288,2024-07-11,Tijuana,Tijuana-Otay,Alimentos,Cereales,Proveedor Norte SA,Vendedor_29,18,5847.16,0,5847.16,105248.88,Efectivo,No cumplió expectativas,3019.05,37.2
V01289,2024-12-31,Rosarito,Rosarito-Principal,Ferretería,Brochas,Importaciones Mex,Vendedor_21,12,2827.04,5,2685.69,32228.28,Vale Despensa,No cumplió expectativas,1550.88,17.4
V01290,2024-03-24,Tijuana,Tijuana-Otay,Electrónica,Audífonos,Surtimax,Vendedor_04,13,7825.02,5,7433.77,96639.01,Transferencia,No,3651.17,48.4
V01291,2024-06-20,Mexicali,Mexicali-Centro,Farmacia,Vitaminas,Surtimax,Vendedor_22,19,231.58,0,231.58,4400.02,Efectivo,No,109.56,23.0
V01292,2024-03-25,Ensenada,Ensenada-Centro,Electrónica,Tabletas,Comercial Baja,Vendedor_03,16,7297.65,20,5838.12,93409.92,Vale Despensa,Duplicado,5048.91,20.8
V01293,2025-04-16,Tijuana,Tijuana-Otay,Farmacia,Higiene,Comercial Baja,Vendedor_25,4,968.7,0,968.7,3874.8,Tarjeta Débito,No,448.87,39.2
V01294,2024-07-04,San Quintín,San Quintín-Central,Electrónica,Laptops,Distribuidora BC,Vendedor_20,5,3091.53,0,3091.53,15457.65,Efectivo,Defecto de fábrica,1736.27,43.9
V01295,2024-10-27,San Quintín,San Quintín-Central,Ropa,Zapatos,Importaciones Mex,Vendedor_14,2,7407.59,5,7037.21,14074.42,Transferencia,No,3958.08,36.4
V01296,2024-10-15,San Quintín,San Quintín-Central,Hogar,Utensilios,Distribuidora BC,Vendedor_03,5,6224.36,0,6224.36,31121.8,Tarjeta Crédito,No cumplió expectativas,2836.3,37.3
V01297,2024-06-02,Tecate,Tecate-Centro,Alimentos,Snacks,Logística Frontera,Vendedor_13,5,4632.61,15,3937.72,19688.6,Tarjeta Débito,No,2104.5,47.9
V01298,2024-08-07,Mexicali,Mexicali-Nueva,Alimentos,Conservas,Surtimax,Vendedor_05,1,5786.51,0,5786.51,5786.51,Vale Despensa,No,3322.26,15.7
V01299,2025-01-02,Tijuana,Tijuana-Otay,Hogar,Lámparas,Surtimax,Vendedor_18,14,1177.94,5,1119.04,15666.56,Tarjeta Crédito,No,644.15,45.5
V01300,2024-05-24,Mexicali,Mexicali-Centro,Electrónica,Audífonos,Proveedor Norte SA,Vendedor_14,1,7535.03,0,7535.03,7535.03,Efectivo,No,4072.35,21.5
V01301,2024-03-28,Mexicali,Mexicali-Nueva,Hogar,Utensilios,Abastos del Pacífico,Vendedor_28,15,529.46,0,529.46,7941.9,Vale Despensa,No,241.22,24.1
V01302,2024-01-08,Mexicali,Mexicali-Baja,Ferretería,Pinturas,Logística Frontera,Vendedor_02,6,2772.0,10,2494.8,14968.8,Tarjeta Débito,Duplicado,1288.04,15.7
V01303,2024-03-07,Ensenada,Ensenada-Maneadero,Hogar,Cortinas,Comercial Baja,Vendedor_19,20,2980.1,10,2682.09,53641.8,Tarjeta Crédito,No,1618.17,32.0
V01304,2025-04-17,Mexicali,Mexicali-Centro,Alimentos,Condimentos,Proveedor Norte SA,Vendedor_04,9,6740.55,0,6740.55,60664.95,Efectivo,No,3968.4,45.8
V01305,2024-08-23,Rosarito,Rosarito-Principal,Electrónica,Tabletas,Comercial Baja,Vendedor_13,18,261.83,20,209.46,3770.28,Tarjeta Crédito,Talla incorrecta,167.8,18.6
V01306,2025-04-03,Mexicali,Mexicali-Baja,Ferretería,Herramientas,Mayoreo TJ,Vendedor_19,12,4377.76,0,4377.76,52533.12,Efectivo,Talla incorrecta,2920.44,19.3
V01307,2025-04-08,Ensenada,Ensenada-Centro,Hogar,Lámparas,Importaciones Mex,Vendedor_02,14,1604.11,0,1604.11,22457.54,Transferencia,Talla incorrecta,1007.63,28.3
V01308,2024-06-28,Tijuana,Tijuana-Playas,Alimentos,Panadería,Importaciones Mex,Vendedor_01,13,3961.66,5,3763.58,48926.54,Efectivo,Talla incorrecta,2342.46,22.3
V01309,2024-01-31,Rosarito,Rosarito-Principal,Hogar,Almohadas,Distribuidora BC,Vendedor_18,16,5642.09,10,5077.88,81246.08,Efectivo,Duplicado,3009.72,55.0
V01310,2025-03-23,Mexicali,Mexicali-Nueva,Hogar,Cobijas,Abastos del Pacífico,Vendedor_27,9,6589.55,25,4942.16,44479.44,Tarjeta Débito,No,3095.33,38.4
V01311,2025-02-16,Rosarito,Rosarito-Principal,Ropa,Gorras,Abastos del Pacífico,Vendedor_04,9,200.9,0,200.9,1808.1,Tarjeta Crédito,No,138.88,40.1
V01312,2024-05-07,Tijuana,Tijuana-Garita,Electrónica,Televisores,Proveedor Norte SA,Vendedor_01,15,3603.1,25,2702.32,40534.8,Tarjeta Crédito,Cambio de opinión,2148.86,36.8
V01313,2024-03-08,Rosarito,Rosarito-Principal,Farmacia,Primeros Auxilios,Mayoreo TJ,Vendedor_02,8,4614.64,15,3922.44,31379.52,Tarjeta Crédito,No,2780.96,35.1
V01314,2025-05-19,Rosarito,Rosarito-Principal,Farmacia,Termómetros,Distribuidora BC,Vendedor_07,20,7437.63,20,5950.1,119002.0,Transferencia,Duplicado,4444.57,42.4
V01315,2024-06-01,Tecate,Tecate-Centro,Ferretería,Electricidad,Comercial Baja,Vendedor_10,4,861.34,20,689.07,2756.28,Efectivo,Duplicado,492.05,37.8
V01316,2024-10-23,Mexicali,Mexicali-Centro,Ropa,Ropa Interior,Distribuidora BC,Vendedor_20,17,3523.3,5,3347.14,56901.38,Transferencia,No,2296.32,17.7
V01317,2025-04-16,Ensenada,Ensenada-Centro,Hogar,Cobijas,Mayoreo TJ,Vendedor_04,2,259.14,25,194.35,388.7,Efectivo,No,143.22,48.6
V01318,2025-01-13,San Quintín,San Quintín-Central,Farmacia,Primeros Auxilios,Comercial Baja,Vendedor_29,8,805.87,0,805.87,6446.96,Tarjeta Débito,No,543.45,18.3
V01319,2025-02-12,Tecate,Tecate-Centro,Farmacia,Primeros Auxilios,Logística Frontera,Vendedor_18,3,7426.04,0,7426.04,22278.12,Tarjeta Débito,Cambio de opinión,3640.09,19.8
V01320,2024-01-12,Ensenada,Ensenada-Centro,Ferretería,Brochas,Mayoreo TJ,Vendedor_02,15,7781.53,15,6614.3,99214.5,Efectivo,No,4006.52,16.9
V01321,2025-01-24,Tecate,Tecate-Centro,Hogar,Lámparas,Distribuidora BC,Vendedor_10,7,6639.04,0,6639.04,46473.28,Vale Despensa,No,3656.83,45.6
V01322,2025-03-09,San Quintín,San Quintín-Central,Ropa,Gorras,Mayoreo TJ,Vendedor_15,6,5411.01,10,4869.91,29219.46,Transferencia,No,3217.65,55.0
V01323,2024-09-21,Tecate,Tecate-Centro,Alimentos,Snacks,Abastos del Pacífico,Vendedor_04,4,4731.29,5,4494.73,17978.92,Tarjeta Crédito,Talla incorrecta,2634.32,34.8
V01324,2025-01-21,Rosarito,Rosarito-Principal,Ropa,Gorras,Distribuidora BC,Vendedor_25,11,2308.73,5,2193.29,24126.19,Transferencia,No,1374.29,49.4
V01325,2025-01-20,San Quintín,San Quintín-Central,Ropa,Chamarras,Importaciones Mex,Vendedor_24,10,5137.99,20,4110.39,41103.9,Tarjeta Crédito,No,3513.82,32.2
V01326,2024-06-05,Ensenada,Ensenada-Maneadero,Ferretería,Electricidad,Surtimax,Vendedor_04,1,1255.93,25,941.95,941.95,Transferencia,No,609.86,54.2
V01327,2025-05-29,Ensenada,Ensenada-Centro,Farmacia,Anteojos,Importaciones Mex,Vendedor_09,1,2237.98,0,2237.98,2237.98,Vale Despensa,No,1230.96,42.9
V01328,2025-05-06,Mexicali,Mexicali-Nueva,Electrónica,Cables,Comercial Baja,Vendedor_20,13,1142.8,10,1028.52,13370.76,Vale Despensa,No cumplió expectativas,533.73,15.9
V01329,2024-09-11,Tijuana,Tijuana-Garita,Alimentos,Bebidas,Mayoreo TJ,Vendedor_27,19,1754.89,0,1754.89,33342.91,Tarjeta Débito,No,1103.27,19.3
V01330,2024-09-11,Mexicali,Mexicali-Baja,Farmacia,Anteojos,Logística Frontera,Vendedor_11,6,7160.82,15,6086.7,36520.2,Vale Despensa,Defecto de fábrica,4137.24,31.0
V01331,2025-05-22,San Quintín,San Quintín-Central,Ropa,Ropa Interior,Logística Frontera,Vendedor_04,10,7256.11,10,6530.5,65305.0,Vale Despensa,No cumplió expectativas,3441.87,27.7
V01332,2024-03-05,Tijuana,Tijuana-Otay,Farmacia,Primeros Auxilios,Comercial Baja,Vendedor_29,13,2225.12,20,1780.1,23141.3,Efectivo,No,1430.97,20.1
V01333,2024-05-28,Ensenada,Ensenada-Centro,Ferretería,Herramientas,Logística Frontera,Vendedor_03,18,6937.08,25,5202.81,93650.58,Transferencia,Talla incorrecta,3591.45,35.7
V01334,2025-03-08,Tijuana,Tijuana-Otay,Alimentos,Lácteos,Importaciones Mex,Vendedor_23,9,7356.98,20,5885.58,52970.22,Vale Despensa,No,4038.66,39.7
V01335,2024-12-14,Tecate,Tecate-Centro,Ferretería,Selladores,Logística Frontera,Vendedor_11,11,4559.41,0,4559.41,50153.51,Efectivo,No,2177.85,39.5
V01336,2024-02-15,San Quintín,San Quintín-Central,Electrónica,Cámaras,Distribuidora BC,Vendedor_03,13,7957.74,5,7559.85,98278.05,Transferencia,No,3737.37,42.3
V01337,2025-02-24,Tijuana,Tijuana-Otay,Ferretería,Selladores,Distribuidora BC,Vendedor_17,8,1696.78,15,1442.26,11538.08,Vale Despensa,No cumplió expectativas,873.8,29.9
V01338,2024-11-01,Tijuana,Tijuana-La Mesa,Hogar,Muebles,Logística Frontera,Vendedor_06,5,440.76,10,396.68,1983.4,Efectivo,No,230.66,30.1
V01339,2024-11-30,Tecate,Tecate-Centro,Farmacia,Anteojos,Logística Frontera,Vendedor_06,2,3479.15,20,2783.32,5566.64,Efectivo,No,2279.01,52.3
V01340,2024-01-30,Ensenada,Ensenada-Maneadero,Alimentos,Condimentos,Comercial Baja,Vendedor_26,18,6062.32,15,5152.97,92753.46,Tarjeta Crédito,No,3892.02,53.6
V01341,2024-09-21,Mexicali,Mexicali-Nueva,Ferretería,Herramientas,Abastos del Pacífico,Vendedor_26,12,3429.95,5,3258.45,39101.4,Tarjeta Débito,No,2276.02,22.4
V01342,2024-12-21,Tecate,Tecate-Centro,Farmacia,Primeros Auxilios,Proveedor Norte SA,Vendedor_01,11,480.83,20,384.66,4231.26,Transferencia,Duplicado,235.64,22.5
V01343,2025-05-04,Mexicali,Mexicali-Centro,Alimentos,Lácteos,Logística Frontera,Vendedor_13,14,7708.07,25,5781.05,80934.7,Tarjeta Débito,No,4940.5,39.5
V01344,2025-01-16,Tecate,Tecate-Centro,Electrónica,Laptops,Logística Frontera,Vendedor_18,3,1456.18,0,1456.18,4368.54,Vale Despensa,No,888.06,54.7
V01345,2025-05-21,Tijuana,Tijuana-Zona Río,Electrónica,Laptops,Mayoreo TJ,Vendedor_07,16,3822.95,20,3058.36,48933.76,Efectivo,No,1885.56,38.8
V01346,2024-06-17,Ensenada,Ensenada-Maneadero,Electrónica,Audífonos,Distribuidora BC,Vendedor_05,9,3596.62,20,2877.3,25895.7,Efectivo,No,2445.27,17.1
V01347,2025-01-30,Rosarito,Rosarito-Principal,Ropa,Gorras,Proveedor Norte SA,Vendedor_15,12,2770.1,20,2216.08,26592.96,Vale Despensa,No,1489.17,47.8
V01348,2024-08-26,Mexicali,Mexicali-Baja,Alimentos,Lácteos,Surtimax,Vendedor_29,18,2512.62,0,2512.62,45227.16,Tarjeta Crédito,No,1358.09,45.1
V01349,2025-04-23,Ensenada,Ensenada-Centro,Electrónica,Cables,Mayoreo TJ,Vendedor_28,10,2072.99,15,1762.04,17620.4,Tarjeta Débito,No,1371.03,18.1
V01350,2024-03-27,Mexicali,Mexicali-Centro,Ropa,Gorras,Comercial Baja,Vendedor_29,20,2319.45,25,1739.59,34791.8,Transferencia,No,1486.86,24.7
V01351,2024-03-15,Ensenada,Ensenada-Centro,Hogar,Cobijas,Surtimax,Vendedor_23,6,294.11,20,235.29,1411.74,Efectivo,No,180.51,17.4
V01352,2024-07-18,Tijuana,Tijuana-Zona Río,Hogar,Cojines,Abastos del Pacífico,Vendedor_20,11,6622.28,10,5960.05,65560.55,Tarjeta Débito,Defecto de fábrica,3518.09,36.8
V01353,2024-01-13,Mexicali,Mexicali-Baja,Ferretería,Plomería,Distribuidora BC,Vendedor_17,10,2681.64,5,2547.56,25475.6,Efectivo,Defecto de fábrica,1686.19,30.9
V01354,2024-10-12,Tecate,Tecate-Centro,Ferretería,Pinturas,Logística Frontera,Vendedor_30,6,6748.35,15,5736.1,34416.6,Tarjeta Crédito,Cambio de opinión,3478.19,32.1
V01355,2024-08-10,Rosarito,Rosarito-Principal,Ferretería,Adhesivos,Distribuidora BC,Vendedor_01,20,5523.05,25,4142.29,82845.8,Tarjeta Crédito,No,2818.03,38.8
V01356,2025-03-11,Mexicali,Mexicali-Nueva,Hogar,Utensilios,Mayoreo TJ,Vendedor_29,20,6999.36,20,5599.49,111989.8,Vale Despensa,No,3256.31,54.7
V01357,2025-04-05,Ensenada,Ensenada-Maneadero,Ferretería,Tornillería,Logística Frontera,Vendedor_13,9,6708.21,0,6708.21,60373.89,Tarjeta Débito,No cumplió expectativas,3079.79,18.6
V01358,2024-08-19,San Quintín,San Quintín-Central,Farmacia,Primeros Auxilios,Comercial Baja,Vendedor_06,7,1441.48,0,1441.48,10090.36,Vale Despensa,No,733.52,37.7
V01359,2024-08-03,Tijuana,Tijuana-Otay,Electrónica,Cámaras,Proveedor Norte SA,Vendedor_23,19,289.16,0,289.16,5494.04,Vale Despensa,No cumplió expectativas,170.39,23.5
V01360,2024-01-03,Mexicali,Mexicali-Centro,Electrónica,Laptops,Distribuidora BC,Vendedor_23,6,168.48,5,160.06,960.36,Vale Despensa,Defecto de fábrica,92.07,32.4
V01361,2024-03-26,Tijuana,Tijuana-Garita,Electrónica,Cámaras,Importaciones Mex,Vendedor_12,1,5733.18,0,5733.18,5733.18,Transferencia,Cambio de opinión,3722.07,26.6
V01362,2024-02-18,San Quintín,San Quintín-Central,Ferretería,Electricidad,Logística Frontera,Vendedor_14,3,7432.02,5,7060.42,21181.26,Vale Despensa,No,4536.35,22.8
V01363,2024-01-04,Ensenada,Ensenada-Maneadero,Ferretería,Adhesivos,Proveedor Norte SA,Vendedor_15,2,6664.86,0,6664.86,13329.72,Transferencia,Duplicado,4525.44,15.1
V01364,2024-01-21,Ensenada,Ensenada-Maneadero,Farmacia,Anteojos,Abastos del Pacífico,Vendedor_14,11,3528.4,0,3528.4,38812.4,Transferencia,Defecto de fábrica,1960.1,18.7
V01365,2024-10-15,Tijuana,Tijuana-La Mesa,Alimentos,Panadería,Comercial Baja,Vendedor_18,8,6946.65,0,6946.65,55573.2,Tarjeta Crédito,Defecto de fábrica,3300.65,39.6
V01366,2024-07-18,Rosarito,Rosarito-Principal,Ferretería,Brochas,Abastos del Pacífico,Vendedor_18,12,383.56,0,383.56,4602.72,Tarjeta Débito,No,200.81,20.6
V01367,2024-08-27,Rosarito,Rosarito-Principal,Ropa,Calcetines,Abastos del Pacífico,Vendedor_18,17,4875.12,0,4875.12,82877.04,Vale Despensa,No,2827.62,40.4
V01368,2024-02-01,Tijuana,Tijuana-La Mesa,Ferretería,Brochas,Abastos del Pacífico,Vendedor_06,12,6263.63,0,6263.63,75163.56,Tarjeta Crédito,No,3528.83,18.1
V01369,2025-03-17,Tecate,Tecate-Centro,Electrónica,Tabletas,Comercial Baja,Vendedor_28,5,1055.71,0,1055.71,5278.55,Vale Despensa,No,627.44,48.2
V01370,2025-01-12,Mexicali,Mexicali-Baja,Electrónica,Audífonos,Distribuidora BC,Vendedor_26,19,7823.33,0,7823.33,148643.27,Transferencia,No cumplió expectativas,4226.96,35.4
V01371,2025-05-14,Tijuana,Tijuana-La Mesa,Hogar,Cortinas,Abastos del Pacífico,Vendedor_20,5,2361.76,0,2361.76,11808.8,Tarjeta Débito,Cambio de opinión,1525.73,18.9
V01372,2025-03-22,San Quintín,San Quintín-Central,Alimentos,Bebidas,Mayoreo TJ,Vendedor_06,5,4887.99,20,3910.39,19551.95,Tarjeta Débito,Cambio de opinión,2936.65,34.1
V01373,2024-09-29,Rosarito,Rosarito-Principal,Hogar,Muebles,Distribuidora BC,Vendedor_27,12,6498.74,10,5848.87,70186.44,Vale Despensa,No cumplió expectativas,3487.57,26.7
V01374,2024-05-24,Tecate,Tecate-Centro,Alimentos,Cereales,Surtimax,Vendedor_16,1,6247.04,0,6247.04,6247.04,Efectivo,No cumplió expectativas,3920.5,15.7
V01375,2024-10-08,San Quintín,San Quintín-Central,Electrónica,Cables,Comercial Baja,Vendedor_06,14,1795.48,15,1526.16,21366.24,Tarjeta Débito,Defecto de fábrica,1179.31,26.1
V01376,2024-01-06,Tecate,Tecate-Centro,Ferretería,Tornillería,Distribuidora BC,Vendedor_16,9,7360.36,15,6256.31,56306.79,Vale Despensa,Defecto de fábrica,4511.81,51.5
V01377,2024-05-19,Rosarito,Rosarito-Principal,Ropa,Chamarras,Distribuidora BC,Vendedor_13,3,5750.76,5,5463.22,16389.66,Vale Despensa,No,3916.55,46.8
V01378,2024-03-01,Ensenada,Ensenada-Centro,Hogar,Lámparas,Distribuidora BC,Vendedor_19,18,518.39,15,440.63,7931.34,Tarjeta Crédito,Talla incorrecta,359.6,39.4
V01379,2024-02-14,Tecate,Tecate-Centro,Farmacia,Vitaminas,Importaciones Mex,Vendedor_27,3,2554.12,20,2043.3,6129.9,Transferencia,No,1183.35,37.8
V01380,2024-11-17,Mexicali,Mexicali-Centro,Electrónica,Cámaras,Proveedor Norte SA,Vendedor_16,19,613.5,20,490.8,9325.2,Tarjeta Crédito,Defecto de fábrica,415.04,48.2
V01381,2024-08-20,San Quintín,San Quintín-Central,Ferretería,Electricidad,Comercial Baja,Vendedor_14,10,4516.11,15,3838.69,38386.9,Vale Despensa,No cumplió expectativas,2659.24,23.5
V01382,2025-02-27,Tecate,Tecate-Centro,Ropa,Chamarras,Mayoreo TJ,Vendedor_16,4,2268.28,25,1701.21,6804.84,Tarjeta Débito,Talla incorrecta,1477.09,47.4
V01383,2024-06-06,Tijuana,Tijuana-Otay,Farmacia,Vitaminas,Abastos del Pacífico,Vendedor_08,2,332.4,15,282.54,565.08,Tarjeta Débito,No,155.29,50.7
V01384,2024-06-04,Mexicali,Mexicali-Nueva,Alimentos,Condimentos,Proveedor Norte SA,Vendedor_13,11,2085.47,5,1981.2,21793.2,Tarjeta Crédito,No,1448.89,32.4
V01385,2024-11-02,San Quintín,San Quintín-Central,Hogar,Cojines,Importaciones Mex,Vendedor_18,9,4726.87,5,4490.53,40414.77,Tarjeta Crédito,No,3270.61,27.7
V01386,2024-02-18,Mexicali,Mexicali-Baja,Farmacia,Primeros Auxilios,Surtimax,Vendedor_02,18,3276.84,0,3276.84,58983.12,Transferencia,No,2143.3,52.1
V01387,2024-03-22,San Quintín,San Quintín-Central,Hogar,Decoración,Abastos del Pacífico,Vendedor_06,12,3619.44,15,3076.52,36918.24,Tarjeta Débito,No,2139.61,44.2
V01388,2024-02-13,Tijuana,Tijuana-Zona Río,Electrónica,Cargadores,Logística Frontera,Vendedor_24,4,7223.39,15,6139.88,24559.52,Efectivo,No,4453.37,39.0
V01389,2024-01-20,Mexicali,Mexicali-Centro,Electrónica,Laptops,Surtimax,Vendedor_26,4,3728.46,20,2982.77,11931.08,Tarjeta Crédito,No cumplió expectativas,2334.16,32.8
V01390,2025-01-14,Tecate,Tecate-Centro,Farmacia,Higiene,Surtimax,Vendedor_27,13,1387.11,0,1387.11,18032.43,Tarjeta Crédito,Duplicado,866.47,18.3
V01391,2024-12-31,Mexicali,Mexicali-Centro,Electrónica,Celulares,Proveedor Norte SA,Vendedor_06,19,1498.82,15,1274.0,24206.0,Transferencia,Defecto de fábrica,959.07,43.0
V01392,2024-09-22,Tijuana,Tijuana-Garita,Alimentos,Bebidas,Surtimax,Vendedor_02,12,2731.22,0,2731.22,32774.64,Transferencia,No,1421.95,53.2
V01393,2024-02-20,Tecate,Tecate-Centro,Hogar,Cojines,Surtimax,Vendedor_21,20,6763.97,25,5072.98,101459.6,Efectivo,No,4588.43,41.7
V01394,2024-01-13,Tijuana,Tijuana-Garita,Electrónica,Cables,Distribuidora BC,Vendedor_01,10,2338.37,5,2221.45,22214.5,Tarjeta Crédito,Duplicado,1255.83,52.5
V01395,2024-04-06,Mexicali,Mexicali-Baja,Electrónica,Audífonos,Surtimax,Vendedor_29,20,562.06,10,505.85,10117.0,Vale Despensa,Duplicado,339.57,22.0
V01396,2024-02-16,Rosarito,Rosarito-Principal,Alimentos,Carnes Frías,Abastos del Pacífico,Vendedor_03,5,7278.96,15,6187.12,30935.6,Efectivo,No,3383.49,53.6
V01397,2024-03-01,Rosarito,Rosarito-Principal,Farmacia,Medicamentos,Abastos del Pacífico,Vendedor_23,18,3212.38,20,2569.9,46258.2,Transferencia,Talla incorrecta,1829.05,16.8
V01398,2024-07-17,San Quintín,San Quintín-Central,Hogar,Utensilios,Logística Frontera,Vendedor_10,7,5570.39,0,5570.39,38992.73,Vale Despensa,No,3479.95,54.5
V01399,2024-12-08,Mexicali,Mexicali-Centro,Electrónica,Cables,Proveedor Norte SA,Vendedor_07,6,3951.67,20,3161.34,18968.04,Tarjeta Débito,No,2403.49,48.1
V01400,2024-07-07,Tijuana,Tijuana-La Mesa,Ropa,Calcetines,Distribuidora BC,Vendedor_15,13,2539.17,0,2539.17,33009.21,Vale Despensa,Cambio de opinión,1304.35,38.3
V01401,2024-12-04,San Quintín,San Quintín-Central,Farmacia,Higiene,Distribuidora BC,Vendedor_01,10,1789.74,5,1700.25,17002.5,Efectivo,Talla incorrecta,1061.01,40.7
V01402,2024-09-16,Tecate,Tecate-Centro,Alimentos,Carnes Frías,Proveedor Norte SA,Vendedor_05,17,94.67,20,75.74,1287.58,Efectivo,Duplicado,44.69,30.7
V01403,2024-12-08,Mexicali,Mexicali-Centro,Ferretería,Herramientas,Comercial Baja,Vendedor_11,15,2288.64,15,1945.34,29180.1,Vale Despensa,No,1522.35,18.5
V01404,2025-03-05,Rosarito,Rosarito-Principal,Alimentos,Lácteos,Proveedor Norte SA,Vendedor_29,8,3192.17,5,3032.56,24260.48,Tarjeta Débito,No cumplió expectativas,1801.64,29.1
V01405,2024-05-09,Mexicali,Mexicali-Centro,Alimentos,Condimentos,Comercial Baja,Vendedor_04,20,7867.26,0,7867.26,157345.2,Efectivo,Defecto de fábrica,5115.99,48.7
V01406,2024-04-11,Mexicali,Mexicali-Nueva,Ferretería,Herramientas,Mayoreo TJ,Vendedor_03,6,1488.41,20,1190.73,7144.38,Tarjeta Crédito,No,1007.25,36.0
V01407,2024-04-06,Tijuana,Tijuana-Zona Río,Ferretería,Brochas,Distribuidora BC,Vendedor_25,19,5796.18,15,4926.75,93608.25,Efectivo,No,3337.34,23.5
V01408,2025-04-19,Ensenada,Ensenada-Maneadero,Ferretería,Pinturas,Mayoreo TJ,Vendedor_23,19,5856.12,15,4977.7,94576.3,Efectivo,No,3194.1,35.7
V01409,2025-01-19,San Quintín,San Quintín-Central,Alimentos,Carnes Frías,Mayoreo TJ,Vendedor_17,3,3856.06,5,3663.26,10989.78,Vale Despensa,No,2197.56,21.9
V01410,2024-05-21,Rosarito,Rosarito-Principal,Alimentos,Panadería,Comercial Baja,Vendedor_06,17,6936.55,0,6936.55,117921.35,Efectivo,No cumplió expectativas,3215.05,37.0
V01411,2024-06-08,Rosarito,Rosarito-Principal,Ferretería,Tornillería,Logística Frontera,Vendedor_03,5,5020.91,5,4769.86,23849.3,Tarjeta Crédito,Defecto de fábrica,2609.3,54.5
V01412,2025-03-07,San Quintín,San Quintín-Central,Farmacia,Higiene,Importaciones Mex,Vendedor_23,3,7400.21,0,7400.21,22200.63,Efectivo,No,4575.41,44.4
V01413,2024-06-01,San Quintín,San Quintín-Central,Ropa,Camisas,Mayoreo TJ,Vendedor_05,9,5090.65,0,5090.65,45815.85,Transferencia,Duplicado,2924.61,49.0
V01414,2024-05-13,Mexicali,Mexicali-Nueva,Electrónica,Tabletas,Distribuidora BC,Vendedor_14,2,3014.8,5,2864.06,5728.12,Tarjeta Crédito,No,2024.69,31.3
V01415,2025-04-12,Tecate,Tecate-Centro,Electrónica,Televisores,Surtimax,Vendedor_13,15,2788.25,5,2648.84,39732.6,Vale Despensa,No,1321.6,36.5
V01416,2024-03-16,Mexicali,Mexicali-Centro,Farmacia,Medicamentos,Logística Frontera,Vendedor_13,14,5231.5,0,5231.5,73241.0,Vale Despensa,No,2407.64,52.8
V01417,2025-01-31,Rosarito,Rosarito-Principal,Electrónica,Televisores,Mayoreo TJ,Vendedor_05,3,2146.18,10,1931.56,5794.68,Vale Despensa,No,1009.33,49.7
V01418,2025-01-12,Tijuana,Tijuana-La Mesa,Hogar,Muebles,Abastos del Pacífico,Vendedor_15,13,4033.64,15,3428.59,44571.67,Efectivo,No,2201.53,43.0
V01419,2024-10-20,Mexicali,Mexicali-Centro,Ferretería,Selladores,Logística Frontera,Vendedor_21,10,2928.3,0,2928.3,29283.0,Efectivo,Cambio de opinión,1640.56,32.3
V01420,2024-01-09,Mexicali,Mexicali-Nueva,Alimentos,Carnes Frías,Abastos del Pacífico,Vendedor_06,12,5752.37,20,4601.9,55222.8,Transferencia,Cambio de opinión,2861.48,48.9
V01421,2024-08-09,Tecate,Tecate-Centro,Hogar,Lámparas,Mayoreo TJ,Vendedor_30,9,753.25,0,753.25,6779.25,Tarjeta Crédito,No,516.13,37.2
V01422,2025-05-19,Ensenada,Ensenada-Maneadero,Farmacia,Higiene,Distribuidora BC,Vendedor_24,18,856.22,0,856.22,15411.96,Vale Despensa,No,584.44,20.9
V01423,2024-08-13,Mexicali,Mexicali-Nueva,Alimentos,Bebidas,Surtimax,Vendedor_26,9,5281.22,20,4224.98,38024.82,Tarjeta Débito,Duplicado,3548.14,43.8
V01424,2024-08-29,Ensenada,Ensenada-Maneadero,Ropa,Ropa Interior,Importaciones Mex,Vendedor_09,18,5350.35,15,4547.8,81860.4,Tarjeta Débito,Duplicado,3677.51,16.4
V01425,2025-05-26,San Quintín,San Quintín-Central,Electrónica,Laptops,Proveedor Norte SA,Vendedor_12,17,5665.93,15,4816.04,81872.68,Tarjeta Crédito,No,3073.48,33.7
V01426,2024-10-01,San Quintín,San Quintín-Central,Farmacia,Primeros Auxilios,Importaciones Mex,Vendedor_12,13,4020.07,25,3015.05,39195.65,Tarjeta Débito,No,2247.81,37.6
V01427,2024-08-01,Ensenada,Ensenada-Maneadero,Hogar,Almohadas,Mayoreo TJ,Vendedor_03,14,7700.09,0,7700.09,107801.26,Tarjeta Débito,Cambio de opinión,4125.82,29.8
V01428,2024-03-30,Rosarito,Rosarito-Principal,Ferretería,Adhesivos,Mayoreo TJ,Vendedor_25,17,7406.08,10,6665.47,113312.99,Transferencia,No,4436.14,27.9
V01429,2024-09-02,Ensenada,Ensenada-Maneadero,Hogar,Utensilios,Comercial Baja,Vendedor_28,4,6761.7,0,6761.7,27046.8,Tarjeta Crédito,Defecto de fábrica,3273.86,29.7
V01430,2024-09-28,San Quintín,San Quintín-Central,Alimentos,Lácteos,Importaciones Mex,Vendedor_08,2,3109.21,10,2798.29,5596.58,Tarjeta Débito,No,2130.55,47.7
V01431,2025-02-26,Ensenada,Ensenada-Maneadero,Alimentos,Carnes Frías,Comercial Baja,Vendedor_08,15,5761.23,0,5761.23,86418.45,Efectivo,Duplicado,3976.76,42.2
V01432,2024-05-25,Tijuana,Tijuana-Garita,Ferretería,Pinturas,Distribuidora BC,Vendedor_12,6,3990.68,15,3392.08,20352.48,Vale Despensa,Talla incorrecta,2241.4,51.6
V01433,2025-03-19,Rosarito,Rosarito-Principal,Alimentos,Lácteos,Comercial Baja,Vendedor_09,6,1712.47,10,1541.22,9247.32,Tarjeta Crédito,No,1132.0,41.0
V01434,2025-02-24,San Quintín,San Quintín-Central,Electrónica,Laptops,Mayoreo TJ,Vendedor_08,1,4002.9,0,4002.9,4002.9,Transferencia,No,2264.44,20.3
V01435,2024-01-04,Tecate,Tecate-Centro,Farmacia,Bebés,Logística Frontera,Vendedor_30,15,3283.56,5,3119.38,46790.7,Efectivo,Talla incorrecta,2007.66,16.9
V01436,2025-01-11,San Quintín,San Quintín-Central,Ropa,Gorras,Proveedor Norte SA,Vendedor_02,1,7462.81,0,7462.81,7462.81,Efectivo,No,5076.16,34.4
V01437,2025-04-19,San Quintín,San Quintín-Central,Farmacia,Higiene,Distribuidora BC,Vendedor_14,11,572.42,0,572.42,6296.62,Efectivo,Duplicado,344.06,24.1
V01438,2024-06-17,Rosarito,Rosarito-Principal,Ropa,Calcetines,Importaciones Mex,Vendedor_04,16,4256.24,0,4256.24,68099.84,Tarjeta Débito,Defecto de fábrica,2317.61,28.8
V01439,2024-07-09,San Quintín,San Quintín-Central,Ferretería,Selladores,Comercial Baja,Vendedor_26,20,1449.28,0,1449.28,28985.6,Tarjeta Débito,No,776.8,43.8
V01440,2024-06-03,Rosarito,Rosarito-Principal,Farmacia,Cuidado Personal,Importaciones Mex,Vendedor_23,6,7280.88,0,7280.88,43685.28,Vale Despensa,No,3622.43,35.9
V01441,2024-12-28,Rosarito,Rosarito-Principal,Electrónica,Audífonos,Mayoreo TJ,Vendedor_08,8,2940.55,25,2205.41,17643.28,Transferencia,Duplicado,1637.02,35.3
V01442,2024-07-10,Tijuana,Tijuana-La Mesa,Hogar,Lámparas,Comercial Baja,Vendedor_26,2,7263.81,25,5447.86,10895.72,Efectivo,No,4656.99,47.3
V01443,2025-02-09,Mexicali,Mexicali-Baja,Electrónica,Laptops,Surtimax,Vendedor_21,5,162.57,0,162.57,812.85,Vale Despensa,Talla incorrecta,82.19,53.5
V01444,2024-09-25,San Quintín,San Quintín-Central,Farmacia,Vitaminas,Logística Frontera,Vendedor_25,14,7711.08,25,5783.31,80966.34,Transferencia,No,4392.38,28.0
V01445,2024-05-25,Ensenada,Ensenada-Centro,Ropa,Zapatos,Proveedor Norte SA,Vendedor_21,5,7838.44,5,7446.52,37232.6,Efectivo,No cumplió expectativas,5005.59,26.7
V01446,2024-12-28,Mexicali,Mexicali-Baja,Ferretería,Tornillería,Proveedor Norte SA,Vendedor_13,6,5752.97,0,5752.97,34517.82,Tarjeta Débito,No,3769.71,39.7
V01447,2024-09-07,Ensenada,Ensenada-Centro,Alimentos,Snacks,Distribuidora BC,Vendedor_18,16,7206.73,5,6846.39,109542.24,Efectivo,Talla incorrecta,3732.29,42.3
V01448,2024-11-08,Tecate,Tecate-Centro,Electrónica,Tabletas,Surtimax,Vendedor_05,8,100.19,15,85.16,681.28,Efectivo,Talla incorrecta,67.34,17.9
V01449,2024-08-22,Tecate,Tecate-Centro,Hogar,Muebles,Comercial Baja,Vendedor_22,13,4094.31,10,3684.88,47903.44,Tarjeta Crédito,No,2237.66,27.6
V01450,2024-03-09,Ensenada,Ensenada-Maneadero,Electrónica,Cargadores,Distribuidora BC,Vendedor_14,6,2581.44,0,2581.44,15488.64,Tarjeta Crédito,No,1208.13,37.6
V01451,2025-01-19,San Quintín,San Quintín-Central,Alimentos,Cereales,Importaciones Mex,Vendedor_19,19,2209.37,0,2209.37,41978.03,Tarjeta Crédito,No,1243.25,34.9
V01452,2024-06-21,Mexicali,Mexicali-Centro,Hogar,Muebles,Mayoreo TJ,Vendedor_22,9,6499.07,0,6499.07,58491.63,Efectivo,No,3040.14,49.7
V01453,2024-09-06,Tecate,Tecate-Centro,Ropa,Pantalones,Abastos del Pacífico,Vendedor_15,7,1239.89,0,1239.89,8679.23,Vale Despensa,No,733.56,33.2
V01454,2025-05-17,Tijuana,Tijuana-Zona Río,Ferretería,Brochas,Importaciones Mex,Vendedor_03,14,1764.17,0,1764.17,24698.38,Vale Despensa,No,1228.34,22.4
V01455,2025-05-01,Tecate,Tecate-Centro,Farmacia,Medicamentos,Abastos del Pacífico,Vendedor_12,19,3710.04,15,3153.53,59917.07,Tarjeta Débito,No,2449.24,52.4
V01456,2024-11-12,San Quintín,San Quintín-Central,Ropa,Pantalones,Proveedor Norte SA,Vendedor_17,11,4840.81,20,3872.65,42599.15,Vale Despensa,Duplicado,2949.18,22.3
V01457,2024-01-25,Tijuana,Tijuana-Otay,Electrónica,Celulares,Comercial Baja,Vendedor_26,12,1012.36,0,1012.36,12148.32,Transferencia,No,524.48,26.3
V01458,2024-05-23,San Quintín,San Quintín-Central,Alimentos,Condimentos,Comercial Baja,Vendedor_13,1,104.76,0,104.76,104.76,Tarjeta Crédito,No,55.24,41.6
V01459,2024-04-01,Tecate,Tecate-Centro,Hogar,Utensilios,Importaciones Mex,Vendedor_13,10,4600.55,25,3450.41,34504.1,Tarjeta Crédito,No,2560.93,54.6
V01460,2024-08-13,Ensenada,Ensenada-Maneadero,Electrónica,Televisores,Importaciones Mex,Vendedor_02,11,3283.31,15,2790.81,30698.91,Vale Despensa,No,2084.18,54.0
V01461,2024-04-22,Rosarito,Rosarito-Principal,Ferretería,Tornillería,Surtimax,Vendedor_05,3,7704.94,25,5778.7,17336.1,Vale Despensa,No,4807.78,23.9
V01462,2025-01-11,Mexicali,Mexicali-Centro,Farmacia,Bebés,Distribuidora BC,Vendedor_06,6,4768.84,0,4768.84,28613.04,Vale Despensa,No,2338.05,31.5
V01463,2024-10-23,Mexicali,Mexicali-Baja,Alimentos,Carnes Frías,Surtimax,Vendedor_20,20,7900.21,15,6715.18,134303.6,Transferencia,No,4243.76,26.3
V01464,2024-08-14,San Quintín,San Quintín-Central,Ropa,Chamarras,Logística Frontera,Vendedor_26,10,7780.38,10,7002.34,70023.4,Efectivo,Cambio de opinión,5041.12,27.2
V01465,2024-10-09,Tijuana,Tijuana-La Mesa,Ferretería,Plomería,Comercial Baja,Vendedor_10,9,6036.2,5,5734.39,51609.51,Tarjeta Débito,No,3583.87,25.8
V01466,2024-12-02,Tecate,Tecate-Centro,Electrónica,Celulares,Abastos del Pacífico,Vendedor_05,19,1211.53,0,1211.53,23019.07,Vale Despensa,No,764.16,43.9
V01467,2024-01-09,Mexicali,Mexicali-Nueva,Farmacia,Primeros Auxilios,Comercial Baja,Vendedor_05,4,843.08,0,843.08,3372.32,Efectivo,No,525.09,19.6
V01468,2024-10-20,Tecate,Tecate-Centro,Hogar,Decoración,Surtimax,Vendedor_11,7,2445.8,15,2078.93,14552.51,Transferencia,No,1589.99,20.3
V01469,2025-03-19,Mexicali,Mexicali-Centro,Ropa,Camisas,Abastos del Pacífico,Vendedor_30,19,391.14,10,352.03,6688.57,Efectivo,Cambio de opinión,190.52,39.4
V01470,2024-05-19,Rosarito,Rosarito-Principal,Electrónica,Celulares,Importaciones Mex,Vendedor_24,4,7183.05,15,6105.59,24422.36,Transferencia,Talla incorrecta,3830.93,30.7
V01471,2025-03-16,Ensenada,Ensenada-Maneadero,Ropa,Ropa Interior,Importaciones Mex,Vendedor_03,1,4679.68,25,3509.76,3509.76,Tarjeta Crédito,Talla incorrecta,2931.6,37.1
V01472,2024-03-15,Mexicali,Mexicali-Baja,Farmacia,Bebés,Surtimax,Vendedor_02,3,3202.56,5,3042.43,9127.29,Tarjeta Débito,Duplicado,1678.64,22.3
V01473,2024-11-13,Tecate,Tecate-Centro,Farmacia,Higiene,Logística Frontera,Vendedor_06,7,316.21,5,300.4,2102.8,Tarjeta Crédito,No,174.44,41.2
V01474,2025-02-09,Tijuana,Tijuana-Playas,Ropa,Gorras,Proveedor Norte SA,Vendedor_02,17,5727.93,20,4582.34,77899.78,Vale Despensa,No,3710.94,54.5
V01475,2024-02-21,San Quintín,San Quintín-Central,Farmacia,Higiene,Distribuidora BC,Vendedor_21,13,4574.19,10,4116.77,53518.01,Transferencia,No cumplió expectativas,2559.44,26.4
V01476,2024-06-07,Tecate,Tecate-Centro,Ropa,Camisas,Surtimax,Vendedor_02,2,2451.68,15,2083.93,4167.86,Tarjeta Débito,Duplicado,1202.54,37.4
V01477,2024-07-22,Ensenada,Ensenada-Maneadero,Hogar,Decoración,Mayoreo TJ,Vendedor_17,6,1490.33,15,1266.78,7600.68,Tarjeta Débito,Duplicado,902.99,24.4
V01478,2024-07-28,Mexicali,Mexicali-Centro,Ropa,Ropa Interior,Importaciones Mex,Vendedor_01,7,3240.12,0,3240.12,22680.84,Tarjeta Débito,Defecto de fábrica,1617.85,31.3
V01479,2025-01-08,Tecate,Tecate-Centro,Farmacia,Vitaminas,Comercial Baja,Vendedor_28,15,5379.1,20,4303.28,64549.2,Transferencia,Defecto de fábrica,2611.55,34.1
V01480,2024-10-11,Rosarito,Rosarito-Principal,Alimentos,Carnes Frías,Importaciones Mex,Vendedor_02,6,7194.23,0,7194.23,43165.38,Efectivo,No,4930.86,21.9
V01481,2024-01-30,Mexicali,Mexicali-Nueva,Ferretería,Electricidad,Logística Frontera,Vendedor_23,8,6537.71,0,6537.71,52301.68,Tarjeta Débito,Duplicado,3018.24,36.6
V01482,2024-05-15,Tecate,Tecate-Centro,Ferretería,Herramientas,Proveedor Norte SA,Vendedor_29,6,772.39,0,772.39,4634.34,Tarjeta Crédito,Cambio de opinión,358.87,47.6
V01483,2025-05-22,San Quintín,San Quintín-Central,Alimentos,Condimentos,Logística Frontera,Vendedor_14,16,5850.7,0,5850.7,93611.2,Efectivo,No,3543.04,48.3
V01484,2025-03-27,Mexicali,Mexicali-Baja,Electrónica,Cables,Comercial Baja,Vendedor_21,18,2910.1,5,2764.59,49762.62,Tarjeta Débito,No cumplió expectativas,1556.52,49.9
V01485,2025-02-07,Tijuana,Tijuana-Otay,Ropa,Ropa Interior,Logística Frontera,Vendedor_23,13,4810.44,15,4088.87,53155.31,Tarjeta Crédito,No,3264.92,44.0
V01486,2024-03-19,Mexicali,Mexicali-Centro,Hogar,Cojines,Distribuidora BC,Vendedor_05,19,5036.25,25,3777.19,71766.61,Efectivo,No cumplió expectativas,2374.53,16.9
V01487,2025-03-01,Rosarito,Rosarito-Principal,Ferretería,Herramientas,Proveedor Norte SA,Vendedor_22,18,1923.86,15,1635.28,29435.04,Efectivo,No,1084.29,17.0
V01488,2024-06-03,Tecate,Tecate-Centro,Farmacia,Medicamentos,Distribuidora BC,Vendedor_19,20,6393.61,5,6073.93,121478.6,Vale Despensa,No,3863.74,42.8
V01489,2024-05-25,Mexicali,Mexicali-Nueva,Alimentos,Bebidas,Abastos del Pacífico,Vendedor_24,6,3977.23,0,3977.23,23863.38,Tarjeta Crédito,No,2038.11,37.3
V01490,2024-04-25,Mexicali,Mexicali-Centro,Electrónica,Cargadores,Mayoreo TJ,Vendedor_13,5,6864.38,0,6864.38,34321.9,Tarjeta Crédito,No,4264.67,25.4
V01491,2024-07-19,San Quintín,San Quintín-Central,Ropa,Zapatos,Logística Frontera,Vendedor_10,18,5933.3,0,5933.3,106799.4,Tarjeta Crédito,Duplicado,3326.83,51.2
V01492,2024-10-04,Tijuana,Tijuana-Playas,Ferretería,Brochas,Proveedor Norte SA,Vendedor_26,1,4093.17,15,3479.19,3479.19,Tarjeta Débito,No,1852.49,30.0
V01493,2025-04-03,San Quintín,San Quintín-Central,Ferretería,Adhesivos,Logística Frontera,Vendedor_20,7,617.4,15,524.79,3673.53,Tarjeta Débito,No,339.15,40.4
V01494,2025-04-08,Mexicali,Mexicali-Centro,Ferretería,Adhesivos,Comercial Baja,Vendedor_11,6,3342.21,10,3007.99,18047.94,Tarjeta Débito,No,1637.7,29.3
V01495,2024-03-26,Mexicali,Mexicali-Centro,Hogar,Lámparas,Mayoreo TJ,Vendedor_01,18,7092.29,15,6028.45,108512.1,Tarjeta Crédito,No cumplió expectativas,4206.98,52.1
V01496,2024-02-13,Mexicali,Mexicali-Nueva,Alimentos,Bebidas,Surtimax,Vendedor_11,7,617.12,20,493.7,3455.9,Vale Despensa,No cumplió expectativas,339.76,32.4
V01497,2024-02-13,Tecate,Tecate-Centro,Farmacia,Anteojos,Abastos del Pacífico,Vendedor_03,6,1420.27,10,1278.24,7669.44,Tarjeta Crédito,No,874.62,39.9
V01498,2024-02-11,Tijuana,Tijuana-Zona Río,Alimentos,Bebidas,Logística Frontera,Vendedor_19,8,1596.53,0,1596.53,12772.24,Vale Despensa,Defecto de fábrica,1058.37,24.0
V01499,2024-06-26,Mexicali,Mexicali-Centro,Farmacia,Vitaminas,Surtimax,Vendedor_24,4,1455.4,0,1455.4,5821.6,Tarjeta Crédito,Talla incorrecta,840.99,51.5
V01500,2025-05-26,Tijuana,Tijuana-Playas,Ferretería,Tornillería,Logística Frontera,Vendedor_29,18,6964.36,20,5571.49,100286.82,Efectivo,No,3315.0,38.3
V01501,2024-01-01,Rosarito,Rosarito-Principal,Alimentos,Snacks,Abastos del Pacífico,Vendedor_06,5,3146.23,10,2831.61,14158.05,Vale Despensa,Defecto de fábrica,2145.78,51.6
V01502,2024-12-01,Tecate,Tecate-Centro,Farmacia,Termómetros,Abastos del Pacífico,Vendedor_10,17,1994.19,15,1695.06,28816.02,Transferencia,No,1270.76,46.0
V01503,2024-05-24,Tijuana,Tijuana-Zona Río,Hogar,Cobijas,Mayoreo TJ,Vendedor_06,4,1780.81,0,1780.81,7123.24,Efectivo,No,887.43,15.7
V01504,2024-08-10,San Quintín,San Quintín-Central,Electrónica,Audífonos,Logística Frontera,Vendedor_24,18,1346.61,10,1211.95,21815.1,Transferencia,Talla incorrecta,921.64,51.7
V01505,2025-02-20,Rosarito,Rosarito-Principal,Electrónica,Cámaras,Logística Frontera,Vendedor_19,5,6908.47,25,5181.35,25906.75,Vale Despensa,No,3275.54,21.4
V01506,2025-02-23,San Quintín,San Quintín-Central,Electrónica,Televisores,Mayoreo TJ,Vendedor_23,14,503.25,20,402.6,5636.4,Efectivo,Defecto de fábrica,234.31,28.9
V01507,2024-04-08,Mexicali,Mexicali-Nueva,Ropa,Ropa Interior,Surtimax,Vendedor_21,7,1587.46,20,1269.97,8889.79,Efectivo,Defecto de fábrica,843.99,22.2
V01508,2024-06-24,Mexicali,Mexicali-Nueva,Ropa,Camisas,Proveedor Norte SA,Vendedor_02,14,7485.77,0,7485.77,104800.78,Transferencia,No,4113.63,42.9
V01509,2024-07-30,Mexicali,Mexicali-Baja,Hogar,Cojines,Abastos del Pacífico,Vendedor_22,18,6869.47,0,6869.47,123650.46,Tarjeta Débito,No,3459.62,34.3
V01510,2025-02-11,San Quintín,San Quintín-Central,Ferretería,Adhesivos,Distribuidora BC,Vendedor_08,6,5098.25,20,4078.6,24471.6,Transferencia,No,2997.96,53.6
V01511,2024-08-19,Tijuana,Tijuana-Garita,Electrónica,Tabletas,Mayoreo TJ,Vendedor_04,7,1282.67,0,1282.67,8978.69,Vale Despensa,No,849.5,44.2
V01512,2025-05-03,Mexicali,Mexicali-Baja,Ropa,Gorras,Proveedor Norte SA,Vendedor_13,17,5910.53,0,5910.53,100479.01,Transferencia,No,3388.22,18.8
V01513,2024-04-12,Tijuana,Tijuana-La Mesa,Farmacia,Bebés,Importaciones Mex,Vendedor_25,1,6612.9,0,6612.9,6612.9,Efectivo,Cambio de opinión,4002.74,33.7
V01514,2025-03-05,Tecate,Tecate-Centro,Electrónica,Cámaras,Importaciones Mex,Vendedor_18,12,7349.86,0,7349.86,88198.32,Tarjeta Crédito,No,3950.45,34.9
V01515,2025-02-12,San Quintín,San Quintín-Central,Farmacia,Higiene,Abastos del Pacífico,Vendedor_25,12,5626.89,20,4501.51,54018.12,Tarjeta Débito,No,3392.5,29.2
V01516,2024-11-29,Tijuana,Tijuana-Otay,Alimentos,Condimentos,Logística Frontera,Vendedor_22,11,1672.91,0,1672.91,18402.01,Transferencia,Duplicado,1015.57,15.4
V01517,2025-02-25,Tecate,Tecate-Centro,Ropa,Camisas,Logística Frontera,Vendedor_03,5,3588.16,25,2691.12,13455.6,Transferencia,No,2129.66,30.9
V01518,2024-12-26,Tijuana,Tijuana-Zona Río,Electrónica,Cámaras,Logística Frontera,Vendedor_13,9,2490.6,25,1867.95,16811.55,Tarjeta Crédito,No,1167.64,35.4
V01519,2024-12-17,Rosarito,Rosarito-Principal,Electrónica,Cables,Abastos del Pacífico,Vendedor_24,15,3723.24,10,3350.92,50263.8,Vale Despensa,Duplicado,2174.78,36.3
V01520,2024-06-19,Tecate,Tecate-Centro,Ferretería,Herramientas,Abastos del Pacífico,Vendedor_29,1,2158.51,15,1834.73,1834.73,Efectivo,No,1147.61,21.8
V01521,2025-02-13,Tijuana,Tijuana-Otay,Hogar,Cobijas,Proveedor Norte SA,Vendedor_01,13,7691.38,0,7691.38,99987.94,Vale Despensa,Cambio de opinión,3805.58,36.4
V01522,2024-07-13,Ensenada,Ensenada-Maneadero,Ferretería,Pinturas,Surtimax,Vendedor_16,18,6172.87,0,6172.87,111111.66,Tarjeta Crédito,Defecto de fábrica,3806.74,36.6
V01523,2024-12-21,Mexicali,Mexicali-Nueva,Ferretería,Brochas,Importaciones Mex,Vendedor_01,18,2132.2,0,2132.2,38379.6,Tarjeta Débito,No,1452.8,32.9
V01524,2025-02-16,Ensenada,Ensenada-Centro,Electrónica,Televisores,Surtimax,Vendedor_21,13,1742.19,15,1480.86,19251.18,Tarjeta Débito,Talla incorrecta,791.51,53.7
V01525,2024-10-28,Ensenada,Ensenada-Maneadero,Alimentos,Bebidas,Comercial Baja,Vendedor_19,15,4485.77,5,4261.48,63922.2,Efectivo,No,2582.29,34.2
V01526,2024-02-05,San Quintín,San Quintín-Central,Farmacia,Vitaminas,Distribuidora BC,Vendedor_21,14,4270.01,0,4270.01,59780.14,Tarjeta Débito,Defecto de fábrica,2378.1,50.5
V01527,2024-05-14,Tijuana,Tijuana-Garita,Ropa,Chamarras,Proveedor Norte SA,Vendedor_13,9,7355.53,10,6619.98,59579.82,Transferencia,No,3814.32,28.7
V01528,2024-05-25,Tecate,Tecate-Centro,Alimentos,Lácteos,Distribuidora BC,Vendedor_11,13,2442.02,0,2442.02,31746.26,Tarjeta Crédito,No cumplió expectativas,1472.1,32.4
V01529,2024-05-07,Tecate,Tecate-Centro,Alimentos,Cereales,Proveedor Norte SA,Vendedor_11,6,6156.54,0,6156.54,36939.24,Tarjeta Débito,No,3102.06,40.4
V01530,2025-02-02,San Quintín,San Quintín-Central,Hogar,Muebles,Logística Frontera,Vendedor_22,16,2106.03,10,1895.43,30326.88,Tarjeta Crédito,Cambio de opinión,1143.77,23.9
V01531,2024-08-18,Tecate,Tecate-Centro,Ropa,Pantalones,Proveedor Norte SA,Vendedor_16,18,6792.42,5,6452.8,116150.4,Efectivo,No,4702.82,26.5
V01532,2024-09-12,San Quintín,San Quintín-Central,Ropa,Pantalones,Mayoreo TJ,Vendedor_22,1,1371.48,0,1371.48,1371.48,Tarjeta Débito,No,941.69,52.2
V01533,2024-06-09,Tijuana,Tijuana-La Mesa,Ropa,Vestidos,Logística Frontera,Vendedor_18,16,5084.79,25,3813.59,61017.44,Vale Despensa,No,3218.04,39.7
V01534,2024-11-08,Rosarito,Rosarito-Principal,Farmacia,Bebés,Surtimax,Vendedor_05,6,4455.44,0,4455.44,26732.64,Tarjeta Crédito,No cumplió expectativas,2117.9,19.6
V01535,2024-02-26,Rosarito,Rosarito-Principal,Hogar,Decoración,Proveedor Norte SA,Vendedor_17,3,4938.83,25,3704.12,11112.36,Efectivo,No,2671.01,39.0
V01536,2024-08-07,Ensenada,Ensenada-Maneadero,Hogar,Utensilios,Mayoreo TJ,Vendedor_10,12,2190.5,5,2080.97,24971.64,Transferencia,No,1464.26,44.3
V01537,2025-04-15,San Quintín,San Quintín-Central,Electrónica,Cámaras,Logística Frontera,Vendedor_10,19,996.71,10,897.04,17043.76,Vale Despensa,Duplicado,499.15,28.3
V01538,2024-03-26,Tecate,Tecate-Centro,Ropa,Zapatos,Importaciones Mex,Vendedor_08,14,1042.25,5,990.14,13861.96,Vale Despensa,Talla incorrecta,708.32,54.2
V01539,2024-03-10,Tecate,Tecate-Centro,Ferretería,Brochas,Mayoreo TJ,Vendedor_16,18,4072.92,0,4072.92,73312.56,Vale Despensa,No,2316.7,15.4
V01540,2024-05-05,Rosarito,Rosarito-Principal,Ropa,Ropa Interior,Logística Frontera,Vendedor_14,6,5489.96,15,4666.47,27998.82,Tarjeta Crédito,No,3612.03,23.5
V01541,2025-03-11,Ensenada,Ensenada-Centro,Hogar,Muebles,Importaciones Mex,Vendedor_10,12,857.14,0,857.14,10285.68,Tarjeta Crédito,No,572.0,34.9
V01542,2024-03-07,San Quintín,San Quintín-Central,Hogar,Almohadas,Importaciones Mex,Vendedor_07,19,7471.45,20,5977.16,113566.04,Transferencia,Cambio de opinión,3617.21,39.2
V01543,2024-01-30,Ensenada,Ensenada-Maneadero,Farmacia,Anteojos,Distribuidora BC,Vendedor_02,2,2132.85,15,1812.92,3625.84,Vale Despensa,Defecto de fábrica,1277.35,28.6
V01544,2024-04-07,Mexicali,Mexicali-Nueva,Electrónica,Tabletas,Abastos del Pacífico,Vendedor_22,6,6669.65,15,5669.2,34015.2,Vale Despensa,Talla incorrecta,3485.74,26.5
V01545,2025-04-13,San Quintín,San Quintín-Central,Hogar,Utensilios,Surtimax,Vendedor_15,20,5902.17,10,5311.95,106239.0,Tarjeta Débito,No,3483.81,50.1
V01546,2024-04-23,Tecate,Tecate-Centro,Farmacia,Bebés,Proveedor Norte SA,Vendedor_06,17,6046.16,0,6046.16,102784.72,Tarjeta Débito,No,2828.78,44.8
V01547,2025-04-07,Tecate,Tecate-Centro,Ropa,Chamarras,Comercial Baja,Vendedor_01,20,4254.09,5,4041.39,80827.8,Tarjeta Crédito,Talla incorrecta,2712.63,36.2
V01548,2025-05-23,Ensenada,Ensenada-Maneadero,Electrónica,Audífonos,Abastos del Pacífico,Vendedor_17,14,6368.7,5,6050.26,84703.64,Efectivo,No cumplió expectativas,2998.07,44.0
V01549,2024-09-08,San Quintín,San Quintín-Central,Ropa,Ropa Interior,Comercial Baja,Vendedor_27,3,6028.28,0,6028.28,18084.84,Vale Despensa,No,2832.97,52.8
V01550,2024-02-18,Ensenada,Ensenada-Centro,Electrónica,Celulares,Surtimax,Vendedor_05,15,6675.49,25,5006.62,75099.3,Vale Despensa,No,4441.61,52.0
V01551,2024-01-22,Rosarito,Rosarito-Principal,Ropa,Ropa Interior,Proveedor Norte SA,Vendedor_25,17,760.97,15,646.82,10995.94,Tarjeta Crédito,No,379.56,41.9
V01552,2024-09-11,Tijuana,Tijuana-Garita,Electrónica,Tabletas,Mayoreo TJ,Vendedor_28,1,6308.76,0,6308.76,6308.76,Vale Despensa,No,4392.09,27.3
V01553,2024-03-01,San Quintín,San Quintín-Central,Alimentos,Bebidas,Surtimax,Vendedor_27,2,1984.63,20,1587.7,3175.4,Vale Despensa,No,1288.82,49.2
V01554,2024-08-05,San Quintín,San Quintín-Central,Electrónica,Audífonos,Importaciones Mex,Vendedor_13,10,2655.54,0,2655.54,26555.4,Efectivo,No,1796.32,52.3
V01555,2024-03-21,Rosarito,Rosarito-Principal,Ropa,Calcetines,Surtimax,Vendedor_17,15,6072.33,0,6072.33,91084.95,Vale Despensa,Duplicado,3341.21,24.8
V01556,2024-11-25,Ensenada,Ensenada-Centro,Ferretería,Herramientas,Distribuidora BC,Vendedor_12,18,5649.3,15,4801.9,86434.2,Tarjeta Crédito,No,3178.24,24.9
V01557,2024-07-09,San Quintín,San Quintín-Central,Hogar,Almohadas,Surtimax,Vendedor_26,19,1953.3,25,1464.97,27834.43,Efectivo,No,928.43,26.6
V01558,2025-05-12,Tecate,Tecate-Centro,Farmacia,Higiene,Comercial Baja,Vendedor_01,16,6714.64,5,6378.91,102062.56,Tarjeta Débito,No cumplió expectativas,3935.96,31.9
V01559,2024-06-30,San Quintín,San Quintín-Central,Hogar,Muebles,Distribuidora BC,Vendedor_13,10,2777.77,5,2638.88,26388.8,Tarjeta Crédito,No,1428.07,47.7
V01560,2024-07-28,San Quintín,San Quintín-Central,Electrónica,Televisores,Logística Frontera,Vendedor_14,11,7151.75,25,5363.81,59001.91,Tarjeta Crédito,No,3294.91,29.9
V01561,2024-09-27,Tijuana,Tijuana-Garita,Ropa,Camisas,Comercial Baja,Vendedor_14,1,1126.18,5,1069.87,1069.87,Tarjeta Débito,No cumplió expectativas,625.66,52.3
V01562,2024-08-23,Rosarito,Rosarito-Principal,Alimentos,Panadería,Surtimax,Vendedor_26,4,5427.64,25,4070.73,16282.92,Tarjeta Débito,No,3699.7,38.0
V01563,2024-06-26,Rosarito,Rosarito-Principal,Hogar,Cortinas,Logística Frontera,Vendedor_20,19,3246.95,0,3246.95,61692.05,Vale Despensa,No cumplió expectativas,1829.94,25.8
V01564,2025-04-09,Ensenada,Ensenada-Maneadero,Electrónica,Tabletas,Comercial Baja,Vendedor_04,18,6657.71,15,5659.05,101862.9,Transferencia,No cumplió expectativas,3438.51,22.9
V01565,2024-02-05,San Quintín,San Quintín-Central,Ferretería,Pinturas,Logística Frontera,Vendedor_07,9,6321.25,20,5057.0,45513.0,Vale Despensa,Duplicado,3640.85,35.9
V01566,2024-08-15,Tijuana,Tijuana-Zona Río,Hogar,Cojines,Importaciones Mex,Vendedor_13,12,4409.59,25,3307.19,39686.28,Tarjeta Crédito,Duplicado,2823.22,33.0
V01567,2024-07-16,Ensenada,Ensenada-Centro,Ropa,Camisas,Abastos del Pacífico,Vendedor_01,12,4860.09,0,4860.09,58321.08,Tarjeta Débito,No,2849.17,30.8
V01568,2024-08-26,Ensenada,Ensenada-Maneadero,Ropa,Camisas,Proveedor Norte SA,Vendedor_24,6,7394.45,0,7394.45,44366.7,Tarjeta Crédito,Talla incorrecta,4159.77,20.4
V01569,2024-10-05,Ensenada,Ensenada-Maneadero,Electrónica,Televisores,Importaciones Mex,Vendedor_06,19,499.95,25,374.96,7124.24,Tarjeta Crédito,Talla incorrecta,271.38,46.2
V01570,2024-05-27,Rosarito,Rosarito-Principal,Electrónica,Cámaras,Logística Frontera,Vendedor_18,4,5730.97,10,5157.87,20631.48,Transferencia,No cumplió expectativas,2619.28,44.2
V01571,2024-07-06,Rosarito,Rosarito-Principal,Ropa,Calcetines,Surtimax,Vendedor_03,7,7864.56,20,6291.65,44041.55,Transferencia,No cumplió expectativas,5194.51,46.7
V01572,2025-03-05,Mexicali,Mexicali-Baja,Electrónica,Audífonos,Distribuidora BC,Vendedor_18,6,6667.43,5,6334.06,38004.36,Vale Despensa,Talla incorrecta,3086.38,22.7
V01573,2024-06-01,Tecate,Tecate-Centro,Electrónica,Cables,Abastos del Pacífico,Vendedor_15,1,1760.14,25,1320.11,1320.11,Tarjeta Débito,No,816.74,52.2
V01574,2025-02-28,Tijuana,Tijuana-Garita,Ferretería,Adhesivos,Distribuidora BC,Vendedor_19,13,6246.49,5,5934.17,77144.21,Tarjeta Crédito,No cumplió expectativas,3117.93,53.3
V01575,2024-03-02,Rosarito,Rosarito-Principal,Electrónica,Cargadores,Comercial Baja,Vendedor_08,1,3745.53,15,3183.7,3183.7,Tarjeta Débito,Talla incorrecta,1997.81,46.9
V01576,2024-02-05,Tijuana,Tijuana-Garita,Hogar,Cojines,Mayoreo TJ,Vendedor_06,7,4941.92,0,4941.92,34593.44,Efectivo,No,2358.73,36.6
V01577,2024-05-25,Tecate,Tecate-Centro,Farmacia,Termómetros,Distribuidora BC,Vendedor_01,16,7082.57,20,5666.06,90656.96,Tarjeta Crédito,No cumplió expectativas,3747.06,51.9
V01578,2024-03-11,Ensenada,Ensenada-Maneadero,Electrónica,Cámaras,Proveedor Norte SA,Vendedor_15,18,932.13,0,932.13,16778.34,Tarjeta Crédito,No,490.86,31.3
V01579,2025-01-04,Mexicali,Mexicali-Centro,Alimentos,Panadería,Distribuidora BC,Vendedor_21,6,6861.79,0,6861.79,41170.74,Transferencia,No cumplió expectativas,3114.22,28.7
V01580,2024-10-05,Mexicali,Mexicali-Nueva,Alimentos,Bebidas,Comercial Baja,Vendedor_26,19,1178.23,0,1178.23,22386.37,Transferencia,Cambio de opinión,790.39,30.0
V01581,2024-04-06,Tijuana,Tijuana-Otay,Farmacia,Higiene,Mayoreo TJ,Vendedor_16,11,3394.3,15,2885.16,31736.76,Transferencia,Duplicado,1594.39,33.6
V01582,2024-12-25,Ensenada,Ensenada-Centro,Farmacia,Higiene,Abastos del Pacífico,Vendedor_02,12,2199.27,15,1869.38,22432.56,Tarjeta Débito,Talla incorrecta,1047.82,38.0
V01583,2025-02-18,Tijuana,Tijuana-Playas,Ferretería,Pinturas,Abastos del Pacífico,Vendedor_09,18,1407.3,20,1125.84,20265.12,Transferencia,Cambio de opinión,828.9,46.6
V01584,2025-05-27,Rosarito,Rosarito-Principal,Ropa,Zapatos,Logística Frontera,Vendedor_10,1,3735.69,0,3735.69,3735.69,Transferencia,No,1922.78,35.4
V01585,2024-02-03,Mexicali,Mexicali-Baja,Farmacia,Vitaminas,Logística Frontera,Vendedor_20,19,7814.93,0,7814.93,148483.67,Vale Despensa,No,3771.93,32.5
V01586,2024-11-29,Tijuana,Tijuana-Garita,Hogar,Cojines,Logística Frontera,Vendedor_18,7,3174.65,0,3174.65,22222.55,Tarjeta Crédito,Duplicado,1833.25,25.8
V01587,2024-10-07,Tijuana,Tijuana-Zona Río,Ropa,Pantalones,Mayoreo TJ,Vendedor_05,11,1830.81,20,1464.65,16111.15,Efectivo,No,900.84,54.9
V01588,2025-01-02,Mexicali,Mexicali-Nueva,Farmacia,Termómetros,Proveedor Norte SA,Vendedor_29,1,5506.24,0,5506.24,5506.24,Tarjeta Débito,No,3525.87,15.1
V01589,2025-04-09,Tijuana,Tijuana-Garita,Ferretería,Selladores,Distribuidora BC,Vendedor_20,13,2026.9,10,1824.21,23714.73,Efectivo,Duplicado,913.81,35.8
V01590,2024-04-04,Rosarito,Rosarito-Principal,Electrónica,Audífonos,Mayoreo TJ,Vendedor_27,1,996.93,0,996.93,996.93,Tarjeta Débito,No,483.23,34.8
V01591,2024-03-25,Tecate,Tecate-Centro,Farmacia,Medicamentos,Abastos del Pacífico,Vendedor_16,10,3136.23,15,2665.8,26658.0,Tarjeta Crédito,No,1715.92,16.6
V01592,2024-05-01,Tijuana,Tijuana-Zona Río,Ferretería,Electricidad,Importaciones Mex,Vendedor_15,14,5490.16,5,5215.65,73019.1,Efectivo,Talla incorrecta,3746.44,35.9
V01593,2024-05-24,Tijuana,Tijuana-Playas,Electrónica,Cargadores,Logística Frontera,Vendedor_05,17,5569.71,15,4734.25,80482.25,Efectivo,No,2769.7,25.4
V01594,2025-02-26,San Quintín,San Quintín-Central,Electrónica,Cargadores,Proveedor Norte SA,Vendedor_15,9,1667.45,5,1584.08,14256.72,Tarjeta Crédito,No,906.7,38.0
V01595,2024-05-31,Rosarito,Rosarito-Principal,Alimentos,Panadería,Distribuidora BC,Vendedor_02,15,6912.68,20,5530.14,82952.1,Vale Despensa,Defecto de fábrica,3349.1,50.2
V01596,2024-08-15,San Quintín,San Quintín-Central,Ropa,Pantalones,Comercial Baja,Vendedor_20,5,5525.31,0,5525.31,27626.55,Tarjeta Crédito,No,3823.72,21.0
V01597,2024-09-25,Tecate,Tecate-Centro,Electrónica,Cargadores,Mayoreo TJ,Vendedor_15,16,4031.34,0,4031.34,64501.44,Tarjeta Débito,No,2609.96,29.3
V01598,2025-04-10,Mexicali,Mexicali-Baja,Alimentos,Lácteos,Proveedor Norte SA,Vendedor_10,12,7610.73,5,7230.19,86762.28,Efectivo,Defecto de fábrica,3728.25,18.8
V01599,2024-03-12,Rosarito,Rosarito-Principal,Ferretería,Adhesivos,Surtimax,Vendedor_12,14,902.1,0,902.1,12629.4,Vale Despensa,No cumplió expectativas,409.98,41.6
V01600,2024-02-26,Tecate,Tecate-Centro,Electrónica,Televisores,Abastos del Pacífico,Vendedor_14,8,3743.95,0,3743.95,29951.6,Efectivo,Cambio de opinión,1735.12,20.1
V01601,2024-07-24,Mexicali,Mexicali-Nueva,Ropa,Gorras,Abastos del Pacífico,Vendedor_03,6,738.99,0,738.99,4433.94,Tarjeta Crédito,No cumplió expectativas,349.09,16.2
V01602,2024-08-17,Ensenada,Ensenada-Maneadero,Electrónica,Cámaras,Logística Frontera,Vendedor_13,11,5896.66,20,4717.33,51890.63,Efectivo,Cambio de opinión,4084.39,27.2
V01603,2024-01-26,Mexicali,Mexicali-Centro,Hogar,Almohadas,Distribuidora BC,Vendedor_11,13,7901.23,10,7111.11,92444.43,Tarjeta Débito,Talla incorrecta,3569.07,35.0
V01604,2024-08-28,San Quintín,San Quintín-Central,Farmacia,Primeros Auxilios,Abastos del Pacífico,Vendedor_03,9,3959.95,0,3959.95,35639.55,Transferencia,No,2771.15,36.4
V01605,2025-04-08,Mexicali,Mexicali-Baja,Electrónica,Celulares,Abastos del Pacífico,Vendedor_28,13,6617.1,0,6617.1,86022.3,Transferencia,Defecto de fábrica,4141.63,30.5
V01606,2025-03-28,Ensenada,Ensenada-Maneadero,Ropa,Vestidos,Comercial Baja,Vendedor_17,20,2244.69,0,2244.69,44893.8,Tarjeta Crédito,No,1453.5,26.7
V01607,2024-01-16,Tecate,Tecate-Centro,Farmacia,Higiene,Abastos del Pacífico,Vendedor_30,12,4646.54,5,4414.21,52970.52,Efectivo,Defecto de fábrica,3027.54,27.1
V01608,2024-08-02,Rosarito,Rosarito-Principal,Alimentos,Lácteos,Proveedor Norte SA,Vendedor_10,9,1048.15,15,890.93,8018.37,Transferencia,Cambio de opinión,701.92,45.2
V01609,2024-12-30,Rosarito,Rosarito-Principal,Electrónica,Celulares,Surtimax,Vendedor_09,9,740.7,20,592.56,5333.04,Vale Despensa,No cumplió expectativas,478.8,15.7
V01610,2025-05-19,Tecate,Tecate-Centro,Alimentos,Bebidas,Distribuidora BC,Vendedor_17,20,6143.0,0,6143.0,122860.0,Tarjeta Débito,Duplicado,3476.32,15.1
V01611,2025-05-29,San Quintín,San Quintín-Central,Ropa,Chamarras,Distribuidora BC,Vendedor_17,17,1841.51,10,1657.36,28175.12,Vale Despensa,No cumplió expectativas,956.31,47.1
V01612,2024-04-10,Rosarito,Rosarito-Principal,Hogar,Almohadas,Proveedor Norte SA,Vendedor_06,12,2114.38,0,2114.38,25372.56,Efectivo,Talla incorrecta,1036.57,50.1
V01613,2024-01-31,Ensenada,Ensenada-Centro,Farmacia,Primeros Auxilios,Abastos del Pacífico,Vendedor_02,8,703.98,0,703.98,5631.84,Tarjeta Crédito,Talla incorrecta,424.38,53.0
V01614,2024-02-29,Tecate,Tecate-Centro,Ropa,Gorras,Mayoreo TJ,Vendedor_02,2,1181.11,20,944.89,1889.78,Tarjeta Débito,Duplicado,562.51,32.9
V01615,2024-08-02,Rosarito,Rosarito-Principal,Electrónica,Laptops,Comercial Baja,Vendedor_27,1,6470.32,0,6470.32,6470.32,Efectivo,Cambio de opinión,3301.0,45.0
V01616,2024-04-17,Tecate,Tecate-Centro,Ferretería,Brochas,Mayoreo TJ,Vendedor_25,2,6107.32,20,4885.86,9771.72,Tarjeta Crédito,No,3792.25,39.7
V01617,2024-12-02,Tijuana,Tijuana-Zona Río,Alimentos,Bebidas,Proveedor Norte SA,Vendedor_21,15,4675.58,10,4208.02,63120.3,Efectivo,No,2194.06,53.3
V01618,2024-06-19,Ensenada,Ensenada-Centro,Alimentos,Lácteos,Comercial Baja,Vendedor_17,16,5664.04,0,5664.04,90624.64,Efectivo,No,3216.71,46.2
V01619,2025-03-12,Rosarito,Rosarito-Principal,Farmacia,Cuidado Personal,Distribuidora BC,Vendedor_25,4,3770.19,20,3016.15,12064.6,Vale Despensa,Defecto de fábrica,2139.57,48.4
V01620,2024-07-21,Mexicali,Mexicali-Centro,Farmacia,Anteojos,Surtimax,Vendedor_27,4,2047.95,25,1535.96,6143.84,Tarjeta Débito,No,942.22,50.1
V01621,2025-01-10,Rosarito,Rosarito-Principal,Electrónica,Celulares,Comercial Baja,Vendedor_28,18,6396.24,0,6396.24,115132.32,Vale Despensa,No,2928.64,21.8
V01622,2024-06-15,Ensenada,Ensenada-Maneadero,Ropa,Vestidos,Abastos del Pacífico,Vendedor_19,6,1745.63,20,1396.5,8379.0,Efectivo,Talla incorrecta,1130.01,30.4
V01623,2025-04-28,San Quintín,San Quintín-Central,Ferretería,Adhesivos,Abastos del Pacífico,Vendedor_26,13,6782.98,10,6104.68,79360.84,Transferencia,Defecto de fábrica,4209.25,29.3
V01624,2024-11-25,Tecate,Tecate-Centro,Ropa,Ropa Interior,Distribuidora BC,Vendedor_27,3,5591.0,0,5591.0,16773.0,Transferencia,Defecto de fábrica,3766.45,47.9
V01625,2025-01-07,Tecate,Tecate-Centro,Electrónica,Cámaras,Logística Frontera,Vendedor_29,7,7425.56,5,7054.28,49379.96,Tarjeta Débito,Defecto de fábrica,3865.13,23.5
V01626,2024-10-26,San Quintín,San Quintín-Central,Ferretería,Plomería,Distribuidora BC,Vendedor_08,18,4644.2,10,4179.78,75236.04,Efectivo,No,2101.75,51.5
V01627,2024-02-17,San Quintín,San Quintín-Central,Ferretería,Pinturas,Distribuidora BC,Vendedor_12,8,6521.68,15,5543.43,44347.44,Efectivo,No cumplió expectativas,3549.52,43.8
V01628,2024-12-03,San Quintín,San Quintín-Central,Farmacia,Primeros Auxilios,Logística Frontera,Vendedor_18,8,3264.03,5,3100.83,24806.64,Efectivo,Duplicado,1545.09,28.0
V01629,2025-03-10,Tijuana,Tijuana-Playas,Hogar,Almohadas,Surtimax,Vendedor_16,16,2113.63,0,2113.63,33818.08,Tarjeta Débito,Talla incorrecta,1242.71,27.8
V01630,2024-04-10,Tijuana,Tijuana-Otay,Ferretería,Pinturas,Importaciones Mex,Vendedor_19,11,7251.37,25,5438.53,59823.83,Tarjeta Crédito,No cumplió expectativas,4650.08,34.9
V01631,2025-04-17,Tijuana,Tijuana-Playas,Alimentos,Panadería,Importaciones Mex,Vendedor_24,20,1280.38,0,1280.38,25607.6,Transferencia,No cumplió expectativas,582.21,26.8
V01632,2025-04-24,Ensenada,Ensenada-Maneadero,Farmacia,Bebés,Proveedor Norte SA,Vendedor_12,15,6185.03,20,4948.02,74220.3,Efectivo,No cumplió expectativas,3466.0,16.1
V01633,2025-05-07,Mexicali,Mexicali-Centro,Ferretería,Brochas,Importaciones Mex,Vendedor_16,9,1023.9,20,819.12,7372.08,Efectivo,No,516.18,34.5
V01634,2024-03-15,Ensenada,Ensenada-Centro,Ferretería,Herramientas,Surtimax,Vendedor_23,10,6221.72,25,4666.29,46662.9,Transferencia,Cambio de opinión,3844.59,30.3
V01635,2025-02-16,Mexicali,Mexicali-Nueva,Ropa,Ropa Interior,Comercial Baja,Vendedor_06,17,2113.5,20,1690.8,28743.6,Vale Despensa,No cumplió expectativas,1223.82,27.0
V01636,2025-01-21,Tijuana,Tijuana-La Mesa,Hogar,Almohadas,Mayoreo TJ,Vendedor_16,15,2042.84,0,2042.84,30642.6,Efectivo,Duplicado,1358.32,43.3
V01637,2024-05-08,Ensenada,Ensenada-Centro,Farmacia,Anteojos,Abastos del Pacífico,Vendedor_24,12,3833.31,0,3833.31,45999.72,Vale Despensa,Duplicado,2526.05,39.3
V01638,2024-02-28,Tecate,Tecate-Centro,Alimentos,Cereales,Surtimax,Vendedor_25,6,4751.01,5,4513.46,27080.76,Tarjeta Débito,No,2446.42,28.9
V01639,2024-12-01,Tijuana,Tijuana-Zona Río,Ferretería,Tornillería,Comercial Baja,Vendedor_14,3,3820.41,20,3056.33,9168.99,Tarjeta Crédito,No,2460.83,27.6
V01640,2025-04-19,San Quintín,San Quintín-Central,Hogar,Cortinas,Surtimax,Vendedor_12,17,509.3,25,381.98,6493.66,Tarjeta Crédito,No,249.4,49.0
V01641,2024-08-03,Rosarito,Rosarito-Principal,Ropa,Chamarras,Mayoreo TJ,Vendedor_15,16,1219.94,0,1219.94,19519.04,Tarjeta Débito,No,603.95,43.2
V01642,2025-01-14,Mexicali,Mexicali-Nueva,Ropa,Gorras,Abastos del Pacífico,Vendedor_20,15,871.14,0,871.14,13067.1,Efectivo,No,602.98,19.3
V01643,2024-10-22,Mexicali,Mexicali-Centro,Alimentos,Lácteos,Abastos del Pacífico,Vendedor_19,4,4953.47,15,4210.45,16841.8,Vale Despensa,Cambio de opinión,2517.22,30.0
V01644,2024-01-31,Tijuana,Tijuana-La Mesa,Ferretería,Herramientas,Abastos del Pacífico,Vendedor_19,6,1698.28,0,1698.28,10189.68,Vale Despensa,No cumplió expectativas,770.13,54.9
V01645,2025-03-08,Ensenada,Ensenada-Centro,Farmacia,Anteojos,Proveedor Norte SA,Vendedor_28,2,2185.67,0,2185.67,4371.34,Efectivo,No,1229.75,50.3
V01646,2024-12-16,Tijuana,Tijuana-Otay,Electrónica,Cables,Proveedor Norte SA,Vendedor_10,2,7394.61,25,5545.96,11091.92,Vale Despensa,Defecto de fábrica,3694.13,22.4
V01647,2025-03-27,Tecate,Tecate-Centro,Alimentos,Panadería,Logística Frontera,Vendedor_26,4,3045.04,5,2892.79,11571.16,Transferencia,No cumplió expectativas,1700.07,24.7
V01648,2024-11-28,Rosarito,Rosarito-Principal,Ferretería,Plomería,Proveedor Norte SA,Vendedor_06,13,7665.33,0,7665.33,99649.29,Tarjeta Crédito,Cambio de opinión,4629.44,39.5
V01649,2025-04-18,Rosarito,Rosarito-Principal,Electrónica,Tabletas,Comercial Baja,Vendedor_06,5,5918.37,5,5622.45,28112.25,Vale Despensa,No cumplió expectativas,3937.46,21.4
V01650,2025-03-15,Rosarito,Rosarito-Principal,Hogar,Cojines,Mayoreo TJ,Vendedor_27,10,2817.09,0,2817.09,28170.9,Transferencia,Defecto de fábrica,1773.73,33.1
V01651,2024-07-29,San Quintín,San Quintín-Central,Ropa,Gorras,Comercial Baja,Vendedor_09,12,6910.95,10,6219.85,74638.2,Vale Despensa,No,4403.86,38.5
V01652,2024-01-03,Tijuana,Tijuana-La Mesa,Farmacia,Medicamentos,Comercial Baja,Vendedor_12,10,4070.04,20,3256.03,32560.3,Transferencia,No,2692.83,15.9
V01653,2024-02-17,Tijuana,Tijuana-Zona Río,Electrónica,Laptops,Mayoreo TJ,Vendedor_25,20,4542.11,0,4542.11,90842.2,Efectivo,No cumplió expectativas,3070.6,46.1
V01654,2024-08-18,Ensenada,Ensenada-Centro,Ferretería,Herramientas,Mayoreo TJ,Vendedor_12,19,2271.97,0,2271.97,43167.43,Tarjeta Débito,No cumplió expectativas,1162.83,21.9
V01655,2024-12-18,Mexicali,Mexicali-Centro,Alimentos,Bebidas,Distribuidora BC,Vendedor_20,11,373.86,15,317.78,3495.58,Tarjeta Débito,Defecto de fábrica,260.7,26.3
V01656,2024-07-17,San Quintín,San Quintín-Central,Ropa,Calcetines,Importaciones Mex,Vendedor_29,7,4668.12,10,4201.31,29409.17,Tarjeta Débito,Duplicado,2444.39,24.9
V01657,2024-08-24,Mexicali,Mexicali-Nueva,Hogar,Cobijas,Mayoreo TJ,Vendedor_27,12,107.58,0,107.58,1290.96,Tarjeta Crédito,Talla incorrecta,68.65,18.6
V01658,2024-05-17,Rosarito,Rosarito-Principal,Hogar,Decoración,Distribuidora BC,Vendedor_05,11,6023.29,20,4818.63,53004.93,Tarjeta Débito,Defecto de fábrica,4166.58,31.1
V01659,2024-03-08,Tijuana,Tijuana-La Mesa,Hogar,Utensilios,Abastos del Pacífico,Vendedor_06,6,4724.59,10,4252.13,25512.78,Vale Despensa,Defecto de fábrica,3041.31,25.7
V01660,2024-05-15,Tijuana,Tijuana-Zona Río,Ropa,Gorras,Abastos del Pacífico,Vendedor_15,19,2768.09,0,2768.09,52593.71,Efectivo,No cumplió expectativas,1732.13,19.0
V01661,2025-04-29,Ensenada,Ensenada-Centro,Farmacia,Anteojos,Mayoreo TJ,Vendedor_22,9,1068.47,20,854.78,7693.02,Vale Despensa,No,648.98,30.9
V01662,2025-04-04,Tecate,Tecate-Centro,Ropa,Camisas,Proveedor Norte SA,Vendedor_01,4,7128.33,20,5702.66,22810.64,Vale Despensa,Duplicado,4264.69,41.4
V01663,2024-04-18,Rosarito,Rosarito-Principal,Alimentos,Lácteos,Surtimax,Vendedor_23,6,2200.33,5,2090.31,12541.86,Tarjeta Débito,Talla incorrecta,1463.25,29.2
V01664,2024-04-17,Ensenada,Ensenada-Centro,Alimentos,Carnes Frías,Importaciones Mex,Vendedor_22,4,5772.37,0,5772.37,23089.48,Efectivo,Cambio de opinión,3344.26,32.7
V01665,2024-09-14,Rosarito,Rosarito-Principal,Farmacia,Higiene,Mayoreo TJ,Vendedor_03,12,2124.38,0,2124.38,25492.56,Vale Despensa,No cumplió expectativas,1245.55,43.3
V01666,2025-05-09,Ensenada,Ensenada-Maneadero,Farmacia,Vitaminas,Proveedor Norte SA,Vendedor_14,10,4746.07,0,4746.07,47460.7,Transferencia,No,2888.04,48.2
V01667,2024-04-07,Mexicali,Mexicali-Centro,Ropa,Vestidos,Proveedor Norte SA,Vendedor_06,12,4731.85,20,3785.48,45425.76,Tarjeta Crédito,No,2682.1,36.7
V01668,2025-01-02,Ensenada,Ensenada-Maneadero,Alimentos,Snacks,Importaciones Mex,Vendedor_27,17,7073.19,15,6012.21,102207.57,Vale Despensa,No,3486.72,46.0
V01669,2024-09-29,San Quintín,San Quintín-Central,Farmacia,Termómetros,Comercial Baja,Vendedor_05,1,1123.06,0,1123.06,1123.06,Vale Despensa,No,724.07,29.5
V01670,2024-06-11,Mexicali,Mexicali-Nueva,Alimentos,Conservas,Mayoreo TJ,Vendedor_28,6,687.22,20,549.78,3298.68,Tarjeta Crédito,No cumplió expectativas,310.73,19.3
V01671,2024-06-25,Mexicali,Mexicali-Baja,Farmacia,Anteojos,Abastos del Pacífico,Vendedor_07,15,1385.62,10,1247.06,18705.9,Vale Despensa,No,886.96,50.2
V01672,2024-03-30,San Quintín,San Quintín-Central,Electrónica,Celulares,Mayoreo TJ,Vendedor_20,9,6353.71,5,6036.02,54324.18,Efectivo,Cambio de opinión,4110.95,39.2
V01673,2024-05-17,San Quintín,San Quintín-Central,Hogar,Cobijas,Abastos del Pacífico,Vendedor_01,2,6660.23,25,4995.17,9990.34,Tarjeta Crédito,No,4526.56,50.7
V01674,2024-10-18,Tijuana,Tijuana-Zona Río,Alimentos,Cereales,Proveedor Norte SA,Vendedor_23,16,1593.93,0,1593.93,25502.88,Tarjeta Débito,Defecto de fábrica,962.15,17.0
V01675,2024-06-30,Tijuana,Tijuana-Zona Río,Ropa,Zapatos,Mayoreo TJ,Vendedor_10,18,2997.35,5,2847.48,51254.64,Transferencia,No cumplió expectativas,1418.98,53.0
V01676,2024-05-27,Mexicali,Mexicali-Baja,Electrónica,Televisores,Comercial Baja,Vendedor_22,17,3387.98,0,3387.98,57595.66,Efectivo,No,1795.94,26.2
V01677,2024-10-15,Tijuana,Tijuana-La Mesa,Electrónica,Cámaras,Surtimax,Vendedor_01,13,7806.15,0,7806.15,101479.95,Efectivo,Duplicado,4629.91,24.1
V01678,2024-08-16,Mexicali,Mexicali-Centro,Alimentos,Cereales,Importaciones Mex,Vendedor_28,5,766.55,20,613.24,3066.2,Tarjeta Débito,Talla incorrecta,495.67,19.6
V01679,2024-07-23,San Quintín,San Quintín-Central,Alimentos,Bebidas,Abastos del Pacífico,Vendedor_12,5,7721.73,10,6949.56,34747.8,Tarjeta Crédito,Talla incorrecta,5212.03,26.5
V01680,2025-01-05,San Quintín,San Quintín-Central,Hogar,Cobijas,Abastos del Pacífico,Vendedor_29,17,3738.18,20,2990.54,50839.18,Efectivo,No,2076.55,42.7
V01681,2025-04-29,Ensenada,Ensenada-Maneadero,Ropa,Camisas,Surtimax,Vendedor_04,3,6559.38,20,5247.5,15742.5,Vale Despensa,No,3854.42,15.8
V01682,2024-06-21,Tijuana,Tijuana-La Mesa,Ferretería,Plomería,Importaciones Mex,Vendedor_15,2,1420.86,0,1420.86,2841.72,Tarjeta Crédito,Cambio de opinión,734.09,25.7
V01683,2025-05-28,Tecate,Tecate-Centro,Ropa,Chamarras,Logística Frontera,Vendedor_15,7,2795.54,15,2376.21,16633.47,Vale Despensa,No,1789.74,15.4
V01684,2025-03-04,Ensenada,Ensenada-Maneadero,Ferretería,Adhesivos,Proveedor Norte SA,Vendedor_09,5,5975.59,20,4780.47,23902.35,Transferencia,No,2947.39,35.6
V01685,2024-12-13,San Quintín,San Quintín-Central,Electrónica,Televisores,Surtimax,Vendedor_21,20,7835.06,0,7835.06,156701.2,Tarjeta Crédito,Duplicado,4469.33,52.7
V01686,2024-08-13,Mexicali,Mexicali-Centro,Hogar,Utensilios,Distribuidora BC,Vendedor_09,2,1913.92,0,1913.92,3827.84,Transferencia,No,885.15,34.5
V01687,2024-09-25,San Quintín,San Quintín-Central,Farmacia,Vitaminas,Importaciones Mex,Vendedor_15,17,2384.12,25,1788.09,30397.53,Efectivo,Cambio de opinión,1308.99,30.0
V01688,2025-04-23,Rosarito,Rosarito-Principal,Farmacia,Bebés,Abastos del Pacífico,Vendedor_25,14,7033.84,10,6330.46,88626.44,Tarjeta Débito,No cumplió expectativas,3875.88,52.0
V01689,2025-01-16,Tijuana,Tijuana-Playas,Farmacia,Primeros Auxilios,Proveedor Norte SA,Vendedor_02,17,7064.03,0,7064.03,120088.51,Tarjeta Débito,No,3978.48,52.0
V01690,2024-02-11,Mexicali,Mexicali-Nueva,Electrónica,Televisores,Abastos del Pacífico,Vendedor_01,11,6227.71,10,5604.94,61654.34,Tarjeta Crédito,No,4322.49,29.5
V01691,2024-09-30,Tecate,Tecate-Centro,Alimentos,Snacks,Importaciones Mex,Vendedor_07,15,1861.75,5,1768.66,26529.9,Efectivo,No,1022.27,40.8
V01692,2024-05-18,San Quintín,San Quintín-Central,Electrónica,Cables,Mayoreo TJ,Vendedor_14,18,3794.48,0,3794.48,68300.64,Transferencia,No cumplió expectativas,2549.75,34.0
V01693,2025-03-17,Rosarito,Rosarito-Principal,Electrónica,Televisores,Importaciones Mex,Vendedor_17,17,6180.22,25,4635.16,78797.72,Tarjeta Crédito,No,3825.95,47.3
V01694,2024-06-22,Tijuana,Tijuana-La Mesa,Hogar,Cojines,Comercial Baja,Vendedor_13,10,4602.5,5,4372.38,43723.8,Efectivo,No,2924.76,27.6
V01695,2025-04-11,San Quintín,San Quintín-Central,Electrónica,Audífonos,Logística Frontera,Vendedor_21,4,4589.46,0,4589.46,18357.84,Vale Despensa,Defecto de fábrica,2550.12,43.0
V01696,2024-07-10,Tijuana,Tijuana-Zona Río,Hogar,Cortinas,Distribuidora BC,Vendedor_13,7,286.43,20,229.14,1603.98,Tarjeta Débito,Defecto de fábrica,170.27,53.5
V01697,2024-06-12,Tijuana,Tijuana-La Mesa,Ropa,Vestidos,Distribuidora BC,Vendedor_18,19,6145.56,0,6145.56,116765.64,Tarjeta Débito,No,3408.76,27.9
V01698,2025-03-09,Mexicali,Mexicali-Centro,Hogar,Lámparas,Logística Frontera,Vendedor_06,18,3687.45,0,3687.45,66374.1,Transferencia,Cambio de opinión,2200.77,21.3
V01699,2024-11-30,Mexicali,Mexicali-Nueva,Farmacia,Cuidado Personal,Proveedor Norte SA,Vendedor_04,8,7781.19,0,7781.19,62249.52,Tarjeta Crédito,Cambio de opinión,4199.49,37.6
V01700,2024-12-14,Tecate,Tecate-Centro,Electrónica,Cables,Comercial Baja,Vendedor_07,20,4810.57,0,4810.57,96211.4,Efectivo,No,2607.17,54.8
V01701,2024-02-25,Rosarito,Rosarito-Principal,Alimentos,Carnes Frías,Distribuidora BC,Vendedor_15,8,4513.22,10,4061.9,32495.2,Vale Despensa,No cumplió expectativas,2156.92,33.9
V01702,2024-04-26,Tijuana,Tijuana-La Mesa,Farmacia,Anteojos,Proveedor Norte SA,Vendedor_04,8,7633.09,10,6869.78,54958.24,Transferencia,No,4676.21,25.1
V01703,2024-02-17,Rosarito,Rosarito-Principal,Farmacia,Vitaminas,Comercial Baja,Vendedor_02,15,2662.11,5,2529.0,37935.0,Vale Despensa,Talla incorrecta,1848.39,31.5
V01704,2024-03-08,Ensenada,Ensenada-Centro,Hogar,Muebles,Mayoreo TJ,Vendedor_13,17,1668.52,0,1668.52,28364.84,Tarjeta Débito,No,971.37,39.0
V01705,2024-01-20,Tecate,Tecate-Centro,Farmacia,Primeros Auxilios,Mayoreo TJ,Vendedor_17,1,6671.74,15,5670.98,5670.98,Vale Despensa,No,4102.74,53.6
V01706,2025-03-05,Rosarito,Rosarito-Principal,Farmacia,Termómetros,Proveedor Norte SA,Vendedor_14,3,5069.2,0,5069.2,15207.6,Vale Despensa,No,3149.78,43.8
V01707,2024-02-03,Tecate,Tecate-Centro,Ropa,Gorras,Mayoreo TJ,Vendedor_27,1,3278.85,0,3278.85,3278.85,Efectivo,No,1672.3,19.8
V01708,2024-10-02,Tijuana,Tijuana-Otay,Hogar,Cojines,Surtimax,Vendedor_26,9,5396.52,10,4856.87,43711.83,Vale Despensa,Duplicado,2943.11,41.0
V01709,2024-01-12,San Quintín,San Quintín-Central,Alimentos,Condimentos,Mayoreo TJ,Vendedor_10,6,7204.92,0,7204.92,43229.52,Tarjeta Débito,Cambio de opinión,4426.76,30.0
V01710,2025-04-14,Tecate,Tecate-Centro,Ferretería,Pinturas,Importaciones Mex,Vendedor_01,8,7513.36,0,7513.36,60106.88,Tarjeta Débito,No,4416.58,25.7
V01711,2024-01-01,Tecate,Tecate-Centro,Farmacia,Medicamentos,Logística Frontera,Vendedor_08,15,2036.91,20,1629.53,24442.95,Transferencia,No cumplió expectativas,1078.67,48.8
V01712,2025-05-28,San Quintín,San Quintín-Central,Electrónica,Cargadores,Comercial Baja,Vendedor_26,9,2871.14,20,2296.91,20672.19,Tarjeta Crédito,Talla incorrecta,1851.08,26.1
V01713,2024-12-26,Tijuana,Tijuana-Otay,Hogar,Utensilios,Comercial Baja,Vendedor_16,4,6731.18,0,6731.18,26924.72,Tarjeta Débito,No,3900.33,26.1
V01714,2025-03-14,San Quintín,San Quintín-Central,Hogar,Cobijas,Abastos del Pacífico,Vendedor_13,8,7992.55,0,7992.55,63940.4,Transferencia,Defecto de fábrica,4804.16,40.0
V01715,2025-05-11,Rosarito,Rosarito-Principal,Alimentos,Bebidas,Mayoreo TJ,Vendedor_24,19,1078.31,10,970.48,18439.12,Efectivo,No cumplió expectativas,741.69,22.4
V01716,2025-01-28,Rosarito,Rosarito-Principal,Ropa,Vestidos,Abastos del Pacífico,Vendedor_03,1,7691.91,0,7691.91,7691.91,Transferencia,No,5285.55,37.8
V01717,2024-09-10,Tecate,Tecate-Centro,Ropa,Ropa Interior,Surtimax,Vendedor_25,19,3046.79,0,3046.79,57889.01,Vale Despensa,Duplicado,1930.75,49.6
V01718,2025-03-20,Tecate,Tecate-Centro,Farmacia,Termómetros,Logística Frontera,Vendedor_04,12,3634.97,0,3634.97,43619.64,Tarjeta Débito,Defecto de fábrica,1867.29,21.9
V01719,2024-07-13,Rosarito,Rosarito-Principal,Ferretería,Plomería,Distribuidora BC,Vendedor_05,20,810.38,5,769.86,15397.2,Tarjeta Débito,No,446.21,16.2
V01720,2024-05-30,Tijuana,Tijuana-Playas,Alimentos,Snacks,Distribuidora BC,Vendedor_26,13,5236.35,25,3927.26,51054.38,Tarjeta Crédito,No,3326.64,41.5
V01721,2024-07-28,Tijuana,Tijuana-Playas,Farmacia,Vitaminas,Comercial Baja,Vendedor_11,1,1780.93,0,1780.93,1780.93,Tarjeta Débito,No,1202.63,48.7
V01722,2024-06-12,Tecate,Tecate-Centro,Electrónica,Cables,Logística Frontera,Vendedor_30,10,5173.2,20,4138.56,41385.6,Efectivo,No cumplió expectativas,2754.09,53.8
V01723,2025-05-11,San Quintín,San Quintín-Central,Electrónica,Celulares,Abastos del Pacífico,Vendedor_20,1,1906.58,5,1811.25,1811.25,Efectivo,No,1154.62,25.4
V01724,2024-05-14,Rosarito,Rosarito-Principal,Ropa,Camisas,Distribuidora BC,Vendedor_16,13,5209.83,15,4428.36,57568.68,Tarjeta Crédito,Defecto de fábrica,2664.83,52.4
V01725,2024-12-07,Tecate,Tecate-Centro,Hogar,Lámparas,Mayoreo TJ,Vendedor_25,19,7494.76,20,5995.81,113920.39,Tarjeta Crédito,No,4964.48,15.3
V01726,2024-08-18,Mexicali,Mexicali-Baja,Hogar,Utensilios,Importaciones Mex,Vendedor_16,11,1008.1,0,1008.1,11089.1,Vale Despensa,Talla incorrecta,533.22,31.2
V01727,2025-05-23,Tijuana,Tijuana-Garita,Hogar,Cortinas,Proveedor Norte SA,Vendedor_08,3,3992.15,0,3992.15,11976.45,Transferencia,No,1882.46,38.0
V01728,2024-07-22,San Quintín,San Quintín-Central,Electrónica,Celulares,Comercial Baja,Vendedor_07,19,5575.33,0,5575.33,105931.27,Tarjeta Débito,No,3149.53,22.6
V01729,2024-01-01,San Quintín,San Quintín-Central,Alimentos,Panadería,Comercial Baja,Vendedor_14,10,2236.74,25,1677.55,16775.5,Efectivo,Cambio de opinión,1254.77,53.4
V01730,2025-02-27,Tecate,Tecate-Centro,Ropa,Ropa Interior,Distribuidora BC,Vendedor_25,16,7892.24,0,7892.24,126275.84,Vale Despensa,No,3692.17,33.8
V01731,2024-12-21,Tijuana,Tijuana-Zona Río,Alimentos,Bebidas,Logística Frontera,Vendedor_12,6,3892.4,5,3697.78,22186.68,Transferencia,Talla incorrecta,1938.99,25.2
V01732,2024-03-21,Rosarito,Rosarito-Principal,Ferretería,Adhesivos,Surtimax,Vendedor_29,12,4095.62,15,3481.28,41775.36,Transferencia,Talla incorrecta,2109.83,43.7
V01733,2024-02-18,Rosarito,Rosarito-Principal,Farmacia,Bebés,Comercial Baja,Vendedor_01,13,2028.57,0,2028.57,26371.41,Efectivo,No,1057.42,38.5
V01734,2024-09-11,Tijuana,Tijuana-Playas,Alimentos,Panadería,Mayoreo TJ,Vendedor_06,1,981.98,10,883.78,883.78,Efectivo,No,639.34,16.0
V01735,2025-01-15,Mexicali,Mexicali-Nueva,Hogar,Almohadas,Abastos del Pacífico,Vendedor_22,8,6163.12,0,6163.12,49304.96,Tarjeta Crédito,No,3741.54,42.7
V01736,2024-12-12,Tijuana,Tijuana-La Mesa,Ferretería,Herramientas,Abastos del Pacífico,Vendedor_10,6,1254.84,15,1066.61,6399.66,Transferencia,Talla incorrecta,787.19,23.3
V01737,2024-02-26,Mexicali,Mexicali-Nueva,Ropa,Ropa Interior,Comercial Baja,Vendedor_10,7,5780.62,0,5780.62,40464.34,Tarjeta Crédito,Duplicado,3829.67,35.1
V01738,2024-06-21,Rosarito,Rosarito-Principal,Hogar,Cortinas,Distribuidora BC,Vendedor_20,2,388.44,25,291.33,582.66,Vale Despensa,Defecto de fábrica,183.8,48.6
V01739,2025-01-22,San Quintín,San Quintín-Central,Ropa,Pantalones,Distribuidora BC,Vendedor_11,13,780.41,0,780.41,10145.33,Vale Despensa,Talla incorrecta,404.97,28.5
V01740,2025-02-16,Tijuana,Tijuana-Playas,Ropa,Calcetines,Logística Frontera,Vendedor_15,4,1965.7,0,1965.7,7862.8,Tarjeta Débito,Defecto de fábrica,956.68,27.5
V01741,2024-10-12,Rosarito,Rosarito-Principal,Farmacia,Medicamentos,Comercial Baja,Vendedor_24,12,3834.59,10,3451.13,41413.56,Efectivo,Cambio de opinión,2553.4,42.2
V01742,2025-02-03,San Quintín,San Quintín-Central,Farmacia,Cuidado Personal,Surtimax,Vendedor_24,10,685.43,0,685.43,6854.3,Tarjeta Débito,Talla incorrecta,407.24,31.8
V01743,2024-11-30,Tecate,Tecate-Centro,Hogar,Cobijas,Abastos del Pacífico,Vendedor_30,8,6988.6,0,6988.6,55908.8,Efectivo,No,3779.61,54.0
V01744,2024-05-12,Mexicali,Mexicali-Nueva,Hogar,Lámparas,Comercial Baja,Vendedor_27,1,5931.91,10,5338.72,5338.72,Vale Despensa,No,4014.74,15.2
V01745,2024-08-30,Tecate,Tecate-Centro,Electrónica,Cargadores,Abastos del Pacífico,Vendedor_13,13,7428.6,0,7428.6,96571.8,Tarjeta Débito,Defecto de fábrica,4148.82,15.3
V01746,2024-01-09,Tijuana,Tijuana-Otay,Farmacia,Vitaminas,Distribuidora BC,Vendedor_01,9,5193.49,20,4154.79,37393.11,Tarjeta Débito,No,3098.75,38.7
V01747,2024-05-18,Mexicali,Mexicali-Centro,Farmacia,Cuidado Personal,Logística Frontera,Vendedor_11,12,5130.8,0,5130.8,61569.6,Tarjeta Débito,Defecto de fábrica,3192.08,45.7
V01748,2024-04-24,Tecate,Tecate-Centro,Ferretería,Brochas,Mayoreo TJ,Vendedor_13,8,5584.1,15,4746.49,37971.92,Efectivo,No,2582.0,43.7
V01749,2024-11-25,Tecate,Tecate-Centro,Ropa,Gorras,Logística Frontera,Vendedor_21,10,2823.09,25,2117.32,21173.2,Vale Despensa,Cambio de opinión,1942.16,16.8
V01750,2024-04-02,Ensenada,Ensenada-Maneadero,Farmacia,Primeros Auxilios,Proveedor Norte SA,Vendedor_21,17,7409.54,5,7039.06,119664.02,Vale Despensa,Talla incorrecta,3558.02,36.9
V01751,2024-12-04,Tecate,Tecate-Centro,Farmacia,Bebés,Abastos del Pacífico,Vendedor_06,10,4258.67,10,3832.8,38328.0,Tarjeta Débito,No,2552.13,42.4
V01752,2024-01-13,Mexicali,Mexicali-Centro,Hogar,Cortinas,Abastos del Pacífico,Vendedor_04,13,466.05,20,372.84,4846.92,Transferencia,Duplicado,307.63,27.4
V01753,2025-02-19,Tecate,Tecate-Centro,Hogar,Muebles,Mayoreo TJ,Vendedor_07,14,2405.84,0,2405.84,33681.76,Tarjeta Crédito,Defecto de fábrica,1563.66,17.5
V01754,2024-03-10,Rosarito,Rosarito-Principal,Electrónica,Laptops,Importaciones Mex,Vendedor_22,1,3026.95,5,2875.6,2875.6,Efectivo,No,1682.35,47.4
V01755,2024-05-12,Ensenada,Ensenada-Maneadero,Electrónica,Cargadores,Logística Frontera,Vendedor_10,12,4236.15,0,4236.15,50833.8,Efectivo,No cumplió expectativas,2127.81,38.6
V01756,2025-01-09,Ensenada,Ensenada-Maneadero,Ferretería,Electricidad,Distribuidora BC,Vendedor_22,9,500.08,20,400.06,3600.54,Tarjeta Crédito,Duplicado,311.85,54.5
V01757,2025-02-11,Tecate,Tecate-Centro,Alimentos,Condimentos,Logística Frontera,Vendedor_28,17,1028.71,0,1028.71,17488.07,Transferencia,No,612.27,32.2
V01758,2025-05-21,Tecate,Tecate-Centro,Ferretería,Plomería,Comercial Baja,Vendedor_13,20,1598.73,15,1358.92,27178.4,Vale Despensa,Cambio de opinión,1101.06,30.0
V01759,2024-03-31,Tecate,Tecate-Centro,Ropa,Zapatos,Logística Frontera,Vendedor_08,16,7950.87,25,5963.15,95410.4,Efectivo,No,5179.42,19.0
V01760,2024-07-13,Mexicali,Mexicali-Centro,Electrónica,Cargadores,Comercial Baja,Vendedor_07,7,3488.27,5,3313.86,23197.02,Tarjeta Débito,No cumplió expectativas,1753.15,54.9
V01761,2024-09-02,Tecate,Tecate-Centro,Alimentos,Snacks,Abastos del Pacífico,Vendedor_30,11,1529.04,0,1529.04,16819.44,Transferencia,No cumplió expectativas,831.82,49.4
V01762,2024-06-12,San Quintín,San Quintín-Central,Alimentos,Lácteos,Surtimax,Vendedor_21,20,3542.4,5,3365.28,67305.6,Tarjeta Débito,Duplicado,1635.47,24.5
V01763,2025-03-09,Mexicali,Mexicali-Centro,Ferretería,Pinturas,Importaciones Mex,Vendedor_08,3,2048.33,0,2048.33,6144.99,Tarjeta Débito,No,1186.12,26.7
V01764,2024-01-10,Mexicali,Mexicali-Baja,Hogar,Lámparas,Surtimax,Vendedor_27,20,4856.97,0,4856.97,97139.4,Tarjeta Crédito,No,3232.34,28.1
V01765,2025-03-22,Ensenada,Ensenada-Maneadero,Ropa,Calcetines,Distribuidora BC,Vendedor_07,11,507.75,25,380.81,4188.91,Vale Despensa,No,350.27,20.0
V01766,2025-03-18,Tijuana,Tijuana-La Mesa,Alimentos,Carnes Frías,Mayoreo TJ,Vendedor_16,6,1746.88,0,1746.88,10481.28,Transferencia,No cumplió expectativas,990.24,23.7
V01767,2025-05-04,Tijuana,Tijuana-La Mesa,Farmacia,Medicamentos,Comercial Baja,Vendedor_01,10,7641.79,20,6113.43,61134.3,Tarjeta Débito,Defecto de fábrica,4505.81,17.1
V01768,2024-10-21,Tecate,Tecate-Centro,Alimentos,Conservas,Proveedor Norte SA,Vendedor_21,5,1397.25,10,1257.53,6287.65,Transferencia,Talla incorrecta,905.1,26.9
V01769,2025-01-10,Tijuana,Tijuana-Otay,Hogar,Utensilios,Mayoreo TJ,Vendedor_14,16,197.1,20,157.68,2522.88,Transferencia,No,109.4,29.9
V01770,2024-07-14,Tijuana,Tijuana-La Mesa,Ropa,Camisas,Surtimax,Vendedor_21,13,6750.02,5,6412.52,83362.76,Transferencia,No,4527.64,46.8
V01771,2024-08-01,Tecate,Tecate-Centro,Alimentos,Condimentos,Importaciones Mex,Vendedor_19,19,2174.76,25,1631.07,30990.33,Vale Despensa,Talla incorrecta,1348.02,44.9
V01772,2024-11-18,Rosarito,Rosarito-Principal,Ferretería,Pinturas,Proveedor Norte SA,Vendedor_28,2,2098.62,20,1678.9,3357.8,Tarjeta Crédito,No,1257.71,47.0
V01773,2024-08-15,Mexicali,Mexicali-Centro,Hogar,Almohadas,Logística Frontera,Vendedor_29,5,2407.96,0,2407.96,12039.8,Transferencia,No,1144.64,19.0
V01774,2024-12-13,San Quintín,San Quintín-Central,Farmacia,Vitaminas,Logística Frontera,Vendedor_01,18,2669.88,10,2402.89,43252.02,Efectivo,Duplicado,1668.54,22.3
V01775,2024-11-07,Tecate,Tecate-Centro,Farmacia,Higiene,Logística Frontera,Vendedor_06,19,1142.89,5,1085.75,20629.25,Tarjeta Débito,No,611.73,43.6
V01776,2025-04-06,San Quintín,San Quintín-Central,Electrónica,Celulares,Comercial Baja,Vendedor_02,7,7276.5,0,7276.5,50935.5,Tarjeta Crédito,No,4470.07,53.9
V01777,2024-09-18,Ensenada,Ensenada-Centro,Hogar,Muebles,Surtimax,Vendedor_13,7,3106.14,0,3106.14,21742.98,Tarjeta Crédito,No,1760.82,54.2
V01778,2025-03-14,Rosarito,Rosarito-Principal,Hogar,Muebles,Logística Frontera,Vendedor_19,17,6036.65,15,5131.15,87229.55,Transferencia,No,3007.46,42.1
V01779,2024-02-21,Mexicali,Mexicali-Centro,Ferretería,Brochas,Proveedor Norte SA,Vendedor_19,4,1275.61,20,1020.49,4081.96,Tarjeta Débito,No,707.06,30.4
V01780,2025-02-20,Mexicali,Mexicali-Centro,Electrónica,Cables,Surtimax,Vendedor_16,15,2615.08,15,2222.82,33342.3,Vale Despensa,Cambio de opinión,1795.92,27.9
V01781,2025-04-26,Ensenada,Ensenada-Maneadero,Alimentos,Bebidas,Logística Frontera,Vendedor_01,9,7930.02,0,7930.02,71370.18,Efectivo,No,3672.2,36.0
V01782,2024-03-14,Ensenada,Ensenada-Maneadero,Ferretería,Tornillería,Abastos del Pacífico,Vendedor_12,12,2364.8,0,2364.8,28377.6,Tarjeta Crédito,No,1256.36,21.2
V01783,2024-01-06,Ensenada,Ensenada-Maneadero,Alimentos,Bebidas,Importaciones Mex,Vendedor_07,10,6170.23,25,4627.67,46276.7,Vale Despensa,No cumplió expectativas,3403.71,36.4
V01784,2024-03-06,Tecate,Tecate-Centro,Ferretería,Plomería,Proveedor Norte SA,Vendedor_08,2,6700.15,25,5025.11,10050.22,Transferencia,No,3340.0,50.3
V01785,2024-06-26,Ensenada,Ensenada-Maneadero,Ropa,Zapatos,Surtimax,Vendedor_24,2,4125.92,20,3300.74,6601.48,Efectivo,Defecto de fábrica,2414.24,44.4
V01786,2024-01-13,Mexicali,Mexicali-Centro,Ferretería,Electricidad,Abastos del Pacífico,Vendedor_21,9,5986.33,5,5687.01,51183.09,Efectivo,No,3926.54,34.0
V01787,2024-10-02,Tecate,Tecate-Centro,Ropa,Chamarras,Importaciones Mex,Vendedor_12,18,2726.25,0,2726.25,49072.5,Transferencia,Talla incorrecta,1642.15,36.1
V01788,2024-11-02,Ensenada,Ensenada-Maneadero,Electrónica,Cámaras,Proveedor Norte SA,Vendedor_19,16,1676.92,20,1341.54,21464.64,Tarjeta Crédito,No,963.5,40.6
V01789,2025-03-18,Mexicali,Mexicali-Nueva,Alimentos,Snacks,Mayoreo TJ,Vendedor_23,5,7111.76,0,7111.76,35558.8,Vale Despensa,Defecto de fábrica,3646.51,20.9
V01790,2024-10-14,Tijuana,Tijuana-Otay,Electrónica,Cargadores,Proveedor Norte SA,Vendedor_15,11,7295.21,0,7295.21,80247.31,Tarjeta Débito,No,4822.83,21.1
V01791,2025-03-23,Mexicali,Mexicali-Centro,Ferretería,Brochas,Surtimax,Vendedor_20,10,5336.65,25,4002.49,40024.9,Tarjeta Crédito,No,3676.51,19.5
V01792,2024-01-04,Ensenada,Ensenada-Centro,Ferretería,Selladores,Mayoreo TJ,Vendedor_27,7,5915.62,0,5915.62,41409.34,Vale Despensa,No,3135.28,40.7
V01793,2025-03-15,Tecate,Tecate-Centro,Electrónica,Cables,Surtimax,Vendedor_24,6,1315.43,5,1249.66,7497.96,Vale Despensa,Defecto de fábrica,715.84,39.9
V01794,2024-08-02,Ensenada,Ensenada-Centro,Hogar,Almohadas,Comercial Baja,Vendedor_07,17,6717.22,10,6045.5,102773.5,Efectivo,Talla incorrecta,3667.52,22.3
V01795,2025-05-27,Rosarito,Rosarito-Principal,Farmacia,Vitaminas,Logística Frontera,Vendedor_25,15,3003.67,0,3003.67,45055.05,Tarjeta Débito,No cumplió expectativas,2017.23,47.9
V01796,2024-05-16,Ensenada,Ensenada-Maneadero,Hogar,Muebles,Mayoreo TJ,Vendedor_08,8,7471.84,0,7471.84,59774.72,Transferencia,No,3584.7,40.0
V01797,2025-03-14,Rosarito,Rosarito-Principal,Ropa,Vestidos,Logística Frontera,Vendedor_28,2,1862.59,0,1862.59,3725.18,Vale Despensa,No,1130.45,32.9
V01798,2025-03-31,San Quintín,San Quintín-Central,Hogar,Cortinas,Comercial Baja,Vendedor_11,3,4668.35,10,4201.52,12604.56,Tarjeta Crédito,No,2337.12,36.0
V01799,2024-03-07,Rosarito,Rosarito-Principal,Hogar,Cojines,Comercial Baja,Vendedor_20,12,3729.01,0,3729.01,44748.12,Efectivo,No,2198.09,27.1
V01800,2024-09-26,Rosarito,Rosarito-Principal,Ropa,Calcetines,Comercial Baja,Vendedor_14,17,6622.86,5,6291.72,106959.24,Tarjeta Débito,No,3849.74,49.4
V01801,2024-07-03,Tijuana,Tijuana-La Mesa,Hogar,Lámparas,Proveedor Norte SA,Vendedor_21,4,1249.95,20,999.96,3999.84,Tarjeta Crédito,Talla incorrecta,793.16,36.9
V01802,2024-05-17,Rosarito,Rosarito-Principal,Ropa,Calcetines,Comercial Baja,Vendedor_01,17,6786.31,0,6786.31,115367.27,Transferencia,Defecto de fábrica,3712.15,45.4
V01803,2025-05-07,Rosarito,Rosarito-Principal,Electrónica,Televisores,Mayoreo TJ,Vendedor_13,8,3664.72,0,3664.72,29317.76,Vale Despensa,No cumplió expectativas,2204.97,24.2
V01804,2024-09-05,Ensenada,Ensenada-Maneadero,Farmacia,Primeros Auxilios,Proveedor Norte SA,Vendedor_14,2,4879.4,25,3659.55,7319.1,Transferencia,No,2595.72,35.4
V01805,2025-05-13,Tecate,Tecate-Centro,Ropa,Ropa Interior,Importaciones Mex,Vendedor_24,1,2866.79,25,2150.09,2150.09,Efectivo,No,1839.0,48.6
V01806,2025-03-26,San Quintín,San Quintín-Central,Electrónica,Cargadores,Surtimax,Vendedor_05,11,2667.69,0,2667.69,29344.59,Efectivo,Defecto de fábrica,1550.46,39.7
V01807,2024-02-15,San Quintín,San Quintín-Central,Ferretería,Electricidad,Surtimax,Vendedor_17,9,5701.72,10,5131.55,46183.95,Vale Despensa,Cambio de opinión,2864.03,53.9
V01808,2024-08-20,Ensenada,Ensenada-Centro,Alimentos,Condimentos,Proveedor Norte SA,Vendedor_07,5,7610.24,0,7610.24,38051.2,Transferencia,No,4443.91,32.8
V01809,2025-04-02,Ensenada,Ensenada-Maneadero,Ferretería,Pinturas,Proveedor Norte SA,Vendedor_28,15,5962.05,25,4471.54,67073.1,Tarjeta Débito,No,3028.9,53.9
V01810,2025-04-29,San Quintín,San Quintín-Central,Alimentos,Cereales,Logística Frontera,Vendedor_01,14,4123.41,10,3711.07,51954.98,Tarjeta Débito,No,2700.22,31.9
V01811,2024-11-22,Tecate,Tecate-Centro,Electrónica,Laptops,Importaciones Mex,Vendedor_25,20,3484.45,0,3484.45,69689.0,Transferencia,No,2008.81,23.3
V01812,2024-05-30,Tijuana,Tijuana-Playas,Ferretería,Brochas,Importaciones Mex,Vendedor_04,20,2960.11,0,2960.11,59202.2,Vale Despensa,No,1623.25,37.4
V01813,2025-01-12,San Quintín,San Quintín-Central,Farmacia,Medicamentos,Mayoreo TJ,Vendedor_27,11,1136.81,0,1136.81,12504.91,Tarjeta Débito,Cambio de opinión,575.98,27.0
V01814,2024-09-10,Tecate,Tecate-Centro,Electrónica,Cargadores,Abastos del Pacífico,Vendedor_26,18,5033.29,10,4529.96,81539.28,Transferencia,No,2295.14,33.7
V01815,2024-06-29,Mexicali,Mexicali-Baja,Alimentos,Cereales,Surtimax,Vendedor_24,13,6780.14,10,6102.13,79327.69,Vale Despensa,Talla incorrecta,3655.74,26.3
V01816,2024-12-10,Tijuana,Tijuana-La Mesa,Alimentos,Bebidas,Mayoreo TJ,Vendedor_29,1,3426.32,25,2569.74,2569.74,Tarjeta Débito,Defecto de fábrica,1607.73,41.6
V01817,2024-11-03,Tecate,Tecate-Centro,Farmacia,Primeros Auxilios,Comercial Baja,Vendedor_13,8,7135.36,0,7135.36,57082.88,Efectivo,Cambio de opinión,4468.94,25.2
V01818,2024-05-11,Rosarito,Rosarito-Principal,Farmacia,Termómetros,Mayoreo TJ,Vendedor_18,1,6496.35,10,5846.72,5846.72,Transferencia,No,3392.09,40.5
V01819,2025-01-28,Mexicali,Mexicali-Centro,Electrónica,Celulares,Distribuidora BC,Vendedor_18,1,3426.78,15,2912.76,2912.76,Tarjeta Débito,No cumplió expectativas,1898.11,33.1
V01820,2024-03-20,Tijuana,Tijuana-Zona Río,Farmacia,Anteojos,Mayoreo TJ,Vendedor_11,14,7920.08,20,6336.06,88704.84,Transferencia,Defecto de fábrica,5376.29,26.1
V01821,2024-02-10,Tijuana,Tijuana-Otay,Ropa,Vestidos,Importaciones Mex,Vendedor_24,9,5456.39,5,5183.57,46652.13,Transferencia,Talla incorrecta,3781.21,37.1
V01822,2024-03-14,Tecate,Tecate-Centro,Alimentos,Snacks,Mayoreo TJ,Vendedor_21,20,795.61,25,596.71,11934.2,Tarjeta Crédito,No,412.94,31.1
V01823,2025-04-13,Ensenada,Ensenada-Maneadero,Electrónica,Celulares,Abastos del Pacífico,Vendedor_30,3,1729.75,15,1470.29,4410.87,Tarjeta Crédito,Cambio de opinión,966.19,27.3
V01824,2024-08-11,Tecate,Tecate-Centro,Electrónica,Cables,Surtimax,Vendedor_24,13,2008.35,0,2008.35,26108.55,Transferencia,Talla incorrecta,1352.44,40.3
V01825,2024-09-26,Ensenada,Ensenada-Centro,Farmacia,Higiene,Logística Frontera,Vendedor_20,13,3913.44,25,2935.08,38156.04,Efectivo,Talla incorrecta,1786.8,52.1
V01826,2024-03-06,Rosarito,Rosarito-Principal,Electrónica,Celulares,Logística Frontera,Vendedor_25,11,5956.46,15,5062.99,55692.89,Tarjeta Crédito,Duplicado,4058.37,25.2
V01827,2024-01-01,Rosarito,Rosarito-Principal,Hogar,Cobijas,Comercial Baja,Vendedor_25,19,1485.52,5,1411.24,26813.56,Tarjeta Débito,Cambio de opinión,1023.78,17.6
V01828,2024-07-21,Ensenada,Ensenada-Maneadero,Hogar,Lámparas,Surtimax,Vendedor_03,10,3021.64,25,2266.23,22662.3,Efectivo,No cumplió expectativas,1556.68,46.3
V01829,2024-10-23,Tecate,Tecate-Centro,Ferretería,Adhesivos,Surtimax,Vendedor_10,1,1748.57,0,1748.57,1748.57,Tarjeta Débito,Defecto de fábrica,979.55,41.0
V01830,2024-02-22,Tecate,Tecate-Centro,Ferretería,Plomería,Distribuidora BC,Vendedor_24,17,461.55,15,392.32,6669.44,Vale Despensa,Defecto de fábrica,263.13,24.7
V01831,2024-08-22,Ensenada,Ensenada-Centro,Ferretería,Pinturas,Comercial Baja,Vendedor_18,9,2630.35,0,2630.35,23673.15,Transferencia,No,1295.99,19.2
V01832,2025-02-19,Tijuana,Tijuana-La Mesa,Ferretería,Pinturas,Surtimax,Vendedor_14,2,4412.9,0,4412.9,8825.8,Tarjeta Crédito,No,2127.98,45.4
V01833,2024-07-21,Tijuana,Tijuana-La Mesa,Farmacia,Medicamentos,Distribuidora BC,Vendedor_12,19,1185.16,20,948.13,18014.47,Tarjeta Crédito,Duplicado,586.42,44.7
V01834,2025-05-29,Tijuana,Tijuana-La Mesa,Electrónica,Televisores,Surtimax,Vendedor_21,6,1518.26,0,1518.26,9109.56,Tarjeta Crédito,No,1028.6,15.8
V01835,2024-06-06,Ensenada,Ensenada-Centro,Ropa,Chamarras,Abastos del Pacífico,Vendedor_14,10,5940.16,0,5940.16,59401.6,Transferencia,Defecto de fábrica,2727.53,27.6
V01836,2024-09-12,Ensenada,Ensenada-Maneadero,Farmacia,Higiene,Mayoreo TJ,Vendedor_05,14,201.79,20,161.43,2260.02,Tarjeta Débito,Duplicado,133.83,26.1
V01837,2025-01-16,Tijuana,Tijuana-Playas,Ropa,Vestidos,Mayoreo TJ,Vendedor_21,2,1514.3,0,1514.3,3028.6,Efectivo,No,717.63,41.5
V01838,2024-11-10,Rosarito,Rosarito-Principal,Electrónica,Laptops,Importaciones Mex,Vendedor_19,18,6077.41,10,5469.67,98454.06,Efectivo,Duplicado,3027.22,40.7
V01839,2024-06-11,Ensenada,Ensenada-Centro,Ferretería,Selladores,Logística Frontera,Vendedor_11,7,7645.09,0,7645.09,53515.63,Transferencia,Duplicado,4738.57,28.3
V01840,2025-03-29,Mexicali,Mexicali-Baja,Ropa,Calcetines,Proveedor Norte SA,Vendedor_06,20,2422.29,10,2180.06,43601.2,Tarjeta Crédito,No,1443.47,32.2
V01841,2025-03-23,Mexicali,Mexicali-Baja,Ropa,Camisas,Comercial Baja,Vendedor_21,8,5850.98,15,4973.33,39786.64,Tarjeta Débito,No,3037.72,37.9
V01842,2024-04-04,San Quintín,San Quintín-Central,Ropa,Gorras,Mayoreo TJ,Vendedor_13,13,6651.5,15,5653.77,73499.01,Transferencia,No,3609.98,28.3
V01843,2024-03-03,Tijuana,Tijuana-Playas,Hogar,Almohadas,Abastos del Pacífico,Vendedor_14,8,7685.51,15,6532.68,52261.44,Tarjeta Crédito,No,3660.66,33.9
V01844,2024-10-22,Ensenada,Ensenada-Centro,Ropa,Calcetines,Logística Frontera,Vendedor_30,6,6799.52,15,5779.59,34677.54,Transferencia,No,3798.05,27.7
V01845,2024-06-06,Mexicali,Mexicali-Baja,Ropa,Calcetines,Importaciones Mex,Vendedor_29,8,1061.89,15,902.61,7220.88,Transferencia,Cambio de opinión,608.96,38.7
V01846,2024-07-20,Ensenada,Ensenada-Centro,Alimentos,Condimentos,Importaciones Mex,Vendedor_11,14,700.28,25,525.21,7352.94,Tarjeta Crédito,No,352.33,41.4
V01847,2024-04-13,Tecate,Tecate-Centro,Ferretería,Selladores,Mayoreo TJ,Vendedor_10,14,2008.49,0,2008.49,28118.86,Vale Despensa,No,1140.01,40.6
V01848,2024-03-26,Rosarito,Rosarito-Principal,Hogar,Lámparas,Abastos del Pacífico,Vendedor_29,17,2868.15,5,2724.74,46320.58,Vale Despensa,Talla incorrecta,1760.89,42.8
V01849,2024-05-13,Tijuana,Tijuana-Garita,Ropa,Camisas,Proveedor Norte SA,Vendedor_16,16,4001.97,5,3801.87,60829.92,Tarjeta Débito,No,2576.28,45.9
V01850,2024-05-23,Tijuana,Tijuana-Playas,Ferretería,Selladores,Logística Frontera,Vendedor_19,18,6525.42,0,6525.42,117457.56,Tarjeta Débito,No,3128.65,54.2
V01851,2024-07-07,Ensenada,Ensenada-Maneadero,Ropa,Chamarras,Logística Frontera,Vendedor_27,13,6274.83,25,4706.12,61179.56,Tarjeta Débito,No,3998.11,54.7
V01852,2024-07-14,San Quintín,San Quintín-Central,Hogar,Utensilios,Distribuidora BC,Vendedor_15,7,2788.56,20,2230.85,15615.95,Tarjeta Débito,No,1776.35,38.4
V01853,2024-03-22,Rosarito,Rosarito-Principal,Electrónica,Tabletas,Mayoreo TJ,Vendedor_21,17,3193.52,10,2874.17,48860.89,Transferencia,Talla incorrecta,1997.96,30.3
V01854,2024-08-17,Ensenada,Ensenada-Maneadero,Electrónica,Cables,Surtimax,Vendedor_08,14,3639.41,0,3639.41,50951.74,Vale Despensa,Duplicado,1738.67,19.2
V01855,2025-02-14,Tecate,Tecate-Centro,Ropa,Ropa Interior,Logística Frontera,Vendedor_24,4,6292.87,0,6292.87,25171.48,Vale Despensa,Duplicado,2885.1,45.2
V01856,2025-03-05,Mexicali,Mexicali-Centro,Ropa,Chamarras,Importaciones Mex,Vendedor_22,16,7777.9,5,7389.0,118224.0,Tarjeta Crédito,No,4537.39,19.0
V01857,2025-03-20,Tijuana,Tijuana-Zona Río,Ferretería,Electricidad,Importaciones Mex,Vendedor_02,3,754.46,0,754.46,2263.38,Efectivo,No,526.99,51.3
V01858,2024-02-18,Tijuana,Tijuana-Garita,Hogar,Muebles,Mayoreo TJ,Vendedor_29,1,7803.79,0,7803.79,7803.79,Efectivo,Cambio de opinión,3805.37,37.5
V01859,2024-02-10,Tecate,Tecate-Centro,Electrónica,Cables,Logística Frontera,Vendedor_05,3,7332.03,0,7332.03,21996.09,Efectivo,Duplicado,5049.52,45.8
V01860,2024-11-22,Ensenada,Ensenada-Maneadero,Alimentos,Panadería,Distribuidora BC,Vendedor_14,7,7110.83,0,7110.83,49775.81,Efectivo,Duplicado,4436.02,37.6
V01861,2024-03-22,San Quintín,San Quintín-Central,Hogar,Lámparas,Comercial Baja,Vendedor_04,2,1683.0,20,1346.4,2692.8,Efectivo,No,1090.04,19.6
V01862,2024-11-06,Mexicali,Mexicali-Nueva,Electrónica,Audífonos,Proveedor Norte SA,Vendedor_06,5,7413.47,0,7413.47,37067.35,Vale Despensa,No,4365.88,41.2
V01863,2024-11-20,Ensenada,Ensenada-Centro,Electrónica,Celulares,Comercial Baja,Vendedor_30,10,6731.04,25,5048.28,50482.8,Efectivo,No cumplió expectativas,4329.08,39.3
V01864,2024-07-11,Tecate,Tecate-Centro,Ferretería,Adhesivos,Distribuidora BC,Vendedor_08,14,3952.33,10,3557.1,49799.4,Vale Despensa,No,2557.77,18.2
V01865,2024-10-20,San Quintín,San Quintín-Central,Alimentos,Bebidas,Importaciones Mex,Vendedor_21,4,5278.09,20,4222.47,16889.88,Tarjeta Débito,No cumplió expectativas,2532.12,26.4
V01866,2024-12-05,Tijuana,Tijuana-Garita,Farmacia,Cuidado Personal,Abastos del Pacífico,Vendedor_20,7,705.09,15,599.33,4195.31,Transferencia,Defecto de fábrica,487.54,22.4
V01867,2024-11-26,Tijuana,Tijuana-La Mesa,Ferretería,Electricidad,Comercial Baja,Vendedor_24,6,6522.48,15,5544.11,33264.66,Tarjeta Crédito,No cumplió expectativas,4391.95,15.1
V01868,2024-10-09,San Quintín,San Quintín-Central,Alimentos,Condimentos,Surtimax,Vendedor_14,15,5779.28,0,5779.28,86689.2,Transferencia,No,3474.08,35.3
V01869,2025-04-07,Rosarito,Rosarito-Principal,Electrónica,Televisores,Abastos del Pacífico,Vendedor_07,14,2985.49,15,2537.67,35527.38,Tarjeta Crédito,No,1615.2,35.2
V01870,2024-05-16,Mexicali,Mexicali-Centro,Hogar,Lámparas,Abastos del Pacífico,Vendedor_12,13,3672.69,20,2938.15,38195.95,Efectivo,No,1890.51,50.0
V01871,2024-08-15,Tecate,Tecate-Centro,Farmacia,Medicamentos,Abastos del Pacífico,Vendedor_17,4,709.87,10,638.88,2555.52,Transferencia,Defecto de fábrica,472.27,25.4
V01872,2024-03-01,San Quintín,San Quintín-Central,Electrónica,Televisores,Distribuidora BC,Vendedor_16,14,77.27,20,61.82,865.48,Tarjeta Débito,Cambio de opinión,45.13,15.3
V01873,2024-08-22,Tecate,Tecate-Centro,Ropa,Pantalones,Mayoreo TJ,Vendedor_06,5,1017.63,0,1017.63,5088.15,Tarjeta Débito,No cumplió expectativas,599.4,26.4
V01874,2024-10-31,Rosarito,Rosarito-Principal,Hogar,Decoración,Proveedor Norte SA,Vendedor_09,12,6937.31,5,6590.44,79085.28,Efectivo,Defecto de fábrica,3189.45,45.1
V01875,2024-09-09,Ensenada,Ensenada-Maneadero,Ferretería,Pinturas,Proveedor Norte SA,Vendedor_27,4,1863.98,0,1863.98,7455.92,Tarjeta Crédito,No,929.31,53.7
V01876,2024-10-23,Tecate,Tecate-Centro,Ropa,Vestidos,Surtimax,Vendedor_16,14,7392.11,0,7392.11,103489.54,Vale Despensa,Talla incorrecta,5138.52,39.0
V01877,2024-01-25,Tecate,Tecate-Centro,Electrónica,Celulares,Distribuidora BC,Vendedor_20,3,7416.74,0,7416.74,22250.22,Tarjeta Crédito,Cambio de opinión,5024.9,43.5
V01878,2024-04-07,Ensenada,Ensenada-Centro,Alimentos,Bebidas,Logística Frontera,Vendedor_16,17,4925.45,0,4925.45,83732.65,Vale Despensa,Cambio de opinión,2721.3,33.2
V01879,2025-01-29,San Quintín,San Quintín-Central,Ferretería,Herramientas,Surtimax,Vendedor_16,1,1443.53,5,1371.35,1371.35,Vale Despensa,Duplicado,881.45,53.7
V01880,2025-03-31,San Quintín,San Quintín-Central,Hogar,Lámparas,Importaciones Mex,Vendedor_27,8,5357.69,0,5357.69,42861.52,Transferencia,Cambio de opinión,3209.61,15.5
V01881,2024-10-11,Ensenada,Ensenada-Maneadero,Alimentos,Condimentos,Proveedor Norte SA,Vendedor_27,1,6284.77,10,5656.29,5656.29,Transferencia,No cumplió expectativas,3775.17,32.2
V01882,2025-03-15,San Quintín,San Quintín-Central,Farmacia,Primeros Auxilios,Abastos del Pacífico,Vendedor_03,17,2906.32,0,2906.32,49407.44,Efectivo,Defecto de fábrica,1590.13,31.8
V01883,2025-02-12,Mexicali,Mexicali-Centro,Hogar,Utensilios,Mayoreo TJ,Vendedor_15,3,3001.47,0,3001.47,9004.41,Transferencia,No,1420.62,23.9
V01884,2024-10-14,San Quintín,San Quintín-Central,Alimentos,Snacks,Comercial Baja,Vendedor_24,1,1163.11,5,1104.95,1104.95,Transferencia,Duplicado,702.51,21.4
V01885,2024-11-26,Rosarito,Rosarito-Principal,Alimentos,Panadería,Logística Frontera,Vendedor_22,6,2445.29,25,1833.97,11003.82,Tarjeta Débito,Defecto de fábrica,1247.34,20.6
V01886,2024-03-22,Ensenada,Ensenada-Centro,Ropa,Chamarras,Mayoreo TJ,Vendedor_10,9,4122.66,0,4122.66,37103.94,Efectivo,No,2597.43,28.7
V01887,2024-01-30,Tecate,Tecate-Centro,Alimentos,Conservas,Mayoreo TJ,Vendedor_27,19,2556.84,10,2301.16,43722.04,Transferencia,No,1510.52,30.2
V01888,2024-08-14,Mexicali,Mexicali-Baja,Ropa,Ropa Interior,Surtimax,Vendedor_22,7,3644.82,5,3462.58,24238.06,Vale Despensa,No cumplió expectativas,1905.44,22.3
V01889,2024-10-13,Mexicali,Mexicali-Centro,Alimentos,Lácteos,Mayoreo TJ,Vendedor_20,2,4226.62,5,4015.29,8030.58,Transferencia,Defecto de fábrica,2316.52,51.2
V01890,2024-05-22,San Quintín,San Quintín-Central,Hogar,Cobijas,Proveedor Norte SA,Vendedor_10,6,838.71,10,754.84,4529.04,Efectivo,No cumplió expectativas,462.82,36.7
V01891,2024-08-02,Mexicali,Mexicali-Centro,Alimentos,Carnes Frías,Proveedor Norte SA,Vendedor_13,13,4743.21,20,3794.57,49329.41,Tarjeta Débito,No,3303.89,47.8
V01892,2025-01-01,Tijuana,Tijuana-Otay,Electrónica,Tabletas,Mayoreo TJ,Vendedor_05,10,4711.64,0,4711.64,47116.4,Efectivo,Defecto de fábrica,2612.59,41.9
V01893,2024-08-19,Tijuana,Tijuana-Garita,Ferretería,Plomería,Comercial Baja,Vendedor_03,12,5161.75,5,4903.66,58843.92,Vale Despensa,No,2402.53,17.3
V01894,2024-07-07,Tijuana,Tijuana-Otay,Farmacia,Bebés,Abastos del Pacífico,Vendedor_23,5,3470.78,20,2776.62,13883.1,Tarjeta Crédito,No,2169.25,17.6
V01895,2024-05-26,San Quintín,San Quintín-Central,Alimentos,Panadería,Proveedor Norte SA,Vendedor_10,19,69.54,25,52.16,991.04,Tarjeta Crédito,Duplicado,43.93,54.1
V01896,2024-03-18,Mexicali,Mexicali-Nueva,Ropa,Pantalones,Surtimax,Vendedor_13,15,7700.87,25,5775.65,86634.75,Tarjeta Crédito,Cambio de opinión,4314.59,26.5
V01897,2024-04-16,Mexicali,Mexicali-Baja,Electrónica,Laptops,Comercial Baja,Vendedor_16,7,4938.76,15,4197.95,29385.65,Transferencia,Talla incorrecta,3419.1,43.5
V01898,2024-05-08,Ensenada,Ensenada-Centro,Alimentos,Lácteos,Mayoreo TJ,Vendedor_18,3,5287.73,20,4230.18,12690.54,Efectivo,Defecto de fábrica,3465.27,40.9
V01899,2024-05-15,Tecate,Tecate-Centro,Hogar,Lámparas,Distribuidora BC,Vendedor_22,5,6387.37,0,6387.37,31936.85,Efectivo,Duplicado,3498.35,40.0
V01900,2024-07-28,San Quintín,San Quintín-Central,Electrónica,Cables,Importaciones Mex,Vendedor_05,14,5052.14,25,3789.11,53047.54,Tarjeta Débito,No,2524.08,34.5
V01901,2024-10-18,Rosarito,Rosarito-Principal,Ferretería,Tornillería,Surtimax,Vendedor_14,13,619.32,0,619.32,8051.16,Tarjeta Débito,No,419.84,18.4
V01902,2024-09-07,Ensenada,Ensenada-Centro,Ferretería,Electricidad,Surtimax,Vendedor_25,1,1580.89,0,1580.89,1580.89,Tarjeta Débito,No,936.6,36.5
V01903,2024-12-18,San Quintín,San Quintín-Central,Ropa,Pantalones,Abastos del Pacífico,Vendedor_13,14,1697.07,10,1527.36,21383.04,Vale Despensa,No,852.22,53.8
V01904,2025-02-26,Rosarito,Rosarito-Principal,Electrónica,Cámaras,Distribuidora BC,Vendedor_29,16,5289.93,5,5025.43,80406.88,Tarjeta Crédito,No,3564.77,51.8
V01905,2024-12-27,Mexicali,Mexicali-Centro,Electrónica,Laptops,Abastos del Pacífico,Vendedor_13,13,6242.6,0,6242.6,81153.8,Tarjeta Crédito,No cumplió expectativas,3096.31,32.8
V01906,2024-12-19,Mexicali,Mexicali-Baja,Electrónica,Celulares,Importaciones Mex,Vendedor_16,11,3928.42,10,3535.58,38891.38,Tarjeta Crédito,Duplicado,2428.39,27.6
V01907,2025-03-12,Tecate,Tecate-Centro,Hogar,Utensilios,Mayoreo TJ,Vendedor_09,19,4255.03,10,3829.53,72761.07,Vale Despensa,No cumplió expectativas,2221.1,29.7
V01908,2025-02-27,Tijuana,Tijuana-Garita,Alimentos,Cereales,Mayoreo TJ,Vendedor_19,1,5022.52,15,4269.14,4269.14,Transferencia,No,2670.71,36.4
V01909,2025-03-03,Ensenada,Ensenada-Centro,Ropa,Camisas,Mayoreo TJ,Vendedor_20,15,6937.63,0,6937.63,104064.45,Tarjeta Débito,No,4404.87,43.1
V01910,2024-03-15,Rosarito,Rosarito-Principal,Ferretería,Plomería,Distribuidora BC,Vendedor_10,5,2096.34,10,1886.71,9433.55,Transferencia,No cumplió expectativas,1398.61,41.3
V01911,2024-01-07,Tijuana,Tijuana-Otay,Ropa,Zapatos,Surtimax,Vendedor_16,15,2377.02,25,1782.76,26741.4,Vale Despensa,Cambio de opinión,1345.18,50.1
V01912,2024-01-25,Ensenada,Ensenada-Centro,Ferretería,Electricidad,Importaciones Mex,Vendedor_21,15,5600.01,0,5600.01,84000.15,Vale Despensa,Duplicado,3261.59,18.7
V01913,2024-10-03,Tecate,Tecate-Centro,Ropa,Zapatos,Distribuidora BC,Vendedor_23,2,3585.42,0,3585.42,7170.84,Transferencia,No,2051.07,45.6
V01914,2025-03-12,Tecate,Tecate-Centro,Hogar,Cojines,Proveedor Norte SA,Vendedor_04,5,3285.62,5,3121.34,15606.7,Efectivo,Duplicado,2290.44,50.3
V01915,2025-02-01,Mexicali,Mexicali-Centro,Electrónica,Audífonos,Importaciones Mex,Vendedor_07,5,4051.87,10,3646.68,18233.4,Tarjeta Débito,Cambio de opinión,2251.68,33.1
V01916,2024-03-28,Rosarito,Rosarito-Principal,Electrónica,Celulares,Abastos del Pacífico,Vendedor_01,16,7511.11,20,6008.89,96142.24,Tarjeta Crédito,Duplicado,4581.99,25.1
V01917,2024-10-13,Ensenada,Ensenada-Maneadero,Ferretería,Tornillería,Proveedor Norte SA,Vendedor_04,14,241.01,15,204.86,2868.04,Tarjeta Débito,No,117.23,39.9
V01918,2024-04-20,Tijuana,Tijuana-Zona Río,Ropa,Ropa Interior,Logística Frontera,Vendedor_13,3,446.85,0,446.85,1340.55,Efectivo,No,254.17,46.5
V01919,2024-09-18,Rosarito,Rosarito-Principal,Ferretería,Herramientas,Proveedor Norte SA,Vendedor_10,10,1773.06,0,1773.06,17730.6,Efectivo,Talla incorrecta,918.42,17.6
V01920,2024-07-14,Tecate,Tecate-Centro,Ferretería,Adhesivos,Distribuidora BC,Vendedor_09,11,652.99,5,620.34,6823.74,Vale Despensa,No,399.26,34.1
V01921,2025-02-16,Tecate,Tecate-Centro,Alimentos,Snacks,Surtimax,Vendedor_13,4,1616.83,0,1616.83,6467.32,Tarjeta Crédito,No,908.41,34.5
V01922,2025-04-18,Tecate,Tecate-Centro,Electrónica,Laptops,Abastos del Pacífico,Vendedor_29,5,7698.43,0,7698.43,38492.15,Vale Despensa,Talla incorrecta,4478.78,37.4
V01923,2025-02-02,San Quintín,San Quintín-Central,Hogar,Lámparas,Abastos del Pacífico,Vendedor_04,12,3515.66,0,3515.66,42187.92,Efectivo,No,2081.93,33.8
V01924,2024-03-08,Tecate,Tecate-Centro,Alimentos,Carnes Frías,Proveedor Norte SA,Vendedor_24,14,5328.76,0,5328.76,74602.64,Tarjeta Crédito,No,3550.07,28.3
V01925,2024-12-22,Rosarito,Rosarito-Principal,Alimentos,Carnes Frías,Surtimax,Vendedor_15,19,2081.89,0,2081.89,39555.91,Tarjeta Débito,No,1220.73,24.9
V01926,2024-05-25,Mexicali,Mexicali-Centro,Ferretería,Tornillería,Comercial Baja,Vendedor_29,13,2294.19,20,1835.35,23859.55,Transferencia,Talla incorrecta,1224.61,16.7
V01927,2025-05-11,San Quintín,San Quintín-Central,Ferretería,Electricidad,Importaciones Mex,Vendedor_01,18,7435.79,20,5948.63,107075.34,Tarjeta Débito,No,3358.11,46.5
V01928,2024-08-15,Ensenada,Ensenada-Centro,Ropa,Gorras,Surtimax,Vendedor_03,14,1471.22,20,1176.98,16477.72,Tarjeta Crédito,Cambio de opinión,960.34,43.4
V01929,2024-09-01,Mexicali,Mexicali-Baja,Ropa,Ropa Interior,Comercial Baja,Vendedor_27,4,7549.93,20,6039.94,24159.76,Tarjeta Débito,Defecto de fábrica,5174.3,15.3
V01930,2024-06-19,Rosarito,Rosarito-Principal,Ropa,Camisas,Comercial Baja,Vendedor_16,18,5129.32,5,4872.85,87711.3,Transferencia,No,3487.75,53.0
V01931,2025-02-03,Tijuana,Tijuana-Garita,Ferretería,Electricidad,Proveedor Norte SA,Vendedor_25,16,1164.66,0,1164.66,18634.56,Vale Despensa,Duplicado,542.0,32.7
V01932,2024-07-17,Tijuana,Tijuana-Otay,Electrónica,Televisores,Logística Frontera,Vendedor_16,5,6626.88,10,5964.19,29820.95,Tarjeta Débito,Cambio de opinión,4454.01,53.6
V01933,2025-03-13,Ensenada,Ensenada-Maneadero,Farmacia,Termómetros,Comercial Baja,Vendedor_04,20,7884.37,0,7884.37,157687.4,Transferencia,Talla incorrecta,4266.95,39.4
V01934,2025-01-21,Ensenada,Ensenada-Maneadero,Hogar,Cortinas,Importaciones Mex,Vendedor_07,20,3283.42,0,3283.42,65668.4,Tarjeta Crédito,No,2116.97,15.6
V01935,2025-01-23,Rosarito,Rosarito-Principal,Ropa,Vestidos,Importaciones Mex,Vendedor_25,5,7492.54,10,6743.29,33716.45,Transferencia,No,4540.75,53.3
V01936,2024-01-14,Mexicali,Mexicali-Centro,Electrónica,Laptops,Proveedor Norte SA,Vendedor_12,20,6093.9,5,5789.2,115784.0,Tarjeta Crédito,No,3470.84,24.7
V01937,2024-12-02,Tijuana,Tijuana-Garita,Alimentos,Condimentos,Distribuidora BC,Vendedor_02,3,6319.3,0,6319.3,18957.9,Efectivo,Defecto de fábrica,3470.82,48.2
V01938,2024-12-23,Mexicali,Mexicali-Baja,Electrónica,Televisores,Importaciones Mex,Vendedor_22,13,4056.16,0,4056.16,52730.08,Tarjeta Crédito,No,2681.83,51.4
V01939,2025-05-27,Rosarito,Rosarito-Principal,Ferretería,Plomería,Surtimax,Vendedor_16,17,1804.22,10,1623.8,27604.6,Efectivo,Duplicado,1082.59,19.3
V01940,2025-02-27,Rosarito,Rosarito-Principal,Hogar,Lámparas,Logística Frontera,Vendedor_22,8,6554.71,20,5243.77,41950.16,Tarjeta Débito,No,4280.74,15.9
V01941,2025-01-08,Mexicali,Mexicali-Centro,Hogar,Cobijas,Mayoreo TJ,Vendedor_10,14,6547.43,20,5237.94,73331.16,Transferencia,No cumplió expectativas,3828.16,25.6
V01942,2024-02-10,Rosarito,Rosarito-Principal,Farmacia,Termómetros,Mayoreo TJ,Vendedor_01,1,5374.99,10,4837.49,4837.49,Vale Despensa,Defecto de fábrica,2944.32,17.0
V01943,2024-12-12,Ensenada,Ensenada-Maneadero,Electrónica,Cargadores,Importaciones Mex,Vendedor_27,18,733.83,0,733.83,13208.94,Tarjeta Débito,Cambio de opinión,421.13,19.6
V01944,2024-11-23,San Quintín,San Quintín-Central,Farmacia,Medicamentos,Importaciones Mex,Vendedor_13,8,7038.91,5,6686.96,53495.68,Vale Despensa,No,4421.79,48.3
V01945,2024-02-23,Mexicali,Mexicali-Centro,Electrónica,Televisores,Importaciones Mex,Vendedor_03,19,502.07,0,502.07,9539.33,Vale Despensa,No,281.58,19.6
V01946,2024-10-12,Tijuana,Tijuana-Playas,Ferretería,Herramientas,Surtimax,Vendedor_18,11,1429.25,5,1357.79,14935.69,Vale Despensa,Talla incorrecta,913.29,40.0
V01947,2025-03-30,Tijuana,Tijuana-Zona Río,Farmacia,Cuidado Personal,Abastos del Pacífico,Vendedor_03,8,442.48,10,398.23,3185.84,Tarjeta Débito,No,284.33,30.8
V01948,2024-03-09,Rosarito,Rosarito-Principal,Ferretería,Pinturas,Logística Frontera,Vendedor_25,14,1165.63,0,1165.63,16318.82,Transferencia,No,785.09,54.3
V01949,2024-12-23,Tecate,Tecate-Centro,Alimentos,Carnes Frías,Importaciones Mex,Vendedor_22,2,635.52,0,635.52,1271.04,Tarjeta Débito,No,287.31,39.5
V01950,2024-04-06,Tecate,Tecate-Centro,Ferretería,Brochas,Distribuidora BC,Vendedor_24,5,4968.93,10,4472.04,22360.2,Tarjeta Crédito,No,2409.85,31.9
V01951,2025-05-12,Mexicali,Mexicali-Baja,Hogar,Decoración,Comercial Baja,Vendedor_23,13,5198.73,0,5198.73,67583.49,Efectivo,No,3001.08,34.1
V01952,2025-01-01,Mexicali,Mexicali-Nueva,Ferretería,Plomería,Distribuidora BC,Vendedor_24,14,3302.88,5,3137.74,43928.36,Transferencia,Defecto de fábrica,2212.18,46.3
V01953,2025-03-18,Mexicali,Mexicali-Baja,Hogar,Cobijas,Comercial Baja,Vendedor_17,14,4757.39,0,4757.39,66603.46,Vale Despensa,No,2154.14,43.0
V01954,2024-06-22,Mexicali,Mexicali-Baja,Farmacia,Anteojos,Proveedor Norte SA,Vendedor_15,11,730.72,20,584.58,6430.38,Tarjeta Crédito,No cumplió expectativas,434.92,24.7
V01955,2025-04-21,Ensenada,Ensenada-Centro,Ropa,Ropa Interior,Abastos del Pacífico,Vendedor_11,16,2764.12,25,2073.09,33169.44,Vale Despensa,No cumplió expectativas,1821.52,30.2
V01956,2024-01-31,Tijuana,Tijuana-Zona Río,Ropa,Ropa Interior,Logística Frontera,Vendedor_04,11,7678.76,0,7678.76,84466.36,Transferencia,Talla incorrecta,3665.38,52.9
V01957,2024-12-26,Tecate,Tecate-Centro,Hogar,Cojines,Surtimax,Vendedor_26,19,4594.67,0,4594.67,87298.73,Efectivo,No,2681.43,32.7
V01958,2024-01-05,San Quintín,San Quintín-Central,Alimentos,Cereales,Mayoreo TJ,Vendedor_09,2,363.05,15,308.59,617.18,Tarjeta Crédito,No,217.32,40.5
V01959,2024-08-26,Rosarito,Rosarito-Principal,Ferretería,Brochas,Mayoreo TJ,Vendedor_19,2,2829.17,25,2121.88,4243.76,Tarjeta Débito,Defecto de fábrica,1285.87,19.1
V01960,2025-05-20,Mexicali,Mexicali-Baja,Farmacia,Medicamentos,Mayoreo TJ,Vendedor_19,2,557.27,20,445.82,891.64,Efectivo,Cambio de opinión,306.71,40.7
V01961,2024-08-03,Ensenada,Ensenada-Centro,Ropa,Vestidos,Proveedor Norte SA,Vendedor_13,14,1855.14,5,1762.38,24673.32,Tarjeta Débito,Talla incorrecta,1245.93,15.5
V01962,2025-03-09,Tecate,Tecate-Centro,Electrónica,Celulares,Logística Frontera,Vendedor_23,13,6508.47,0,6508.47,84610.11,Vale Despensa,No cumplió expectativas,3663.02,24.6
V01963,2024-11-08,San Quintín,San Quintín-Central,Electrónica,Cargadores,Surtimax,Vendedor_29,9,3983.8,0,3983.8,35854.2,Transferencia,No,2468.25,51.3
V01964,2025-01-05,Ensenada,Ensenada-Centro,Farmacia,Anteojos,Logística Frontera,Vendedor_12,7,4364.86,25,3273.64,22915.48,Tarjeta Débito,Cambio de opinión,2241.78,44.0
V01965,2024-07-22,Ensenada,Ensenada-Maneadero,Farmacia,Anteojos,Importaciones Mex,Vendedor_26,12,7175.77,20,5740.62,68887.44,Tarjeta Crédito,Cambio de opinión,4236.51,49.2
V01966,2024-08-09,San Quintín,San Quintín-Central,Farmacia,Anteojos,Abastos del Pacífico,Vendedor_27,16,5058.35,20,4046.68,64746.88,Tarjeta Crédito,No,2930.79,24.6
V01967,2024-10-24,Tijuana,Tijuana-La Mesa,Hogar,Decoración,Mayoreo TJ,Vendedor_25,17,4219.97,0,4219.97,71739.49,Transferencia,Duplicado,2712.86,39.4
V01968,2024-12-11,Mexicali,Mexicali-Nueva,Farmacia,Primeros Auxilios,Proveedor Norte SA,Vendedor_12,20,2441.09,20,1952.87,39057.4,Efectivo,No,1564.23,46.6
V01969,2025-04-19,Ensenada,Ensenada-Centro,Alimentos,Snacks,Proveedor Norte SA,Vendedor_02,13,4787.25,10,4308.53,56010.89,Transferencia,No cumplió expectativas,2390.12,21.9
V01970,2025-05-16,Rosarito,Rosarito-Principal,Ferretería,Herramientas,Surtimax,Vendedor_09,8,5590.7,25,4193.02,33544.16,Tarjeta Crédito,No cumplió expectativas,3448.0,53.8
V01971,2024-12-25,Tijuana,Tijuana-Otay,Ferretería,Herramientas,Surtimax,Vendedor_02,11,554.31,0,554.31,6097.41,Tarjeta Débito,Talla incorrecta,344.94,40.4
V01972,2024-08-02,Ensenada,Ensenada-Maneadero,Electrónica,Celulares,Importaciones Mex,Vendedor_29,10,7677.4,0,7677.4,76774.0,Efectivo,No,3722.14,33.6
V01973,2024-03-21,Ensenada,Ensenada-Centro,Ropa,Gorras,Distribuidora BC,Vendedor_05,7,4982.5,15,4235.12,29645.84,Tarjeta Débito,Talla incorrecta,3060.28,38.0
V01974,2024-06-01,Ensenada,Ensenada-Centro,Hogar,Decoración,Abastos del Pacífico,Vendedor_27,9,1517.97,25,1138.48,10246.32,Transferencia,No,1026.95,47.2
V01975,2024-07-16,Ensenada,Ensenada-Centro,Farmacia,Medicamentos,Surtimax,Vendedor_12,8,4212.4,25,3159.3,25274.4,Tarjeta Crédito,No,2255.97,18.2
V01976,2024-03-21,San Quintín,San Quintín-Central,Electrónica,Laptops,Logística Frontera,Vendedor_12,4,4697.57,15,3992.93,15971.72,Tarjeta Crédito,No,2481.1,42.4
V01977,2025-04-30,San Quintín,San Quintín-Central,Farmacia,Medicamentos,Distribuidora BC,Vendedor_14,5,7394.26,20,5915.41,29577.05,Transferencia,No cumplió expectativas,3696.75,32.7
V01978,2025-03-09,Tecate,Tecate-Centro,Ropa,Pantalones,Abastos del Pacífico,Vendedor_09,12,5359.02,25,4019.27,48231.24,Efectivo,No cumplió expectativas,2644.41,32.0
V01979,2024-06-12,Rosarito,Rosarito-Principal,Ferretería,Pinturas,Proveedor Norte SA,Vendedor_14,13,4113.75,25,3085.31,40109.03,Vale Despensa,Defecto de fábrica,2091.88,39.1
V01980,2025-03-22,Tecate,Tecate-Centro,Electrónica,Tabletas,Proveedor Norte SA,Vendedor_10,3,7387.43,15,6279.32,18837.96,Tarjeta Crédito,No,3384.34,28.2
V01981,2024-08-08,Rosarito,Rosarito-Principal,Ropa,Calcetines,Importaciones Mex,Vendedor_27,6,3553.67,0,3553.67,21322.02,Vale Despensa,Cambio de opinión,2416.28,36.2
V01982,2024-06-04,Tijuana,Tijuana-Playas,Ferretería,Adhesivos,Mayoreo TJ,Vendedor_12,10,6809.16,0,6809.16,68091.6,Vale Despensa,Defecto de fábrica,4453.04,31.0
V01983,2024-09-09,Ensenada,Ensenada-Centro,Farmacia,Higiene,Mayoreo TJ,Vendedor_16,4,4446.17,5,4223.86,16895.44,Tarjeta Crédito,Cambio de opinión,2853.45,32.7
V01984,2024-01-25,Tecate,Tecate-Centro,Ferretería,Pinturas,Logística Frontera,Vendedor_07,10,926.08,15,787.17,7871.7,Efectivo,Cambio de opinión,537.44,43.3
V01985,2024-03-27,San Quintín,San Quintín-Central,Ropa,Calcetines,Mayoreo TJ,Vendedor_22,8,7069.31,15,6008.91,48071.28,Vale Despensa,Defecto de fábrica,4036.24,19.7
V01986,2024-05-09,San Quintín,San Quintín-Central,Alimentos,Snacks,Surtimax,Vendedor_26,15,3293.6,0,3293.6,49404.0,Efectivo,No,2231.17,23.5
V01987,2025-05-30,Mexicali,Mexicali-Nueva,Electrónica,Cables,Importaciones Mex,Vendedor_27,2,1172.97,0,1172.97,2345.94,Vale Despensa,No,573.47,18.9
V01988,2025-04-16,Rosarito,Rosarito-Principal,Hogar,Lámparas,Comercial Baja,Vendedor_04,7,6305.43,25,4729.07,33103.49,Efectivo,No,3403.33,37.6
V01989,2024-03-23,San Quintín,San Quintín-Central,Hogar,Muebles,Importaciones Mex,Vendedor_02,12,3564.46,10,3208.01,38496.12,Tarjeta Crédito,No,1848.32,17.0
V01990,2025-05-21,Mexicali,Mexicali-Centro,Ropa,Calcetines,Proveedor Norte SA,Vendedor_29,18,5952.09,5,5654.49,101780.82,Tarjeta Débito,No,3786.68,27.4
V01991,2024-02-18,Ensenada,Ensenada-Centro,Ropa,Ropa Interior,Proveedor Norte SA,Vendedor_09,13,4048.84,25,3036.63,39476.19,Efectivo,Duplicado,2433.95,43.8
V01992,2024-05-29,Mexicali,Mexicali-Baja,Hogar,Cortinas,Abastos del Pacífico,Vendedor_18,3,5451.39,10,4906.25,14718.75,Vale Despensa,Duplicado,2584.31,18.0
V01993,2024-11-17,Mexicali,Mexicali-Nueva,Farmacia,Higiene,Importaciones Mex,Vendedor_08,2,3598.94,0,3598.94,7197.88,Tarjeta Crédito,Talla incorrecta,1957.19,19.0
V01994,2024-08-29,Ensenada,Ensenada-Centro,Ropa,Camisas,Proveedor Norte SA,Vendedor_25,12,833.39,0,833.39,10000.68,Vale Despensa,No cumplió expectativas,529.25,42.4
V01995,2025-03-01,Tijuana,Tijuana-La Mesa,Ferretería,Pinturas,Importaciones Mex,Vendedor_18,8,5803.14,20,4642.51,37140.08,Vale Despensa,Defecto de fábrica,3593.21,42.2
V01996,2024-11-09,San Quintín,San Quintín-Central,Ropa,Calcetines,Abastos del Pacífico,Vendedor_16,17,4821.85,25,3616.39,61478.63,Tarjeta Débito,No,2225.49,15.9
V01997,2025-04-12,Mexicali,Mexicali-Centro,Alimentos,Bebidas,Abastos del Pacífico,Vendedor_08,1,6255.32,25,4691.49,4691.49,Tarjeta Crédito,Talla incorrecta,3691.62,49.9
V01998,2024-01-07,Tijuana,Tijuana-Zona Río,Ferretería,Adhesivos,Surtimax,Vendedor_03,15,878.39,5,834.47,12517.05,Efectivo,No,588.99,38.4
V01999,2025-04-28,Tijuana,Tijuana-Zona Río,Alimentos,Panadería,Abastos del Pacífico,Vendedor_12,14,2926.37,15,2487.41,34823.74,Tarjeta Crédito,No cumplió expectativas,1601.81,19.6
V02000,2024-04-29,Mexicali,Mexicali-Baja,Hogar,Cortinas,Abastos del Pacífico,Vendedor_25,15,672.07,25,504.05,7560.75,Tarjeta Débito,No,444.65,24.6
V02001,2024-08-12,Ensenada,Ensenada-Maneadero,Electrónica,Celulares,Surtimax,Vendedor_12,15,5950.37,20,4760.3,71404.5,Transferencia,Defecto de fábrica,2986.3,18.9
V02002,2024-05-23,Rosarito,Rosarito-Principal,Farmacia,Primeros Auxilios,Logística Frontera,Vendedor_22,6,6594.16,0,6594.16,39564.96,Transferencia,Duplicado,4552.3,27.1
V02003,2024-10-30,Tecate,Tecate-Centro,Ropa,Gorras,Distribuidora BC,Vendedor_26,1,3422.89,5,3251.75,3251.75,Transferencia,Talla incorrecta,1896.36,18.9
V02004,2024-08-20,Ensenada,Ensenada-Centro,Farmacia,Vitaminas,Abastos del Pacífico,Vendedor_18,17,3028.02,10,2725.22,46328.74,Transferencia,Talla incorrecta,1519.47,51.9
V02005,2025-01-31,Ensenada,Ensenada-Maneadero,Electrónica,Audífonos,Comercial Baja,Vendedor_30,18,3136.97,20,2509.58,45172.44,Efectivo,No,1581.39,37.0
V02006,2024-08-21,Mexicali,Mexicali-Centro,Electrónica,Audífonos,Importaciones Mex,Vendedor_23,20,4353.21,25,3264.91,65298.2,Efectivo,No,2792.05,38.1
V02007,2024-02-29,Mexicali,Mexicali-Nueva,Ropa,Pantalones,Surtimax,Vendedor_20,16,5307.5,0,5307.5,84920.0,Tarjeta Débito,No,2760.11,16.7
V02008,2025-04-07,Ensenada,Ensenada-Centro,Hogar,Cobijas,Mayoreo TJ,Vendedor_17,18,4653.12,0,4653.12,83756.16,Tarjeta Débito,No cumplió expectativas,2420.51,20.0
V02009,2025-05-06,Mexicali,Mexicali-Centro,Electrónica,Laptops,Comercial Baja,Vendedor_17,2,3598.48,20,2878.78,5757.56,Vale Despensa,No,2275.23,48.5
V02010,2024-02-28,Rosarito,Rosarito-Principal,Ferretería,Brochas,Mayoreo TJ,Vendedor_30,20,7160.4,25,5370.3,107406.0,Tarjeta Débito,No,3412.75,20.0
V02011,2024-04-14,Ensenada,Ensenada-Maneadero,Alimentos,Cereales,Abastos del Pacífico,Vendedor_03,18,2879.77,0,2879.77,51835.86,Transferencia,Defecto de fábrica,1447.99,47.0
V02012,2024-04-06,San Quintín,San Quintín-Central,Hogar,Cojines,Comercial Baja,Vendedor_12,7,802.97,20,642.38,4496.66,Tarjeta Crédito,No cumplió expectativas,451.4,22.1
V02013,2024-03-13,Tecate,Tecate-Centro,Hogar,Utensilios,Importaciones Mex,Vendedor_17,16,4889.98,5,4645.48,74327.68,Vale Despensa,Talla incorrecta,2993.0,50.5
V02014,2024-01-14,Tijuana,Tijuana-La Mesa,Ferretería,Tornillería,Distribuidora BC,Vendedor_14,7,5596.71,0,5596.71,39176.97,Transferencia,No,3005.52,46.8
V02015,2024-05-03,San Quintín,San Quintín-Central,Electrónica,Cables,Distribuidora BC,Vendedor_16,14,1813.34,5,1722.67,24117.38,Vale Despensa,Duplicado,1206.32,28.2
V02016,2025-05-02,Rosarito,Rosarito-Principal,Electrónica,Audífonos,Surtimax,Vendedor_24,8,5529.51,0,5529.51,44236.08,Tarjeta Crédito,No cumplió expectativas,3001.93,46.1
V02017,2024-05-06,Rosarito,Rosarito-Principal,Alimentos,Cereales,Comercial Baja,Vendedor_28,20,7235.25,5,6873.49,137469.8,Tarjeta Crédito,No cumplió expectativas,5063.21,23.7
V02018,2025-03-24,San Quintín,San Quintín-Central,Ropa,Ropa Interior,Distribuidora BC,Vendedor_27,4,6228.71,15,5294.4,21177.6,Vale Despensa,Cambio de opinión,3893.82,22.4
V02019,2024-04-18,Rosarito,Rosarito-Principal,Farmacia,Primeros Auxilios,Importaciones Mex,Vendedor_13,6,6664.97,20,5331.98,31991.88,Efectivo,No cumplió expectativas,3201.71,36.7
V02020,2024-09-14,Mexicali,Mexicali-Nueva,Ferretería,Electricidad,Importaciones Mex,Vendedor_04,7,2896.16,0,2896.16,20273.12,Tarjeta Crédito,No,1585.37,46.0
V02021,2024-02-17,Rosarito,Rosarito-Principal,Electrónica,Cámaras,Abastos del Pacífico,Vendedor_23,20,4802.64,15,4082.24,81644.8,Tarjeta Crédito,No,2596.26,46.5
V02022,2024-06-29,Rosarito,Rosarito-Principal,Ropa,Chamarras,Comercial Baja,Vendedor_16,18,7321.6,0,7321.6,131788.8,Tarjeta Débito,Talla incorrecta,3896.23,52.8
V02023,2025-04-26,Tijuana,Tijuana-La Mesa,Hogar,Lámparas,Abastos del Pacífico,Vendedor_15,7,579.01,5,550.06,3850.42,Efectivo,Duplicado,329.78,20.4
V02024,2024-05-15,Tecate,Tecate-Centro,Farmacia,Primeros Auxilios,Mayoreo TJ,Vendedor_24,10,7798.24,0,7798.24,77982.4,Tarjeta Crédito,No cumplió expectativas,3692.58,39.7
V02025,2024-08-28,San Quintín,San Quintín-Central,Electrónica,Cables,Surtimax,Vendedor_10,6,5405.99,5,5135.69,30814.14,Efectivo,No,2559.93,36.8
V02026,2024-02-01,San Quintín,San Quintín-Central,Alimentos,Panadería,Logística Frontera,Vendedor_08,5,1387.16,10,1248.44,6242.2,Tarjeta Crédito,No cumplió expectativas,626.76,39.0
V02027,2024-12-10,Tecate,Tecate-Centro,Alimentos,Bebidas,Logística Frontera,Vendedor_01,3,988.22,20,790.58,2371.74,Vale Despensa,No,643.01,26.4
V02028,2025-04-23,Ensenada,Ensenada-Maneadero,Alimentos,Carnes Frías,Surtimax,Vendedor_10,7,4986.93,0,4986.93,34908.51,Tarjeta Débito,Defecto de fábrica,2618.24,28.0
V02029,2024-01-28,Tijuana,Tijuana-Zona Río,Electrónica,Celulares,Surtimax,Vendedor_13,3,3115.07,0,3115.07,9345.21,Tarjeta Crédito,Duplicado,1881.89,22.2
V02030,2025-03-19,Rosarito,Rosarito-Principal,Electrónica,Celulares,Abastos del Pacífico,Vendedor_20,13,1972.8,20,1578.24,20517.12,Tarjeta Débito,No,1270.17,37.8
V02031,2024-03-07,Mexicali,Mexicali-Centro,Ferretería,Selladores,Importaciones Mex,Vendedor_20,3,791.5,10,712.35,2137.05,Efectivo,No,521.55,46.7
V02032,2024-06-30,Ensenada,Ensenada-Centro,Alimentos,Lácteos,Importaciones Mex,Vendedor_09,14,2387.75,20,1910.2,26742.8,Transferencia,No,1188.69,47.2
V02033,2025-01-25,San Quintín,San Quintín-Central,Ropa,Chamarras,Logística Frontera,Vendedor_24,4,1709.06,15,1452.7,5810.8,Efectivo,No,986.01,46.0
V02034,2024-05-16,Ensenada,Ensenada-Maneadero,Ropa,Chamarras,Surtimax,Vendedor_11,13,2030.26,0,2030.26,26393.38,Efectivo,No,1141.9,23.2
V02035,2024-10-05,Tijuana,Tijuana-Zona Río,Alimentos,Lácteos,Proveedor Norte SA,Vendedor_08,20,7793.95,15,6624.86,132497.2,Vale Despensa,No,4339.13,51.2
V02036,2025-02-18,Tecate,Tecate-Centro,Alimentos,Carnes Frías,Proveedor Norte SA,Vendedor_09,16,2615.59,0,2615.59,41849.44,Transferencia,No,1258.49,37.0
V02037,2024-10-08,Mexicali,Mexicali-Centro,Electrónica,Cargadores,Abastos del Pacífico,Vendedor_22,7,2228.05,25,1671.04,11697.28,Transferencia,Cambio de opinión,1290.23,32.3
V02038,2024-01-23,Tecate,Tecate-Centro,Hogar,Muebles,Proveedor Norte SA,Vendedor_03,15,3298.23,0,3298.23,49473.45,Tarjeta Crédito,No,1996.44,51.3
V02039,2024-12-10,Tijuana,Tijuana-Garita,Ropa,Chamarras,Comercial Baja,Vendedor_27,4,6379.14,25,4784.36,19137.44,Tarjeta Crédito,No,3538.56,44.1
V02040,2025-05-18,Tijuana,Tijuana-Playas,Electrónica,Cables,Logística Frontera,Vendedor_19,13,7552.28,0,7552.28,98179.64,Tarjeta Débito,Cambio de opinión,3784.47,42.8
V02041,2024-01-18,Ensenada,Ensenada-Maneadero,Ferretería,Adhesivos,Abastos del Pacífico,Vendedor_14,11,198.24,10,178.42,1962.62,Vale Despensa,No,128.41,24.2
V02042,2025-03-21,Ensenada,Ensenada-Maneadero,Electrónica,Celulares,Comercial Baja,Vendedor_27,6,6607.35,10,5946.62,35679.72,Vale Despensa,Talla incorrecta,3944.3,51.0
V02043,2024-09-03,Tecate,Tecate-Centro,Alimentos,Snacks,Surtimax,Vendedor_28,2,6763.65,15,5749.1,11498.2,Transferencia,No,3767.07,21.9
V02044,2024-10-21,Tecate,Tecate-Centro,Ferretería,Pinturas,Importaciones Mex,Vendedor_25,17,5052.02,5,4799.42,81590.14,Transferencia,No,3358.9,49.7
V02045,2024-03-27,San Quintín,San Quintín-Central,Ropa,Ropa Interior,Distribuidora BC,Vendedor_28,1,4121.58,5,3915.5,3915.5,Tarjeta Débito,Defecto de fábrica,2307.34,38.1
V02046,2025-01-12,Rosarito,Rosarito-Principal,Electrónica,Tabletas,Comercial Baja,Vendedor_15,17,62.19,10,55.97,951.49,Tarjeta Crédito,No cumplió expectativas,36.14,45.4
V02047,2025-03-08,Tijuana,Tijuana-Otay,Hogar,Decoración,Logística Frontera,Vendedor_10,7,3348.88,0,3348.88,23442.16,Tarjeta Crédito,Duplicado,1683.89,38.8
V02048,2024-07-19,Tecate,Tecate-Centro,Farmacia,Cuidado Personal,Surtimax,Vendedor_15,5,1899.4,0,1899.4,9497.0,Transferencia,Duplicado,896.89,43.6
V02049,2024-10-13,San Quintín,San Quintín-Central,Hogar,Cojines,Comercial Baja,Vendedor_15,10,6713.68,25,5035.26,50352.6,Transferencia,No,3311.62,31.5
V02050,2025-05-15,Mexicali,Mexicali-Baja,Ropa,Calcetines,Logística Frontera,Vendedor_26,2,3583.74,15,3046.18,6092.36,Transferencia,No,2478.33,49.3
V02051,2024-12-08,Rosarito,Rosarito-Principal,Farmacia,Primeros Auxilios,Surtimax,Vendedor_28,17,5218.0,10,4696.2,79835.4,Tarjeta Débito,No cumplió expectativas,2930.07,33.4
V02052,2025-05-01,Ensenada,Ensenada-Centro,Ropa,Gorras,Proveedor Norte SA,Vendedor_09,18,3144.88,20,2515.9,45286.2,Tarjeta Débito,Cambio de opinión,1432.91,49.7
V02053,2024-07-23,Tecate,Tecate-Centro,Alimentos,Bebidas,Distribuidora BC,Vendedor_03,12,2499.6,25,1874.7,22496.4,Tarjeta Crédito,Cambio de opinión,1596.23,45.7
V02054,2024-10-11,San Quintín,San Quintín-Central,Electrónica,Televisores,Abastos del Pacífico,Vendedor_12,19,6320.69,0,6320.69,120093.11,Transferencia,Defecto de fábrica,3408.54,35.2
V02055,2025-01-09,Mexicali,Mexicali-Nueva,Alimentos,Panadería,Surtimax,Vendedor_06,14,2780.07,15,2363.06,33082.84,Tarjeta Débito,Duplicado,1852.17,20.2
V02056,2025-04-22,Tecate,Tecate-Centro,Electrónica,Televisores,Distribuidora BC,Vendedor_03,9,6900.52,0,6900.52,62104.68,Efectivo,Defecto de fábrica,4374.26,47.6
V02057,2024-03-23,Rosarito,Rosarito-Principal,Hogar,Lámparas,Distribuidora BC,Vendedor_22,11,675.38,20,540.3,5943.3,Tarjeta Crédito,Talla incorrecta,388.75,45.0
V02058,2025-04-04,Tecate,Tecate-Centro,Hogar,Almohadas,Distribuidora BC,Vendedor_17,16,658.18,10,592.36,9477.76,Transferencia,No,380.28,41.8
V02059,2024-05-30,Ensenada,Ensenada-Maneadero,Farmacia,Anteojos,Proveedor Norte SA,Vendedor_24,18,3229.17,20,2583.34,46500.12,Tarjeta Crédito,No,2027.93,29.8
V02060,2024-08-25,Ensenada,Ensenada-Maneadero,Electrónica,Laptops,Mayoreo TJ,Vendedor_19,8,2246.0,0,2246.0,17968.0,Tarjeta Débito,Defecto de fábrica,1289.42,51.3
V02061,2024-06-08,Tijuana,Tijuana-Playas,Alimentos,Condimentos,Logística Frontera,Vendedor_02,6,5459.25,20,4367.4,26204.4,Tarjeta Crédito,Talla incorrecta,2548.42,50.0
V02062,2024-09-06,Rosarito,Rosarito-Principal,Hogar,Muebles,Distribuidora BC,Vendedor_09,15,2501.2,10,2251.08,33766.2,Transferencia,Duplicado,1584.03,35.0
V02063,2024-07-11,Mexicali,Mexicali-Baja,Hogar,Utensilios,Logística Frontera,Vendedor_10,1,6924.71,0,6924.71,6924.71,Efectivo,No,3145.01,50.9
V02064,2024-12-31,San Quintín,San Quintín-Central,Farmacia,Cuidado Personal,Abastos del Pacífico,Vendedor_14,8,6275.57,25,4706.68,37653.44,Tarjeta Crédito,Talla incorrecta,4276.29,49.6
V02065,2024-03-19,Tecate,Tecate-Centro,Electrónica,Tabletas,Importaciones Mex,Vendedor_01,12,766.87,5,728.53,8742.36,Tarjeta Débito,No,413.22,30.0
V02066,2024-05-01,Ensenada,Ensenada-Maneadero,Alimentos,Bebidas,Surtimax,Vendedor_11,6,2826.63,15,2402.64,14415.84,Vale Despensa,No,1842.07,17.3
V02067,2025-01-04,Rosarito,Rosarito-Principal,Farmacia,Vitaminas,Distribuidora BC,Vendedor_13,11,7337.56,20,5870.05,64570.55,Transferencia,No,3935.06,39.8
V02068,2024-04-03,Mexicali,Mexicali-Nueva,Ropa,Pantalones,Proveedor Norte SA,Vendedor_24,18,4721.39,10,4249.25,76486.5,Efectivo,No,3296.42,53.4
V02069,2024-06-09,Tijuana,Tijuana-Playas,Hogar,Cojines,Surtimax,Vendedor_19,10,2109.97,0,2109.97,21099.7,Transferencia,Talla incorrecta,1342.24,24.7
V02070,2025-04-28,Tijuana,Tijuana-Zona Río,Farmacia,Vitaminas,Logística Frontera,Vendedor_03,5,1428.44,15,1214.17,6070.85,Efectivo,Duplicado,748.4,31.1
V02071,2024-07-19,Mexicali,Mexicali-Centro,Electrónica,Cargadores,Distribuidora BC,Vendedor_11,12,7067.1,15,6007.03,72084.36,Tarjeta Débito,Defecto de fábrica,3249.08,17.4
V02072,2024-02-18,Ensenada,Ensenada-Maneadero,Electrónica,Cámaras,Abastos del Pacífico,Vendedor_12,4,3555.56,0,3555.56,14222.24,Vale Despensa,No,2088.03,41.5
V02073,2024-11-08,Ensenada,Ensenada-Maneadero,Hogar,Almohadas,Logística Frontera,Vendedor_04,8,5944.31,20,4755.45,38043.6,Vale Despensa,No,3777.58,22.4
V02074,2024-06-05,Rosarito,Rosarito-Principal,Ropa,Calcetines,Abastos del Pacífico,Vendedor_10,11,7513.14,10,6761.83,74380.13,Efectivo,Defecto de fábrica,5136.99,51.7
V02075,2024-04-05,Tijuana,Tijuana-Garita,Hogar,Lámparas,Proveedor Norte SA,Vendedor_29,13,7345.86,20,5876.69,76396.97,Vale Despensa,Defecto de fábrica,4474.45,21.4
V02076,2025-05-30,Ensenada,Ensenada-Centro,Farmacia,Vitaminas,Mayoreo TJ,Vendedor_22,14,3265.76,0,3265.76,45720.64,Efectivo,No cumplió expectativas,1986.25,35.0
V02077,2024-02-01,San Quintín,San Quintín-Central,Ropa,Calcetines,Importaciones Mex,Vendedor_21,5,6693.48,20,5354.78,26773.9,Tarjeta Crédito,No,3843.01,47.0
V02078,2024-12-26,San Quintín,San Quintín-Central,Farmacia,Medicamentos,Mayoreo TJ,Vendedor_25,5,138.42,5,131.5,657.5,Tarjeta Débito,No,81.37,33.2
V02079,2024-12-13,San Quintín,San Quintín-Central,Ropa,Vestidos,Comercial Baja,Vendedor_24,9,292.52,25,219.39,1974.51,Tarjeta Débito,No,150.22,22.7
V02080,2024-02-15,Tecate,Tecate-Centro,Ropa,Ropa Interior,Proveedor Norte SA,Vendedor_23,6,752.56,15,639.68,3838.08,Tarjeta Débito,No,510.52,52.9
V02081,2024-07-05,Tecate,Tecate-Centro,Hogar,Muebles,Proveedor Norte SA,Vendedor_14,6,2339.89,0,2339.89,14039.34,Tarjeta Crédito,Cambio de opinión,1548.54,50.5
V02082,2024-03-26,Ensenada,Ensenada-Maneadero,Hogar,Decoración,Surtimax,Vendedor_14,9,381.18,0,381.18,3430.62,Transferencia,No,263.29,25.4
V02083,2024-05-17,Tijuana,Tijuana-Garita,Hogar,Decoración,Comercial Baja,Vendedor_17,14,5034.69,15,4279.49,59912.86,Vale Despensa,Duplicado,3432.08,32.7
V02084,2025-03-02,Tecate,Tecate-Centro,Hogar,Cojines,Mayoreo TJ,Vendedor_27,2,638.85,20,511.08,1022.16,Vale Despensa,No cumplió expectativas,291.16,18.5
V02085,2024-10-10,Tijuana,Tijuana-Otay,Ferretería,Selladores,Distribuidora BC,Vendedor_25,16,122.52,10,110.27,1764.32,Vale Despensa,No,73.98,23.6
V02086,2024-11-26,Tijuana,Tijuana-Otay,Alimentos,Bebidas,Mayoreo TJ,Vendedor_23,17,6091.43,10,5482.29,93198.93,Vale Despensa,Duplicado,3182.54,17.9
V02087,2024-08-26,San Quintín,San Quintín-Central,Alimentos,Condimentos,Comercial Baja,Vendedor_05,12,6480.59,0,6480.59,77767.08,Vale Despensa,Cambio de opinión,3304.08,29.3
V02088,2024-05-09,Tijuana,Tijuana-La Mesa,Hogar,Cojines,Comercial Baja,Vendedor_01,8,5134.86,15,4364.63,34917.04,Vale Despensa,No,2639.12,35.4
V02089,2024-06-01,Rosarito,Rosarito-Principal,Farmacia,Anteojos,Mayoreo TJ,Vendedor_12,13,6685.97,15,5683.07,73879.91,Vale Despensa,No,4117.8,49.9
V02090,2024-08-11,Mexicali,Mexicali-Nueva,Ropa,Camisas,Importaciones Mex,Vendedor_12,17,6093.09,0,6093.09,103582.53,Tarjeta Débito,No cumplió expectativas,2805.46,50.9
V02091,2025-02-23,Rosarito,Rosarito-Principal,Hogar,Utensilios,Proveedor Norte SA,Vendedor_20,16,5467.99,20,4374.39,69990.24,Transferencia,No,2841.36,47.1
V02092,2024-05-30,Mexicali,Mexicali-Baja,Alimentos,Panadería,Importaciones Mex,Vendedor_12,11,4617.53,25,3463.15,38094.65,Tarjeta Débito,Talla incorrecta,2171.58,34.1
V02093,2025-04-13,Ensenada,Ensenada-Maneadero,Ferretería,Tornillería,Distribuidora BC,Vendedor_22,9,7393.94,25,5545.45,49909.05,Efectivo,Cambio de opinión,4631.85,26.6
V02094,2024-04-30,Rosarito,Rosarito-Principal,Farmacia,Higiene,Comercial Baja,Vendedor_14,4,3456.91,15,2938.37,11753.48,Tarjeta Crédito,No,1844.82,25.7
V02095,2024-04-24,Tecate,Tecate-Centro,Alimentos,Bebidas,Abastos del Pacífico,Vendedor_15,10,6151.65,20,4921.32,49213.2,Vale Despensa,No,3689.22,24.5
V02096,2024-04-22,San Quintín,San Quintín-Central,Electrónica,Tabletas,Importaciones Mex,Vendedor_27,2,2840.15,0,2840.15,5680.3,Efectivo,No,1339.03,44.5
V02097,2024-05-09,Rosarito,Rosarito-Principal,Farmacia,Higiene,Logística Frontera,Vendedor_25,5,1421.79,10,1279.61,6398.05,Vale Despensa,No,921.28,23.6
V02098,2024-09-17,San Quintín,San Quintín-Central,Hogar,Almohadas,Proveedor Norte SA,Vendedor_03,19,3311.17,0,3311.17,62912.23,Vale Despensa,No,2293.67,26.0
V02099,2025-03-25,Mexicali,Mexicali-Centro,Alimentos,Snacks,Surtimax,Vendedor_26,8,622.32,15,528.97,4231.76,Vale Despensa,Duplicado,342.14,54.5
V02100,2024-12-19,Tecate,Tecate-Centro,Alimentos,Conservas,Mayoreo TJ,Vendedor_29,1,2126.66,20,1701.33,1701.33,Transferencia,Duplicado,978.74,50.6
V02101,2024-05-19,Tecate,Tecate-Centro,Farmacia,Anteojos,Surtimax,Vendedor_24,16,5082.29,0,5082.29,81316.64,Tarjeta Débito,Defecto de fábrica,2789.02,42.9
V02102,2025-03-31,Ensenada,Ensenada-Centro,Electrónica,Celulares,Surtimax,Vendedor_24,14,5699.25,15,4844.36,67821.04,Efectivo,No cumplió expectativas,2807.9,18.4
V02103,2025-04-09,Ensenada,Ensenada-Maneadero,Farmacia,Cuidado Personal,Surtimax,Vendedor_18,16,4478.81,0,4478.81,71660.96,Tarjeta Débito,No,2115.5,21.3
V02104,2025-05-04,Mexicali,Mexicali-Baja,Alimentos,Carnes Frías,Logística Frontera,Vendedor_10,13,7542.02,15,6410.72,83339.36,Transferencia,No,3398.67,37.4
V02105,2024-03-07,Tijuana,Tijuana-La Mesa,Alimentos,Bebidas,Comercial Baja,Vendedor_12,20,5347.11,0,5347.11,106942.2,Tarjeta Crédito,No,2497.8,37.9
V02106,2024-07-29,San Quintín,San Quintín-Central,Alimentos,Bebidas,Abastos del Pacífico,Vendedor_30,11,6358.05,0,6358.05,69938.55,Tarjeta Crédito,Talla incorrecta,3846.48,22.1
V02107,2025-03-26,San Quintín,San Quintín-Central,Ferretería,Adhesivos,Abastos del Pacífico,Vendedor_12,9,5320.56,25,3990.42,35913.78,Transferencia,No,3431.94,38.3
V02108,2024-11-09,Tijuana,Tijuana-La Mesa,Electrónica,Cargadores,Abastos del Pacífico,Vendedor_18,7,2642.84,10,2378.56,16649.92,Transferencia,Duplicado,1623.52,19.1
V02109,2024-02-25,Tecate,Tecate-Centro,Ropa,Camisas,Abastos del Pacífico,Vendedor_23,20,6649.04,10,5984.14,119682.8,Tarjeta Débito,No,3488.18,19.5
V02110,2024-04-22,Mexicali,Mexicali-Baja,Ferretería,Brochas,Surtimax,Vendedor_21,2,3759.64,0,3759.64,7519.28,Tarjeta Crédito,Talla incorrecta,2126.4,49.4
V02111,2025-05-10,Ensenada,Ensenada-Maneadero,Ropa,Pantalones,Mayoreo TJ,Vendedor_12,18,6558.25,10,5902.43,106243.74,Tarjeta Crédito,No cumplió expectativas,3719.02,35.0
V02112,2024-04-07,Tecate,Tecate-Centro,Electrónica,Tabletas,Surtimax,Vendedor_29,10,2773.74,25,2080.3,20803.0,Tarjeta Crédito,No,1572.43,39.8
V02113,2024-01-19,Ensenada,Ensenada-Centro,Ropa,Vestidos,Surtimax,Vendedor_16,12,4314.43,15,3667.27,44007.24,Vale Despensa,No,2266.6,34.5
V02114,2024-09-25,Rosarito,Rosarito-Principal,Farmacia,Anteojos,Importaciones Mex,Vendedor_14,17,3249.49,0,3249.49,55241.33,Tarjeta Débito,Talla incorrecta,1655.89,44.7
V02115,2024-09-14,San Quintín,San Quintín-Central,Hogar,Muebles,Comercial Baja,Vendedor_21,4,2439.63,25,1829.72,7318.88,Efectivo,No,1253.05,54.2
V02116,2024-12-23,San Quintín,San Quintín-Central,Farmacia,Cuidado Personal,Surtimax,Vendedor_02,18,7794.84,0,7794.84,140307.12,Vale Despensa,No,4896.85,35.0
V02117,2024-07-14,Ensenada,Ensenada-Maneadero,Farmacia,Anteojos,Abastos del Pacífico,Vendedor_04,1,344.78,25,258.58,258.58,Efectivo,No,161.86,28.9
V02118,2025-01-27,San Quintín,San Quintín-Central,Farmacia,Medicamentos,Logística Frontera,Vendedor_19,2,6075.93,25,4556.95,9113.9,Efectivo,No,3476.77,32.3
V02119,2024-06-08,Rosarito,Rosarito-Principal,Ferretería,Adhesivos,Surtimax,Vendedor_19,13,2544.84,0,2544.84,33082.92,Tarjeta Débito,Talla incorrecta,1567.99,45.8
V02120,2025-03-14,Rosarito,Rosarito-Principal,Hogar,Almohadas,Importaciones Mex,Vendedor_12,7,5431.0,15,4616.35,32314.45,Tarjeta Crédito,No,3398.76,38.8
V02121,2024-03-28,Tijuana,Tijuana-La Mesa,Electrónica,Cámaras,Importaciones Mex,Vendedor_26,9,1068.29,5,1014.88,9133.92,Tarjeta Crédito,Duplicado,699.8,45.1
V02122,2024-06-17,Rosarito,Rosarito-Principal,Electrónica,Audífonos,Logística Frontera,Vendedor_20,10,1557.01,25,1167.76,11677.6,Tarjeta Débito,No,868.89,49.0
V02123,2024-01-23,Mexicali,Mexicali-Baja,Hogar,Almohadas,Proveedor Norte SA,Vendedor_22,9,3560.95,0,3560.95,32048.55,Efectivo,Duplicado,2416.26,41.9
V02124,2024-01-26,Mexicali,Mexicali-Baja,Farmacia,Anteojos,Mayoreo TJ,Vendedor_28,13,6755.67,0,6755.67,87823.71,Tarjeta Crédito,No,3346.55,54.7
V02125,2024-05-24,Tecate,Tecate-Centro,Farmacia,Termómetros,Abastos del Pacífico,Vendedor_14,3,6487.74,10,5838.97,17516.91,Vale Despensa,No,3087.66,47.4
V02126,2024-06-11,San Quintín,San Quintín-Central,Ropa,Vestidos,Distribuidora BC,Vendedor_30,11,650.69,0,650.69,7157.59,Efectivo,No,388.07,46.6
V02127,2024-09-27,Rosarito,Rosarito-Principal,Alimentos,Panadería,Abastos del Pacífico,Vendedor_30,15,3184.8,15,2707.08,40606.2,Tarjeta Crédito,Cambio de opinión,1990.55,22.2
V02128,2024-04-09,San Quintín,San Quintín-Central,Alimentos,Panadería,Surtimax,Vendedor_03,17,7400.05,0,7400.05,125800.85,Tarjeta Débito,No,4036.81,33.0
V02129,2024-04-12,Rosarito,Rosarito-Principal,Farmacia,Bebés,Importaciones Mex,Vendedor_15,18,1197.86,5,1137.97,20483.46,Transferencia,No,692.66,46.2
V02130,2024-01-29,Rosarito,Rosarito-Principal,Hogar,Lámparas,Logística Frontera,Vendedor_22,6,2118.36,0,2118.36,12710.16,Vale Despensa,Talla incorrecta,1082.39,24.7
V02131,2024-07-31,Ensenada,Ensenada-Centro,Electrónica,Laptops,Proveedor Norte SA,Vendedor_07,18,1517.44,0,1517.44,27313.92,Efectivo,No,875.62,50.1
V02132,2025-05-09,Tecate,Tecate-Centro,Hogar,Cortinas,Distribuidora BC,Vendedor_18,14,417.37,0,417.37,5843.18,Tarjeta Débito,No,268.73,30.1
V02133,2025-03-02,San Quintín,San Quintín-Central,Electrónica,Cámaras,Distribuidora BC,Vendedor_16,3,3397.49,25,2548.12,7644.36,Tarjeta Débito,No cumplió expectativas,1564.37,36.8
V02134,2025-02-03,Rosarito,Rosarito-Principal,Ferretería,Herramientas,Importaciones Mex,Vendedor_02,17,5271.33,0,5271.33,89612.61,Tarjeta Débito,No,3539.76,41.9
V02135,2025-03-15,Tecate,Tecate-Centro,Farmacia,Bebés,Logística Frontera,Vendedor_04,20,6376.97,10,5739.27,114785.4,Vale Despensa,No,3846.71,31.1
V02136,2024-02-03,Ensenada,Ensenada-Centro,Ferretería,Herramientas,Comercial Baja,Vendedor_21,19,3125.88,10,2813.29,53452.51,Efectivo,No,1585.97,20.2
V02137,2024-03-11,San Quintín,San Quintín-Central,Farmacia,Termómetros,Distribuidora BC,Vendedor_07,18,5477.28,0,5477.28,98591.04,Transferencia,No,3825.15,20.7
V02138,2024-09-09,Tecate,Tecate-Centro,Electrónica,Cámaras,Importaciones Mex,Vendedor_21,11,2254.31,0,2254.31,24797.41,Transferencia,Talla incorrecta,1425.08,46.2
V02139,2024-01-26,Ensenada,Ensenada-Centro,Hogar,Muebles,Comercial Baja,Vendedor_12,14,1167.74,0,1167.74,16348.36,Tarjeta Crédito,No,675.65,20.7
V02140,2024-03-25,Rosarito,Rosarito-Principal,Ropa,Ropa Interior,Abastos del Pacífico,Vendedor_12,7,4384.63,10,3946.17,27623.19,Transferencia,Defecto de fábrica,2235.41,47.1
V02141,2024-08-10,Tijuana,Tijuana-La Mesa,Alimentos,Conservas,Distribuidora BC,Vendedor_01,19,7350.3,20,5880.24,111724.56,Tarjeta Débito,No,4657.16,27.2
V02142,2025-05-08,Tijuana,Tijuana-Otay,Ferretería,Plomería,Proveedor Norte SA,Vendedor_30,12,1555.72,15,1322.36,15868.32,Tarjeta Débito,No,831.87,45.3
V02143,2024-01-28,Rosarito,Rosarito-Principal,Electrónica,Cámaras,Proveedor Norte SA,Vendedor_12,16,7435.13,0,7435.13,118962.08,Transferencia,Duplicado,4275.79,51.3
V02144,2024-12-03,Rosarito,Rosarito-Principal,Electrónica,Celulares,Abastos del Pacífico,Vendedor_09,1,2066.51,20,1653.21,1653.21,Vale Despensa,Talla incorrecta,1347.96,45.4
V02145,2025-04-09,San Quintín,San Quintín-Central,Ropa,Zapatos,Comercial Baja,Vendedor_15,4,3613.33,10,3252.0,13008.0,Transferencia,No,2400.79,15.4
V02146,2024-03-22,Ensenada,Ensenada-Centro,Alimentos,Conservas,Importaciones Mex,Vendedor_02,8,7536.85,25,5652.64,45221.12,Tarjeta Débito,No,3817.03,25.6
V02147,2024-04-29,Tecate,Tecate-Centro,Alimentos,Condimentos,Logística Frontera,Vendedor_18,11,7174.29,10,6456.86,71025.46,Tarjeta Crédito,Defecto de fábrica,4837.09,49.4
V02148,2024-04-04,Rosarito,Rosarito-Principal,Farmacia,Termómetros,Abastos del Pacífico,Vendedor_01,4,5816.63,5,5525.8,22103.2,Tarjeta Crédito,No,3846.43,21.5
V02149,2025-02-27,Tijuana,Tijuana-La Mesa,Ferretería,Adhesivos,Distribuidora BC,Vendedor_04,16,6550.15,10,5895.14,94322.24,Efectivo,Talla incorrecta,3740.33,54.7
V02150,2024-12-15,Tecate,Tecate-Centro,Alimentos,Condimentos,Mayoreo TJ,Vendedor_17,14,2928.36,15,2489.11,34847.54,Vale Despensa,No,1896.3,21.1
V02151,2024-01-11,Tecate,Tecate-Centro,Alimentos,Conservas,Logística Frontera,Vendedor_22,7,2183.49,0,2183.49,15284.43,Transferencia,No,1271.02,29.0
V02152,2024-03-10,Tecate,Tecate-Centro,Hogar,Almohadas,Mayoreo TJ,Vendedor_30,14,5802.34,0,5802.34,81232.76,Transferencia,Duplicado,3745.1,34.1
V02153,2024-02-11,Rosarito,Rosarito-Principal,Hogar,Cortinas,Abastos del Pacífico,Vendedor_05,15,3540.31,15,3009.26,45138.9,Transferencia,Duplicado,1790.35,33.7
V02154,2025-03-24,Mexicali,Mexicali-Nueva,Hogar,Lámparas,Surtimax,Vendedor_04,2,5377.14,0,5377.14,10754.28,Tarjeta Débito,Duplicado,3164.31,31.8
V02155,2024-07-25,Mexicali,Mexicali-Nueva,Electrónica,Cables,Importaciones Mex,Vendedor_07,10,4340.13,0,4340.13,43401.3,Tarjeta Débito,No cumplió expectativas,2009.36,20.7
V02156,2025-01-21,Rosarito,Rosarito-Principal,Alimentos,Panadería,Logística Frontera,Vendedor_23,1,3063.73,20,2450.98,2450.98,Tarjeta Débito,No,1899.55,15.1
V02157,2025-02-05,Rosarito,Rosarito-Principal,Farmacia,Higiene,Mayoreo TJ,Vendedor_20,18,1566.3,25,1174.72,21144.96,Tarjeta Crédito,No,740.21,35.2
V02158,2024-09-16,Mexicali,Mexicali-Baja,Farmacia,Medicamentos,Surtimax,Vendedor_10,9,312.4,20,249.92,2249.28,Vale Despensa,No,177.98,52.9
V02159,2024-11-14,Mexicali,Mexicali-Centro,Electrónica,Televisores,Proveedor Norte SA,Vendedor_11,12,2084.6,15,1771.91,21262.92,Tarjeta Débito,No cumplió expectativas,1445.89,31.4
V02160,2025-03-10,Ensenada,Ensenada-Centro,Alimentos,Conservas,Comercial Baja,Vendedor_18,18,6415.68,25,4811.76,86611.68,Transferencia,No,2931.02,22.2
V02161,2025-05-07,Mexicali,Mexicali-Nueva,Ferretería,Tornillería,Distribuidora BC,Vendedor_20,3,1391.83,5,1322.24,3966.72,Tarjeta Crédito,Defecto de fábrica,821.24,53.6
V02162,2025-05-10,Mexicali,Mexicali-Nueva,Ferretería,Tornillería,Comercial Baja,Vendedor_07,19,4342.57,25,3256.93,61881.67,Efectivo,No cumplió expectativas,2227.3,21.3
V02163,2025-02-05,Ensenada,Ensenada-Maneadero,Hogar,Cobijas,Logística Frontera,Vendedor_04,16,4631.4,0,4631.4,74102.4,Transferencia,Cambio de opinión,2093.79,22.8
V02164,2024-03-21,Mexicali,Mexicali-Nueva,Ferretería,Herramientas,Mayoreo TJ,Vendedor_17,11,3794.51,0,3794.51,41739.61,Transferencia,Defecto de fábrica,2003.71,42.4
V02165,2025-05-15,Mexicali,Mexicali-Centro,Ropa,Vestidos,Logística Frontera,Vendedor_12,3,5858.45,0,5858.45,17575.35,Tarjeta Crédito,No,2734.17,26.0
V02166,2025-03-01,Tecate,Tecate-Centro,Farmacia,Vitaminas,Comercial Baja,Vendedor_11,13,491.65,10,442.49,5752.37,Efectivo,No cumplió expectativas,317.1,29.2
V02167,2025-02-11,Tecate,Tecate-Centro,Alimentos,Panadería,Comercial Baja,Vendedor_18,8,1407.94,0,1407.94,11263.52,Tarjeta Crédito,Defecto de fábrica,736.48,36.7
V02168,2024-08-31,Mexicali,Mexicali-Centro,Electrónica,Cargadores,Importaciones Mex,Vendedor_13,5,4086.12,25,3064.59,15322.95,Vale Despensa,No,2561.2,15.4
V02169,2024-05-17,Tijuana,Tijuana-Garita,Alimentos,Conservas,Comercial Baja,Vendedor_03,8,3591.2,0,3591.2,28729.6,Tarjeta Crédito,No,2281.78,36.3
V02170,2024-04-19,Rosarito,Rosarito-Principal,Ferretería,Brochas,Abastos del Pacífico,Vendedor_16,2,105.39,15,89.58,179.16,Vale Despensa,No,73.28,54.0
V02171,2024-05-02,San Quintín,San Quintín-Central,Electrónica,Celulares,Mayoreo TJ,Vendedor_18,2,2835.66,0,2835.66,5671.32,Tarjeta Crédito,No,1365.6,24.1
V02172,2024-12-14,Mexicali,Mexicali-Nueva,Hogar,Muebles,Mayoreo TJ,Vendedor_19,16,6659.16,5,6326.2,101219.2,Efectivo,No,3568.76,53.6
V02173,2025-03-30,San Quintín,San Quintín-Central,Alimentos,Bebidas,Logística Frontera,Vendedor_20,20,664.74,5,631.5,12630.0,Tarjeta Débito,Talla incorrecta,460.93,51.2
V02174,2024-07-06,Tecate,Tecate-Centro,Hogar,Utensilios,Comercial Baja,Vendedor_27,10,5583.13,0,5583.13,55831.3,Tarjeta Débito,Cambio de opinión,3325.9,21.3
V02175,2024-07-01,Mexicali,Mexicali-Baja,Ferretería,Pinturas,Comercial Baja,Vendedor_24,3,4161.2,5,3953.14,11859.42,Transferencia,Cambio de opinión,2117.67,52.0
V02176,2024-07-14,Tecate,Tecate-Centro,Hogar,Cobijas,Importaciones Mex,Vendedor_21,10,7060.85,10,6354.77,63547.7,Tarjeta Crédito,Cambio de opinión,4695.34,39.9
V02177,2025-02-19,Tecate,Tecate-Centro,Ropa,Calcetines,Importaciones Mex,Vendedor_29,11,2927.13,0,2927.13,32198.43,Vale Despensa,Cambio de opinión,1951.33,40.9
V02178,2024-01-20,Mexicali,Mexicali-Nueva,Ferretería,Herramientas,Mayoreo TJ,Vendedor_10,9,6115.05,5,5809.3,52283.7,Transferencia,Cambio de opinión,3640.26,31.8
V02179,2024-03-08,Tijuana,Tijuana-Garita,Farmacia,Medicamentos,Surtimax,Vendedor_16,20,4562.61,0,4562.61,91252.2,Tarjeta Débito,No,2598.27,20.1
V02180,2024-06-06,Mexicali,Mexicali-Baja,Hogar,Cobijas,Importaciones Mex,Vendedor_14,20,1050.83,10,945.75,18915.0,Vale Despensa,Defecto de fábrica,533.54,38.8
V02181,2025-04-22,Tijuana,Tijuana-Playas,Farmacia,Medicamentos,Distribuidora BC,Vendedor_23,5,7303.35,15,6207.85,31039.25,Efectivo,Duplicado,4659.8,22.4
V02182,2024-01-14,Mexicali,Mexicali-Baja,Alimentos,Bebidas,Distribuidora BC,Vendedor_17,14,2106.07,15,1790.16,25062.24,Tarjeta Crédito,Defecto de fábrica,1014.01,39.4
V02183,2024-06-10,Mexicali,Mexicali-Centro,Alimentos,Panadería,Importaciones Mex,Vendedor_27,6,3614.58,10,3253.12,19518.72,Tarjeta Crédito,No,2183.62,42.4
V02184,2024-01-21,San Quintín,San Quintín-Central,Hogar,Lámparas,Mayoreo TJ,Vendedor_14,20,7864.36,5,7471.14,149422.8,Tarjeta Débito,No cumplió expectativas,4997.32,33.6
V02185,2024-01-17,Mexicali,Mexicali-Baja,Alimentos,Snacks,Proveedor Norte SA,Vendedor_23,5,389.51,5,370.03,1850.15,Efectivo,No,217.38,48.7
V02186,2025-05-15,Tecate,Tecate-Centro,Farmacia,Primeros Auxilios,Surtimax,Vendedor_11,17,2443.79,25,1832.84,31158.28,Tarjeta Crédito,Duplicado,1502.11,17.1
V02187,2024-05-27,Ensenada,Ensenada-Centro,Farmacia,Cuidado Personal,Abastos del Pacífico,Vendedor_15,20,1043.28,25,782.46,15649.2,Tarjeta Crédito,Defecto de fábrica,681.11,25.7
V02188,2025-02-13,Rosarito,Rosarito-Principal,Ferretería,Plomería,Proveedor Norte SA,Vendedor_09,19,2480.93,5,2356.88,44780.72,Tarjeta Crédito,No,1645.89,44.6
V02189,2024-08-15,San Quintín,San Quintín-Central,Farmacia,Bebés,Comercial Baja,Vendedor_07,18,1437.41,25,1078.06,19405.08,Tarjeta Débito,No,944.1,48.0
V02190,2024-12-14,Tijuana,Tijuana-Otay,Ropa,Camisas,Importaciones Mex,Vendedor_02,9,7477.32,5,7103.45,63931.05,Tarjeta Débito,Duplicado,5207.51,31.9
V02191,2025-01-18,Tijuana,Tijuana-Otay,Ropa,Chamarras,Comercial Baja,Vendedor_06,1,6077.32,10,5469.59,5469.59,Efectivo,Duplicado,3102.06,28.9
V02192,2024-04-08,Ensenada,Ensenada-Centro,Hogar,Muebles,Comercial Baja,Vendedor_23,11,1047.83,0,1047.83,11526.13,Efectivo,Defecto de fábrica,567.3,29.3
V02193,2024-06-04,Rosarito,Rosarito-Principal,Electrónica,Audífonos,Logística Frontera,Vendedor_11,9,5090.7,0,5090.7,45816.3,Transferencia,No cumplió expectativas,2679.68,18.1
V02194,2024-08-26,Rosarito,Rosarito-Principal,Alimentos,Conservas,Proveedor Norte SA,Vendedor_16,11,6854.01,0,6854.01,75394.11,Vale Despensa,No,3213.45,18.6
V02195,2024-09-17,Mexicali,Mexicali-Nueva,Alimentos,Snacks,Comercial Baja,Vendedor_04,10,2826.91,5,2685.56,26855.6,Tarjeta Crédito,Talla incorrecta,1761.17,49.3
V02196,2024-08-24,Ensenada,Ensenada-Maneadero,Hogar,Lámparas,Mayoreo TJ,Vendedor_09,14,7158.38,20,5726.7,80173.8,Transferencia,No cumplió expectativas,3661.57,48.6
V02197,2025-01-08,Tecate,Tecate-Centro,Farmacia,Anteojos,Importaciones Mex,Vendedor_11,18,1116.32,0,1116.32,20093.76,Tarjeta Débito,No,504.93,46.2
V02198,2024-11-17,Tecate,Tecate-Centro,Electrónica,Cargadores,Abastos del Pacífico,Vendedor_17,2,380.21,0,380.21,760.42,Tarjeta Crédito,No,234.56,31.8
V02199,2024-01-25,Tecate,Tecate-Centro,Electrónica,Audífonos,Proveedor Norte SA,Vendedor_24,14,1559.29,5,1481.33,20738.62,Vale Despensa,No,716.47,16.8
V02200,2024-06-01,Ensenada,Ensenada-Maneadero,Farmacia,Vitaminas,Distribuidora BC,Vendedor_18,20,6804.15,5,6463.94,129278.8,Vale Despensa,No,3414.19,26.2
V02201,2025-04-29,Tecate,Tecate-Centro,Hogar,Cojines,Surtimax,Vendedor_03,14,4461.16,0,4461.16,62456.24,Vale Despensa,No,2919.05,29.1
V02202,2025-02-13,Tecate,Tecate-Centro,Alimentos,Snacks,Mayoreo TJ,Vendedor_13,11,5303.66,20,4242.93,46672.23,Transferencia,No,2620.14,16.4
V02203,2024-04-24,Tecate,Tecate-Centro,Farmacia,Termómetros,Comercial Baja,Vendedor_05,18,1294.91,0,1294.91,23308.38,Tarjeta Débito,Cambio de opinión,731.01,29.1
V02204,2024-08-15,Ensenada,Ensenada-Centro,Hogar,Cojines,Abastos del Pacífico,Vendedor_20,18,5830.86,0,5830.86,104955.48,Transferencia,Defecto de fábrica,4012.07,35.8
V02205,2024-07-28,Rosarito,Rosarito-Principal,Electrónica,Audífonos,Comercial Baja,Vendedor_29,20,2806.1,10,2525.49,50509.8,Efectivo,No,1445.29,34.2
V02206,2025-01-16,Rosarito,Rosarito-Principal,Hogar,Almohadas,Surtimax,Vendedor_25,15,4238.5,20,3390.8,50862.0,Transferencia,Talla incorrecta,2853.8,18.4
V02207,2024-07-31,Ensenada,Ensenada-Maneadero,Hogar,Muebles,Importaciones Mex,Vendedor_30,13,2841.2,15,2415.02,31395.26,Efectivo,Cambio de opinión,1636.38,51.6
V02208,2024-12-23,San Quintín,San Quintín-Central,Ropa,Vestidos,Surtimax,Vendedor_14,5,179.25,0,179.25,896.25,Tarjeta Crédito,No,114.65,23.6
V02209,2025-01-22,Tecate,Tecate-Centro,Hogar,Cojines,Comercial Baja,Vendedor_04,4,196.51,5,186.68,746.72,Vale Despensa,No,126.88,48.6
V02210,2024-05-27,Tijuana,Tijuana-Playas,Alimentos,Condimentos,Proveedor Norte SA,Vendedor_05,4,5402.72,0,5402.72,21610.88,Tarjeta Crédito,Cambio de opinión,3721.54,26.6
V02211,2024-02-02,Ensenada,Ensenada-Centro,Farmacia,Medicamentos,Proveedor Norte SA,Vendedor_22,19,7974.46,10,7177.01,136363.19,Vale Despensa,No,4757.06,37.0
V02212,2025-05-04,Mexicali,Mexicali-Nueva,Hogar,Almohadas,Logística Frontera,Vendedor_13,17,5067.22,5,4813.86,81835.62,Efectivo,No cumplió expectativas,2776.49,15.5
V02213,2024-01-31,Ensenada,Ensenada-Centro,Ferretería,Plomería,Distribuidora BC,Vendedor_10,1,6190.95,0,6190.95,6190.95,Tarjeta Débito,No,3270.17,39.6
V02214,2025-03-24,Rosarito,Rosarito-Principal,Electrónica,Cámaras,Abastos del Pacífico,Vendedor_11,4,5548.55,10,4993.7,19974.8,Tarjeta Crédito,No,3070.17,30.5
V02215,2024-05-28,Rosarito,Rosarito-Principal,Farmacia,Cuidado Personal,Mayoreo TJ,Vendedor_15,6,2905.85,20,2324.68,13948.08,Tarjeta Crédito,No,1766.64,17.2
V02216,2025-01-16,Mexicali,Mexicali-Centro,Ropa,Camisas,Comercial Baja,Vendedor_15,2,1080.63,10,972.57,1945.14,Efectivo,No,536.11,18.2
V02217,2024-01-13,Ensenada,Ensenada-Centro,Alimentos,Bebidas,Distribuidora BC,Vendedor_14,17,7388.07,0,7388.07,125597.19,Transferencia,No,4121.35,43.4
V02218,2025-05-12,Tijuana,Tijuana-Otay,Ropa,Vestidos,Proveedor Norte SA,Vendedor_19,9,3927.98,10,3535.18,31816.62,Vale Despensa,No,2142.34,22.7
V02219,2024-10-15,Tijuana,Tijuana-Playas,Ropa,Gorras,Logística Frontera,Vendedor_05,18,3157.72,15,2684.06,48313.08,Efectivo,Cambio de opinión,1535.24,47.0
V02220,2025-04-17,Ensenada,Ensenada-Centro,Alimentos,Cereales,Comercial Baja,Vendedor_03,8,1571.57,0,1571.57,12572.56,Tarjeta Crédito,Duplicado,851.39,24.1
V02221,2024-05-04,Tijuana,Tijuana-Garita,Ferretería,Herramientas,Distribuidora BC,Vendedor_20,13,5578.83,20,4463.06,58019.78,Tarjeta Débito,Cambio de opinión,3444.28,31.4
V02222,2024-05-07,Tecate,Tecate-Centro,Electrónica,Audífonos,Mayoreo TJ,Vendedor_24,17,3660.89,0,3660.89,62235.13,Tarjeta Crédito,Talla incorrecta,2422.59,30.1
V02223,2024-03-05,San Quintín,San Quintín-Central,Alimentos,Condimentos,Importaciones Mex,Vendedor_09,10,3303.2,5,3138.04,31380.4,Efectivo,Defecto de fábrica,1718.41,22.9
V02224,2024-01-10,Tijuana,Tijuana-Zona Río,Electrónica,Laptops,Distribuidora BC,Vendedor_23,10,7553.75,0,7553.75,75537.5,Tarjeta Débito,No,3694.86,40.4
V02225,2024-01-02,Tecate,Tecate-Centro,Alimentos,Panadería,Logística Frontera,Vendedor_26,14,3630.97,15,3086.32,43208.48,Efectivo,No,2366.19,51.1
V02226,2024-07-21,Tecate,Tecate-Centro,Alimentos,Condimentos,Logística Frontera,Vendedor_26,1,4236.21,0,4236.21,4236.21,Tarjeta Crédito,Talla incorrecta,2714.27,30.6
V02227,2024-10-02,Ensenada,Ensenada-Maneadero,Ropa,Vestidos,Comercial Baja,Vendedor_24,20,3688.91,25,2766.68,55333.6,Tarjeta Crédito,Defecto de fábrica,1685.21,23.6
V02228,2024-04-19,Tecate,Tecate-Centro,Alimentos,Condimentos,Abastos del Pacífico,Vendedor_24,8,79.49,5,75.52,604.16,Vale Despensa,Duplicado,41.51,22.4
V02229,2024-08-17,San Quintín,San Quintín-Central,Alimentos,Bebidas,Abastos del Pacífico,Vendedor_25,1,84.24,20,67.39,67.39,Transferencia,No cumplió expectativas,45.29,52.6
V02230,2024-03-30,San Quintín,San Quintín-Central,Alimentos,Condimentos,Distribuidora BC,Vendedor_01,8,7407.4,20,5925.92,47407.36,Vale Despensa,Defecto de fábrica,4449.18,40.8
V02231,2025-02-01,Ensenada,Ensenada-Maneadero,Electrónica,Celulares,Proveedor Norte SA,Vendedor_02,2,2610.85,20,2088.68,4177.36,Tarjeta Crédito,Cambio de opinión,1462.61,53.0
V02232,2024-10-05,Tecate,Tecate-Centro,Ferretería,Electricidad,Logística Frontera,Vendedor_17,19,7020.67,20,5616.54,106714.26,Efectivo,No,3979.49,50.9
V02233,2024-01-05,Mexicali,Mexicali-Baja,Electrónica,Televisores,Comercial Baja,Vendedor_16,15,7906.41,25,5929.81,88947.15,Tarjeta Débito,Talla incorrecta,4850.27,27.5
V02234,2024-03-16,Ensenada,Ensenada-Centro,Ropa,Camisas,Distribuidora BC,Vendedor_19,4,3581.0,0,3581.0,14324.0,Transferencia,No,2356.43,54.7
V02235,2024-12-31,Ensenada,Ensenada-Centro,Ropa,Pantalones,Abastos del Pacífico,Vendedor_15,3,2180.99,10,1962.89,5888.67,Tarjeta Crédito,No,1105.46,24.3
V02236,2024-06-14,San Quintín,San Quintín-Central,Farmacia,Anteojos,Distribuidora BC,Vendedor_16,12,7880.17,15,6698.14,80377.68,Efectivo,Duplicado,5158.64,44.1
V02237,2025-02-17,Ensenada,Ensenada-Centro,Electrónica,Televisores,Importaciones Mex,Vendedor_24,13,2523.38,0,2523.38,32803.94,Transferencia,No,1588.24,53.3
V02238,2024-11-06,Rosarito,Rosarito-Principal,Farmacia,Termómetros,Mayoreo TJ,Vendedor_09,7,1921.1,25,1440.82,10085.74,Vale Despensa,No,1102.38,43.9
V02239,2024-09-06,Mexicali,Mexicali-Nueva,Ferretería,Adhesivos,Mayoreo TJ,Vendedor_28,11,6774.09,20,5419.27,59611.97,Transferencia,No,4164.12,30.5
V02240,2024-07-24,Tecate,Tecate-Centro,Alimentos,Bebidas,Comercial Baja,Vendedor_30,9,7928.71,5,7532.27,67790.43,Vale Despensa,Talla incorrecta,4341.99,52.5
V02241,2024-08-22,Tecate,Tecate-Centro,Alimentos,Conservas,Comercial Baja,Vendedor_20,16,4495.76,0,4495.76,71932.16,Tarjeta Débito,No,2156.21,43.7
V02242,2024-09-26,Tecate,Tecate-Centro,Alimentos,Snacks,Logística Frontera,Vendedor_13,12,3175.95,5,3017.15,36205.8,Tarjeta Débito,No,2079.94,36.4
V02243,2025-05-12,Rosarito,Rosarito-Principal,Electrónica,Laptops,Importaciones Mex,Vendedor_20,12,7512.44,15,6385.57,76626.84,Tarjeta Débito,Defecto de fábrica,3851.13,20.3
V02244,2024-11-25,San Quintín,San Quintín-Central,Farmacia,Anteojos,Proveedor Norte SA,Vendedor_11,12,3210.39,0,3210.39,38524.68,Efectivo,No cumplió expectativas,1943.2,21.9
V02245,2024-03-26,Tijuana,Tijuana-Garita,Electrónica,Laptops,Abastos del Pacífico,Vendedor_03,2,6280.98,0,6280.98,12561.96,Transferencia,No,2937.01,38.4
V02246,2024-03-30,Mexicali,Mexicali-Nueva,Alimentos,Panadería,Proveedor Norte SA,Vendedor_02,5,7745.15,0,7745.15,38725.75,Vale Despensa,Duplicado,4476.68,41.2
V02247,2025-02-18,Mexicali,Mexicali-Nueva,Alimentos,Cereales,Mayoreo TJ,Vendedor_07,18,6666.05,0,6666.05,119988.9,Tarjeta Débito,No,3122.34,25.5
V02248,2025-01-06,Ensenada,Ensenada-Centro,Hogar,Cortinas,Abastos del Pacífico,Vendedor_03,14,7592.07,5,7212.47,100974.58,Vale Despensa,No,3679.31,54.5
V02249,2025-02-11,Rosarito,Rosarito-Principal,Ropa,Camisas,Distribuidora BC,Vendedor_16,17,3314.75,0,3314.75,56350.75,Transferencia,Cambio de opinión,1543.95,40.2
V02250,2025-03-22,San Quintín,San Quintín-Central,Electrónica,Celulares,Importaciones Mex,Vendedor_14,4,1557.19,10,1401.47,5605.88,Vale Despensa,No,774.42,51.5
V02251,2024-05-30,Rosarito,Rosarito-Principal,Hogar,Cortinas,Distribuidora BC,Vendedor_23,8,3504.64,0,3504.64,28037.12,Vale Despensa,Duplicado,2220.34,41.3
V02252,2024-04-14,Ensenada,Ensenada-Centro,Ferretería,Tornillería,Abastos del Pacífico,Vendedor_29,15,7089.81,20,5671.85,85077.75,Vale Despensa,No cumplió expectativas,3616.51,38.3
V02253,2024-09-21,Rosarito,Rosarito-Principal,Ropa,Vestidos,Logística Frontera,Vendedor_25,9,2538.52,20,2030.82,18277.38,Tarjeta Débito,Cambio de opinión,1650.95,44.9
V02254,2024-11-12,Tecate,Tecate-Centro,Ferretería,Pinturas,Importaciones Mex,Vendedor_02,3,6983.26,0,6983.26,20949.78,Transferencia,Duplicado,3592.02,39.2
V02255,2024-12-22,Rosarito,Rosarito-Principal,Alimentos,Condimentos,Proveedor Norte SA,Vendedor_25,11,3857.28,15,3278.69,36065.59,Transferencia,No,2409.45,21.7
V02256,2024-04-10,Tecate,Tecate-Centro,Ferretería,Herramientas,Proveedor Norte SA,Vendedor_23,19,1415.26,15,1202.97,22856.43,Tarjeta Crédito,No cumplió expectativas,974.59,53.1
V02257,2024-01-24,Tecate,Tecate-Centro,Electrónica,Cables,Mayoreo TJ,Vendedor_07,13,1469.69,20,1175.75,15284.75,Tarjeta Crédito,Duplicado,848.28,17.9
V02258,2024-08-20,Tijuana,Tijuana-Otay,Ferretería,Adhesivos,Importaciones Mex,Vendedor_20,15,2790.37,25,2092.78,31391.7,Tarjeta Crédito,No,1937.04,49.1
V02259,2024-03-28,Ensenada,Ensenada-Maneadero,Electrónica,Celulares,Distribuidora BC,Vendedor_16,9,2076.1,25,1557.07,14013.63,Tarjeta Débito,Talla incorrecta,1446.85,53.5
V02260,2025-04-19,Tecate,Tecate-Centro,Ropa,Calcetines,Distribuidora BC,Vendedor_04,13,1229.92,15,1045.43,13590.59,Tarjeta Débito,No,665.62,37.2
V02261,2024-02-13,San Quintín,San Quintín-Central,Ropa,Zapatos,Abastos del Pacífico,Vendedor_08,18,293.5,0,293.5,5283.0,Efectivo,No,186.6,35.3
V02262,2025-04-22,Mexicali,Mexicali-Nueva,Ropa,Chamarras,Mayoreo TJ,Vendedor_26,17,7954.1,0,7954.1,135219.7,Efectivo,Duplicado,3657.52,33.9
V02263,2024-12-27,San Quintín,San Quintín-Central,Electrónica,Celulares,Surtimax,Vendedor_05,14,5111.58,5,4856.0,67984.0,Tarjeta Débito,Cambio de opinión,2303.62,20.3
V02264,2025-04-26,Tijuana,Tijuana-Zona Río,Hogar,Muebles,Distribuidora BC,Vendedor_14,18,4425.78,0,4425.78,79664.04,Tarjeta Débito,Cambio de opinión,2533.82,42.9
V02265,2024-12-05,Mexicali,Mexicali-Nueva,Hogar,Decoración,Proveedor Norte SA,Vendedor_01,12,576.47,15,490.0,5880.0,Tarjeta Crédito,Talla incorrecta,386.96,16.3
V02266,2024-06-26,Tijuana,Tijuana-Zona Río,Alimentos,Panadería,Proveedor Norte SA,Vendedor_01,14,5694.54,0,5694.54,79723.56,Tarjeta Débito,Duplicado,3158.11,54.8
V02267,2024-07-13,Mexicali,Mexicali-Centro,Ropa,Ropa Interior,Mayoreo TJ,Vendedor_29,1,354.38,5,336.66,336.66,Tarjeta Crédito,Cambio de opinión,176.97,33.3
V02268,2024-01-31,Mexicali,Mexicali-Nueva,Electrónica,Cables,Distribuidora BC,Vendedor_28,18,6151.78,0,6151.78,110732.04,Transferencia,No,3859.42,23.8
V02269,2024-01-10,Tecate,Tecate-Centro,Ferretería,Selladores,Importaciones Mex,Vendedor_28,10,6697.38,25,5023.03,50230.3,Efectivo,Duplicado,3439.51,26.1
V02270,2025-04-20,Ensenada,Ensenada-Centro,Electrónica,Cables,Proveedor Norte SA,Vendedor_22,9,841.74,20,673.39,6060.51,Vale Despensa,Defecto de fábrica,439.26,46.6
V02271,2025-02-20,Ensenada,Ensenada-Centro,Electrónica,Cargadores,Mayoreo TJ,Vendedor_19,16,5844.5,0,5844.5,93512.0,Transferencia,Cambio de opinión,3842.96,21.8
V02272,2024-11-21,Tijuana,Tijuana-Zona Río,Ropa,Chamarras,Abastos del Pacífico,Vendedor_20,1,812.35,15,690.5,690.5,Vale Despensa,Defecto de fábrica,564.22,31.6
V02273,2024-06-12,San Quintín,San Quintín-Central,Electrónica,Cargadores,Mayoreo TJ,Vendedor_05,12,6699.84,15,5694.86,68338.32,Vale Despensa,Duplicado,4581.77,28.0
V02274,2024-10-04,Rosarito,Rosarito-Principal,Hogar,Cortinas,Logística Frontera,Vendedor_16,12,5105.89,5,4850.6,58207.2,Transferencia,Defecto de fábrica,2520.21,28.6
V02275,2024-04-28,San Quintín,San Quintín-Central,Ferretería,Adhesivos,Mayoreo TJ,Vendedor_27,3,421.45,0,421.45,1264.35,Tarjeta Crédito,No,223.3,42.4
V02276,2025-03-31,Mexicali,Mexicali-Baja,Hogar,Cobijas,Proveedor Norte SA,Vendedor_08,3,3244.83,5,3082.59,9247.77,Efectivo,Cambio de opinión,1666.81,53.6
V02277,2024-11-12,Rosarito,Rosarito-Principal,Farmacia,Termómetros,Mayoreo TJ,Vendedor_20,3,985.98,20,788.78,2366.34,Tarjeta Débito,No cumplió expectativas,534.4,43.1
V02278,2024-11-29,San Quintín,San Quintín-Central,Farmacia,Bebés,Abastos del Pacífico,Vendedor_15,2,4790.25,0,4790.25,9580.5,Tarjeta Crédito,No,2688.43,39.0
V02279,2024-11-08,Tijuana,Tijuana-Garita,Farmacia,Cuidado Personal,Comercial Baja,Vendedor_14,1,6292.77,5,5978.13,5978.13,Tarjeta Débito,No,3527.34,25.0
V02280,2025-04-20,San Quintín,San Quintín-Central,Electrónica,Cables,Distribuidora BC,Vendedor_29,17,54.47,15,46.3,787.1,Tarjeta Crédito,Defecto de fábrica,33.49,53.6
V02281,2024-01-08,Mexicali,Mexicali-Centro,Ropa,Zapatos,Importaciones Mex,Vendedor_09,2,3062.38,20,2449.9,4899.8,Transferencia,No,1709.28,44.9
V02282,2025-02-03,Mexicali,Mexicali-Nueva,Ferretería,Plomería,Distribuidora BC,Vendedor_24,9,105.91,25,79.43,714.87,Tarjeta Débito,Talla incorrecta,67.0,37.9
V02283,2024-02-19,San Quintín,San Quintín-Central,Ferretería,Tornillería,Importaciones Mex,Vendedor_17,13,3759.01,15,3195.16,41537.08,Transferencia,Duplicado,2394.65,50.3
V02284,2024-04-17,San Quintín,San Quintín-Central,Ropa,Ropa Interior,Logística Frontera,Vendedor_25,17,5884.35,20,4707.48,80027.16,Tarjeta Débito,No,4073.67,33.7
V02285,2025-05-23,San Quintín,San Quintín-Central,Electrónica,Televisores,Logística Frontera,Vendedor_20,8,5178.15,25,3883.61,31068.88,Vale Despensa,No,3599.1,49.0
V02286,2024-10-10,San Quintín,San Quintín-Central,Alimentos,Conservas,Proveedor Norte SA,Vendedor_15,10,3727.31,10,3354.58,33545.8,Transferencia,Talla incorrecta,2219.18,48.1
V02287,2024-08-25,San Quintín,San Quintín-Central,Ropa,Calcetines,Comercial Baja,Vendedor_27,10,5139.98,15,4368.98,43689.8,Tarjeta Crédito,Cambio de opinión,3589.65,19.4
V02288,2024-12-03,Tecate,Tecate-Centro,Farmacia,Primeros Auxilios,Proveedor Norte SA,Vendedor_15,20,2033.41,5,1931.74,38634.8,Vale Despensa,No,1272.94,37.9
V02289,2024-12-03,Tecate,Tecate-Centro,Ferretería,Adhesivos,Distribuidora BC,Vendedor_13,16,3630.99,5,3449.44,55191.04,Transferencia,No,2111.65,54.8
V02290,2025-03-29,Mexicali,Mexicali-Baja,Farmacia,Medicamentos,Comercial Baja,Vendedor_15,2,3936.01,5,3739.21,7478.42,Transferencia,Talla incorrecta,1863.62,51.8
V02291,2024-08-11,San Quintín,San Quintín-Central,Alimentos,Snacks,Mayoreo TJ,Vendedor_05,16,5153.25,0,5153.25,82452.0,Tarjeta Débito,No,2573.24,43.5
V02292,2024-12-14,Ensenada,Ensenada-Maneadero,Electrónica,Tabletas,Surtimax,Vendedor_22,19,7238.31,20,5790.65,110022.35,Efectivo,No cumplió expectativas,4574.69,24.0
V02293,2024-11-17,Mexicali,Mexicali-Nueva,Hogar,Decoración,Distribuidora BC,Vendedor_10,8,1604.76,25,1203.57,9628.56,Vale Despensa,No,902.87,25.5
V02294,2025-05-08,San Quintín,San Quintín-Central,Ropa,Vestidos,Distribuidora BC,Vendedor_10,9,7750.2,5,7362.69,66264.21,Transferencia,No,5022.54,28.2
V02295,2024-02-12,Tijuana,Tijuana-Zona Río,Ropa,Ropa Interior,Proveedor Norte SA,Vendedor_02,15,2546.01,15,2164.11,32461.65,Transferencia,No cumplió expectativas,1217.98,25.1
V02296,2024-10-07,Mexicali,Mexicali-Baja,Alimentos,Panadería,Abastos del Pacífico,Vendedor_04,19,7499.29,15,6374.4,121113.6,Tarjeta Débito,No,3576.74,37.5
V02297,2024-11-28,San Quintín,San Quintín-Central,Farmacia,Higiene,Comercial Baja,Vendedor_24,14,3846.99,0,3846.99,53857.86,Transferencia,Defecto de fábrica,1830.56,21.2
V02298,2025-01-30,Mexicali,Mexicali-Nueva,Farmacia,Cuidado Personal,Logística Frontera,Vendedor_14,12,5266.91,0,5266.91,63202.92,Vale Despensa,Cambio de opinión,3285.2,24.9
V02299,2024-12-06,Tijuana,Tijuana-Playas,Alimentos,Conservas,Mayoreo TJ,Vendedor_14,19,2624.54,15,2230.86,42386.34,Tarjeta Débito,Defecto de fábrica,1644.07,32.1
V02300,2024-05-20,Tecate,Tecate-Centro,Hogar,Utensilios,Abastos del Pacífico,Vendedor_28,8,7387.31,5,7017.94,56143.52,Tarjeta Débito,No,4389.09,39.0
V02301,2025-01-21,Ensenada,Ensenada-Maneadero,Electrónica,Televisores,Abastos del Pacífico,Vendedor_29,13,4180.41,5,3971.39,51628.07,Vale Despensa,No cumplió expectativas,1899.34,52.9
V02302,2025-02-14,Mexicali,Mexicali-Centro,Electrónica,Cámaras,Comercial Baja,Vendedor_25,1,3027.47,15,2573.35,2573.35,Vale Despensa,Talla incorrecta,1390.46,40.7
V02303,2024-02-09,Tecate,Tecate-Centro,Farmacia,Vitaminas,Importaciones Mex,Vendedor_19,6,7651.68,0,7651.68,45910.08,Tarjeta Débito,Defecto de fábrica,3926.94,39.5
V02304,2024-07-05,Tecate,Tecate-Centro,Ferretería,Brochas,Importaciones Mex,Vendedor_22,13,7157.67,0,7157.67,93049.71,Tarjeta Débito,Talla incorrecta,4571.8,47.7
V02305,2024-05-30,Rosarito,Rosarito-Principal,Farmacia,Higiene,Proveedor Norte SA,Vendedor_28,20,4645.03,20,3716.02,74320.4,Tarjeta Crédito,Talla incorrecta,2350.77,34.2
V02306,2024-08-26,Mexicali,Mexicali-Centro,Hogar,Muebles,Comercial Baja,Vendedor_24,5,6933.84,0,6933.84,34669.2,Tarjeta Crédito,No,3435.42,46.2
V02307,2024-05-28,Ensenada,Ensenada-Maneadero,Ferretería,Adhesivos,Abastos del Pacífico,Vendedor_07,6,3953.41,25,2965.06,17790.36,Tarjeta Débito,Defecto de fábrica,1935.96,41.4
V02308,2024-09-21,San Quintín,San Quintín-Central,Electrónica,Celulares,Abastos del Pacífico,Vendedor_12,10,3400.04,0,3400.04,34000.4,Vale Despensa,No,2022.68,20.5
V02309,2025-03-12,Ensenada,Ensenada-Maneadero,Hogar,Muebles,Comercial Baja,Vendedor_05,1,6764.91,20,5411.93,5411.93,Tarjeta Crédito,Cambio de opinión,4594.75,55.0
V02310,2025-04-25,Mexicali,Mexicali-Baja,Hogar,Cojines,Logística Frontera,Vendedor_01,9,3651.74,25,2738.8,24649.2,Transferencia,No,1646.57,42.9
V02311,2025-03-20,Rosarito,Rosarito-Principal,Hogar,Decoración,Mayoreo TJ,Vendedor_29,2,3854.48,25,2890.86,5781.72,Vale Despensa,Talla incorrecta,2229.77,39.3
V02312,2024-05-19,Mexicali,Mexicali-Nueva,Alimentos,Lácteos,Mayoreo TJ,Vendedor_29,20,3221.14,0,3221.14,64422.8,Transferencia,No,2002.76,17.8
V02313,2024-07-19,San Quintín,San Quintín-Central,Alimentos,Bebidas,Distribuidora BC,Vendedor_21,11,3528.5,0,3528.5,38813.5,Vale Despensa,No,2418.35,16.3
V02314,2025-01-22,Tecate,Tecate-Centro,Ferretería,Herramientas,Comercial Baja,Vendedor_28,13,6369.44,0,6369.44,82802.72,Vale Despensa,Cambio de opinión,4200.83,40.4
V02315,2024-05-16,Mexicali,Mexicali-Baja,Ferretería,Plomería,Surtimax,Vendedor_08,9,7185.66,0,7185.66,64670.94,Tarjeta Crédito,No,4441.19,25.8
V02316,2024-01-21,Tecate,Tecate-Centro,Electrónica,Laptops,Comercial Baja,Vendedor_01,18,7817.98,10,7036.18,126651.24,Efectivo,No,4439.21,42.7
V02317,2025-04-23,San Quintín,San Quintín-Central,Hogar,Lámparas,Proveedor Norte SA,Vendedor_16,16,2967.8,0,2967.8,47484.8,Tarjeta Crédito,Talla incorrecta,1378.7,24.0
V02318,2024-10-27,Tecate,Tecate-Centro,Farmacia,Termómetros,Distribuidora BC,Vendedor_22,5,4796.97,25,3597.73,17988.65,Efectivo,No,2551.42,17.7
V02319,2025-05-23,Tijuana,Tijuana-Zona Río,Electrónica,Televisores,Surtimax,Vendedor_01,4,5426.47,0,5426.47,21705.88,Tarjeta Débito,No,2457.95,16.9
V02320,2024-06-28,Ensenada,Ensenada-Maneadero,Ferretería,Brochas,Distribuidora BC,Vendedor_01,20,1349.6,5,1282.12,25642.4,Tarjeta Débito,Defecto de fábrica,816.54,50.4
V02321,2025-03-08,Ensenada,Ensenada-Maneadero,Alimentos,Condimentos,Comercial Baja,Vendedor_24,8,5411.79,15,4600.02,36800.16,Tarjeta Crédito,No,2779.5,45.4
V02322,2024-10-15,Ensenada,Ensenada-Centro,Hogar,Utensilios,Abastos del Pacífico,Vendedor_10,2,5368.15,0,5368.15,10736.3,Efectivo,Talla incorrecta,2884.34,43.8
V02323,2025-04-14,Tecate,Tecate-Centro,Electrónica,Cargadores,Importaciones Mex,Vendedor_28,8,788.68,5,749.25,5994.0,Transferencia,No,510.55,46.8
V02324,2024-11-23,Tecate,Tecate-Centro,Hogar,Lámparas,Comercial Baja,Vendedor_25,1,5961.16,20,4768.93,4768.93,Efectivo,No,3887.17,33.3
V02325,2024-03-21,Rosarito,Rosarito-Principal,Alimentos,Panadería,Logística Frontera,Vendedor_19,17,4942.25,20,3953.8,67214.6,Vale Despensa,Cambio de opinión,2267.08,17.3
V02326,2024-09-18,Ensenada,Ensenada-Maneadero,Ropa,Chamarras,Surtimax,Vendedor_01,15,5889.05,15,5005.69,75085.35,Vale Despensa,Cambio de opinión,3558.76,37.3
V02327,2025-03-27,Mexicali,Mexicali-Centro,Alimentos,Conservas,Distribuidora BC,Vendedor_04,5,6130.58,15,5210.99,26054.95,Efectivo,No,2897.51,53.5
V02328,2025-03-10,San Quintín,San Quintín-Central,Farmacia,Vitaminas,Surtimax,Vendedor_20,14,7699.17,10,6929.25,97009.5,Tarjeta Débito,No,5040.08,18.1
V02329,2024-10-08,Ensenada,Ensenada-Maneadero,Electrónica,Tabletas,Proveedor Norte SA,Vendedor_29,7,465.91,25,349.43,2446.01,Efectivo,No,312.71,20.9
V02330,2024-01-09,Tecate,Tecate-Centro,Ropa,Ropa Interior,Surtimax,Vendedor_10,5,4948.79,25,3711.59,18557.95,Vale Despensa,No,3249.17,47.9
V02331,2024-10-15,Rosarito,Rosarito-Principal,Ferretería,Pinturas,Logística Frontera,Vendedor_20,3,5760.18,0,5760.18,17280.54,Vale Despensa,No,2995.35,27.2
V02332,2024-09-15,Tijuana,Tijuana-Playas,Ropa,Zapatos,Mayoreo TJ,Vendedor_03,16,7487.03,0,7487.03,119792.48,Tarjeta Crédito,No,4173.61,33.3
V02333,2024-07-04,Tecate,Tecate-Centro,Ferretería,Herramientas,Comercial Baja,Vendedor_28,5,6478.94,15,5507.1,27535.5,Transferencia,No,3919.23,35.1
V02334,2024-10-12,San Quintín,San Quintín-Central,Ferretería,Brochas,Logística Frontera,Vendedor_29,10,7528.63,15,6399.34,63993.4,Transferencia,No,4815.48,53.7
V02335,2024-08-06,Mexicali,Mexicali-Baja,Electrónica,Laptops,Proveedor Norte SA,Vendedor_23,19,7348.64,0,7348.64,139624.16,Tarjeta Crédito,No,5075.27,32.4
V02336,2025-01-20,San Quintín,San Quintín-Central,Alimentos,Bebidas,Proveedor Norte SA,Vendedor_04,9,7903.58,5,7508.4,67575.6,Tarjeta Débito,Duplicado,5216.95,48.7
V02337,2025-02-20,Rosarito,Rosarito-Principal,Alimentos,Condimentos,Distribuidora BC,Vendedor_12,12,4852.14,20,3881.71,46580.52,Transferencia,Talla incorrecta,2855.95,31.1
V02338,2024-01-29,San Quintín,San Quintín-Central,Farmacia,Cuidado Personal,Surtimax,Vendedor_20,15,6949.1,0,6949.1,104236.5,Tarjeta Crédito,No,4027.8,49.7
V02339,2024-11-02,Mexicali,Mexicali-Centro,Hogar,Muebles,Importaciones Mex,Vendedor_02,15,1093.99,0,1093.99,16409.85,Tarjeta Débito,Duplicado,721.21,53.4
V02340,2024-10-18,Mexicali,Mexicali-Nueva,Farmacia,Termómetros,Comercial Baja,Vendedor_28,6,585.88,20,468.7,2812.2,Tarjeta Crédito,Cambio de opinión,324.92,49.5
V02341,2024-07-09,Tijuana,Tijuana-Otay,Farmacia,Vitaminas,Comercial Baja,Vendedor_18,16,1717.17,0,1717.17,27474.72,Efectivo,No,1161.74,31.6
V02342,2024-12-28,Ensenada,Ensenada-Maneadero,Alimentos,Conservas,Surtimax,Vendedor_23,8,4133.12,20,3306.5,26452.0,Tarjeta Crédito,No,1942.47,52.2
V02343,2025-01-25,Mexicali,Mexicali-Nueva,Ferretería,Tornillería,Proveedor Norte SA,Vendedor_30,6,2741.78,0,2741.78,16450.68,Tarjeta Crédito,No,1805.59,39.5
V02344,2024-02-06,Tecate,Tecate-Centro,Ropa,Vestidos,Mayoreo TJ,Vendedor_02,15,7948.61,10,7153.75,107306.25,Tarjeta Débito,No,3734.34,23.8
V02345,2024-06-12,San Quintín,San Quintín-Central,Ferretería,Brochas,Importaciones Mex,Vendedor_28,7,774.81,0,774.81,5423.67,Transferencia,Defecto de fábrica,531.64,35.9
V02346,2024-12-12,Ensenada,Ensenada-Centro,Hogar,Cortinas,Comercial Baja,Vendedor_05,14,4383.86,0,4383.86,61374.04,Vale Despensa,No cumplió expectativas,2479.91,30.1
V02347,2024-08-19,Tijuana,Tijuana-Otay,Ropa,Camisas,Comercial Baja,Vendedor_03,15,4071.26,25,3053.45,45801.75,Efectivo,Cambio de opinión,2246.01,41.6
V02348,2024-09-05,Mexicali,Mexicali-Centro,Alimentos,Conservas,Abastos del Pacífico,Vendedor_06,16,6515.46,15,5538.14,88610.24,Tarjeta Débito,No,4485.96,20.2
V02349,2024-12-13,Tecate,Tecate-Centro,Farmacia,Medicamentos,Surtimax,Vendedor_23,7,494.68,15,420.48,2943.36,Vale Despensa,No,280.71,17.4
V02350,2024-01-24,Mexicali,Mexicali-Baja,Ropa,Vestidos,Mayoreo TJ,Vendedor_26,15,1403.21,15,1192.73,17890.95,Tarjeta Crédito,Cambio de opinión,646.09,44.1
V02351,2024-08-16,Mexicali,Mexicali-Baja,Alimentos,Conservas,Comercial Baja,Vendedor_29,17,2358.31,20,1886.65,32073.05,Transferencia,No,1444.02,26.7
V02352,2025-02-13,Tijuana,Tijuana-La Mesa,Hogar,Lámparas,Importaciones Mex,Vendedor_17,10,2909.5,20,2327.6,23276.0,Transferencia,No,1921.29,54.5
V02353,2024-09-27,Ensenada,Ensenada-Maneadero,Ferretería,Herramientas,Comercial Baja,Vendedor_24,17,2411.31,10,2170.18,36893.06,Tarjeta Débito,No,1210.01,43.5
V02354,2025-04-21,Rosarito,Rosarito-Principal,Farmacia,Higiene,Proveedor Norte SA,Vendedor_01,12,2303.22,15,1957.74,23492.88,Transferencia,No,1549.59,24.6
V02355,2024-02-02,Rosarito,Rosarito-Principal,Alimentos,Panadería,Abastos del Pacífico,Vendedor_01,9,7673.15,20,6138.52,55246.68,Vale Despensa,No,4593.61,23.3
V02356,2024-01-30,Tijuana,Tijuana-Otay,Farmacia,Medicamentos,Importaciones Mex,Vendedor_24,19,1841.84,5,1749.75,33245.25,Vale Despensa,Talla incorrecta,1058.51,49.7
V02357,2024-02-24,Tecate,Tecate-Centro,Ferretería,Plomería,Distribuidora BC,Vendedor_02,18,2019.62,20,1615.7,29082.6,Vale Despensa,No,1248.96,52.9
V02358,2025-02-17,Ensenada,Ensenada-Centro,Ropa,Gorras,Proveedor Norte SA,Vendedor_05,11,2277.62,5,2163.74,23801.14,Transferencia,No,1304.51,35.5
V02359,2025-01-11,Tecate,Tecate-Centro,Alimentos,Cereales,Logística Frontera,Vendedor_12,20,2958.22,20,2366.58,47331.6,Transferencia,No,1583.11,28.7
V02360,2025-01-31,Rosarito,Rosarito-Principal,Alimentos,Snacks,Distribuidora BC,Vendedor_15,8,7133.71,15,6063.65,48509.2,Efectivo,No cumplió expectativas,3745.84,29.6
V02361,2024-05-14,Ensenada,Ensenada-Centro,Ferretería,Plomería,Mayoreo TJ,Vendedor_26,11,5012.91,0,5012.91,55142.01,Efectivo,No,3436.86,50.8
V02362,2024-07-08,Rosarito,Rosarito-Principal,Electrónica,Cables,Logística Frontera,Vendedor_27,3,5218.39,0,5218.39,15655.17,Tarjeta Crédito,Talla incorrecta,2989.39,43.4
V02363,2025-01-29,Ensenada,Ensenada-Centro,Electrónica,Tabletas,Logística Frontera,Vendedor_15,16,370.86,0,370.86,5933.76,Tarjeta Débito,No,169.27,44.2
V02364,2024-06-25,Rosarito,Rosarito-Principal,Alimentos,Snacks,Mayoreo TJ,Vendedor_24,8,1549.0,15,1316.65,10533.2,Tarjeta Crédito,Talla incorrecta,1037.08,26.4
V02365,2024-10-23,San Quintín,San Quintín-Central,Ferretería,Plomería,Logística Frontera,Vendedor_03,8,7989.41,20,6391.53,51132.24,Tarjeta Débito,Defecto de fábrica,5187.56,18.5
V02366,2024-03-03,Rosarito,Rosarito-Principal,Alimentos,Lácteos,Logística Frontera,Vendedor_30,19,2860.98,15,2431.83,46204.77,Transferencia,Defecto de fábrica,1722.15,25.1
V02367,2024-03-29,Mexicali,Mexicali-Nueva,Ropa,Vestidos,Distribuidora BC,Vendedor_26,1,2633.09,20,2106.47,2106.47,Efectivo,No,1319.14,27.1
V02368,2025-03-18,San Quintín,San Quintín-Central,Alimentos,Conservas,Comercial Baja,Vendedor_14,7,3810.28,5,3619.77,25338.39,Vale Despensa,No cumplió expectativas,2110.91,22.4
V02369,2024-06-18,Mexicali,Mexicali-Baja,Ropa,Pantalones,Distribuidora BC,Vendedor_29,1,6155.63,0,6155.63,6155.63,Tarjeta Débito,No,3543.34,54.8
V02370,2024-02-21,Tijuana,Tijuana-Garita,Alimentos,Panadería,Distribuidora BC,Vendedor_19,20,4505.84,0,4505.84,90116.8,Transferencia,No,2790.72,27.1
V02371,2024-02-06,Ensenada,Ensenada-Centro,Ropa,Pantalones,Mayoreo TJ,Vendedor_03,19,6604.79,0,6604.79,125491.01,Tarjeta Débito,No,3289.5,30.7
V02372,2025-02-12,Rosarito,Rosarito-Principal,Electrónica,Cámaras,Proveedor Norte SA,Vendedor_10,14,7674.85,5,7291.11,102075.54,Efectivo,No,5202.17,18.4
V02373,2024-02-06,San Quintín,San Quintín-Central,Farmacia,Vitaminas,Proveedor Norte SA,Vendedor_04,10,4966.13,25,3724.6,37246.0,Tarjeta Débito,No,3131.36,46.3
V02374,2025-05-19,Tijuana,Tijuana-Otay,Alimentos,Panadería,Logística Frontera,Vendedor_29,1,4759.85,20,3807.88,3807.88,Vale Despensa,Talla incorrecta,2706.87,30.6
V02375,2025-04-15,Tijuana,Tijuana-La Mesa,Hogar,Decoración,Importaciones Mex,Vendedor_03,12,6021.48,0,6021.48,72257.76,Transferencia,No cumplió expectativas,3847.58,23.4
V02376,2024-02-26,Tecate,Tecate-Centro,Ropa,Gorras,Comercial Baja,Vendedor_28,3,7679.46,0,7679.46,23038.38,Efectivo,No,5287.51,45.4
V02377,2024-01-14,Rosarito,Rosarito-Principal,Ropa,Camisas,Logística Frontera,Vendedor_13,1,3424.98,25,2568.74,2568.74,Vale Despensa,No,2279.89,53.7
V02378,2025-04-17,Tecate,Tecate-Centro,Farmacia,Higiene,Proveedor Norte SA,Vendedor_16,7,7895.18,5,7500.42,52502.94,Efectivo,Defecto de fábrica,5017.76,27.7
V02379,2024-02-19,Tijuana,Tijuana-Garita,Ferretería,Brochas,Abastos del Pacífico,Vendedor_07,9,6939.85,0,6939.85,62458.65,Tarjeta Débito,No,3439.75,26.9
V02380,2024-06-24,Tijuana,Tijuana-La Mesa,Alimentos,Condimentos,Comercial Baja,Vendedor_11,20,2380.56,5,2261.53,45230.6,Vale Despensa,Duplicado,1507.02,48.6
V02381,2024-12-11,Tecate,Tecate-Centro,Ropa,Ropa Interior,Surtimax,Vendedor_11,12,7311.01,0,7311.01,87732.12,Efectivo,Cambio de opinión,3676.66,45.8
V02382,2025-03-14,Rosarito,Rosarito-Principal,Electrónica,Tabletas,Importaciones Mex,Vendedor_18,8,7358.74,0,7358.74,58869.92,Transferencia,No,3671.0,50.1
V02383,2024-08-29,San Quintín,San Quintín-Central,Ropa,Zapatos,Logística Frontera,Vendedor_15,9,4278.52,0,4278.52,38506.68,Tarjeta Crédito,No,2480.35,31.5
V02384,2025-02-06,Ensenada,Ensenada-Maneadero,Farmacia,Termómetros,Comercial Baja,Vendedor_25,4,7552.65,10,6797.39,27189.56,Efectivo,Duplicado,3644.66,31.0
V02385,2025-02-13,Tijuana,Tijuana-La Mesa,Alimentos,Conservas,Distribuidora BC,Vendedor_09,16,7127.58,25,5345.68,85530.88,Tarjeta Crédito,Defecto de fábrica,4122.21,15.2
V02386,2025-03-25,Tijuana,Tijuana-Garita,Farmacia,Primeros Auxilios,Distribuidora BC,Vendedor_23,12,2061.84,0,2061.84,24742.08,Tarjeta Crédito,No cumplió expectativas,1294.49,43.1
V02387,2024-02-01,Tijuana,Tijuana-Garita,Hogar,Almohadas,Abastos del Pacífico,Vendedor_03,13,990.19,10,891.17,11585.21,Efectivo,Duplicado,573.42,21.7
V02388,2024-12-25,San Quintín,San Quintín-Central,Alimentos,Conservas,Mayoreo TJ,Vendedor_24,13,2751.29,10,2476.16,32190.08,Transferencia,Cambio de opinión,1582.53,24.9
V02389,2024-07-22,Rosarito,Rosarito-Principal,Ropa,Gorras,Logística Frontera,Vendedor_21,1,3644.01,10,3279.61,3279.61,Tarjeta Crédito,Cambio de opinión,1895.62,28.5
V02390,2024-08-24,Rosarito,Rosarito-Principal,Farmacia,Anteojos,Distribuidora BC,Vendedor_03,1,6314.04,0,6314.04,6314.04,Vale Despensa,Defecto de fábrica,4349.24,40.7
V02391,2025-04-27,Mexicali,Mexicali-Centro,Hogar,Cobijas,Mayoreo TJ,Vendedor_23,19,7653.87,20,6123.1,116338.9,Efectivo,Cambio de opinión,4691.12,44.1
V02392,2024-11-28,Tecate,Tecate-Centro,Hogar,Cojines,Proveedor Norte SA,Vendedor_26,19,4303.88,0,4303.88,81773.72,Vale Despensa,No,2145.14,16.2
V02393,2024-07-12,San Quintín,San Quintín-Central,Hogar,Decoración,Logística Frontera,Vendedor_28,3,313.51,0,313.51,940.53,Efectivo,No,159.93,47.6
V02394,2024-02-04,San Quintín,San Quintín-Central,Ferretería,Electricidad,Abastos del Pacífico,Vendedor_06,15,1551.11,25,1163.33,17449.95,Transferencia,Defecto de fábrica,1057.84,28.2
V02395,2024-12-29,San Quintín,San Quintín-Central,Farmacia,Vitaminas,Logística Frontera,Vendedor_20,20,2473.8,0,2473.8,49476.0,Transferencia,Cambio de opinión,1377.75,28.2
V02396,2024-05-13,Mexicali,Mexicali-Centro,Farmacia,Termómetros,Surtimax,Vendedor_06,14,6748.43,15,5736.17,80306.38,Vale Despensa,No,3049.87,15.5
V02397,2024-10-18,Tecate,Tecate-Centro,Farmacia,Termómetros,Mayoreo TJ,Vendedor_08,15,1677.31,10,1509.58,22643.7,Tarjeta Crédito,No,1037.48,47.6
V02398,2025-05-13,San Quintín,San Quintín-Central,Ferretería,Plomería,Proveedor Norte SA,Vendedor_02,9,6595.33,20,5276.26,47486.34,Efectivo,Talla incorrecta,3701.56,33.6
V02399,2025-02-18,Tijuana,Tijuana-Otay,Farmacia,Primeros Auxilios,Importaciones Mex,Vendedor_02,15,5108.25,15,4342.01,65130.15,Tarjeta Crédito,Talla incorrecta,3414.81,46.1
V02400,2024-09-08,Rosarito,Rosarito-Principal,Ferretería,Electricidad,Surtimax,Vendedor_25,6,764.4,10,687.96,4127.76,Tarjeta Débito,No,494.41,50.5
V02401,2025-02-19,Rosarito,Rosarito-Principal,Farmacia,Cuidado Personal,Distribuidora BC,Vendedor_22,12,3892.98,25,2919.74,35036.88,Tarjeta Débito,No,1798.83,20.5
V02402,2024-03-25,Ensenada,Ensenada-Maneadero,Alimentos,Condimentos,Mayoreo TJ,Vendedor_29,4,7607.16,25,5705.37,22821.48,Efectivo,No,5012.72,49.6
V02403,2024-05-03,Tecate,Tecate-Centro,Farmacia,Primeros Auxilios,Abastos del Pacífico,Vendedor_04,16,630.23,0,630.23,10083.68,Efectivo,Talla incorrecta,330.98,31.1
V02404,2025-04-13,Ensenada,Ensenada-Maneadero,Farmacia,Vitaminas,Logística Frontera,Vendedor_06,2,7744.3,5,7357.09,14714.18,Tarjeta Crédito,No,5175.44,34.6
V02405,2025-05-22,San Quintín,San Quintín-Central,Farmacia,Higiene,Proveedor Norte SA,Vendedor_02,10,1967.34,25,1475.5,14755.0,Transferencia,No,1160.89,50.5
V02406,2024-03-29,San Quintín,San Quintín-Central,Alimentos,Carnes Frías,Proveedor Norte SA,Vendedor_18,6,1422.03,0,1422.03,8532.18,Tarjeta Débito,No,908.3,31.2
V02407,2024-05-31,Rosarito,Rosarito-Principal,Ferretería,Selladores,Abastos del Pacífico,Vendedor_12,1,5343.46,20,4274.77,4274.77,Tarjeta Débito,No,3138.37,23.6
V02408,2024-05-16,Rosarito,Rosarito-Principal,Hogar,Lámparas,Proveedor Norte SA,Vendedor_27,17,3308.44,20,2646.75,44994.75,Efectivo,Talla incorrecta,1645.05,54.7
V02409,2024-03-03,Tecate,Tecate-Centro,Farmacia,Medicamentos,Abastos del Pacífico,Vendedor_30,16,3603.79,5,3423.6,54777.6,Transferencia,No,2298.73,52.6
V02410,2024-08-28,Mexicali,Mexicali-Centro,Electrónica,Cámaras,Logística Frontera,Vendedor_20,19,6414.36,0,6414.36,121872.84,Tarjeta Débito,Cambio de opinión,3964.69,42.7
V02411,2025-02-23,Tecate,Tecate-Centro,Ferretería,Brochas,Proveedor Norte SA,Vendedor_28,20,6928.59,0,6928.59,138571.8,Transferencia,No,4500.89,41.9
V02412,2025-02-08,Ensenada,Ensenada-Maneadero,Hogar,Decoración,Logística Frontera,Vendedor_03,16,3561.05,20,2848.84,45581.44,Vale Despensa,No,2056.36,35.1
V02413,2024-07-17,Tecate,Tecate-Centro,Hogar,Cortinas,Surtimax,Vendedor_25,2,4640.29,0,4640.29,9280.58,Tarjeta Débito,Cambio de opinión,2963.75,17.4
V02414,2024-09-18,Tecate,Tecate-Centro,Hogar,Cojines,Mayoreo TJ,Vendedor_30,13,513.86,0,513.86,6680.18,Tarjeta Crédito,No,353.59,23.9
V02415,2024-02-10,Tijuana,Tijuana-Zona Río,Farmacia,Medicamentos,Importaciones Mex,Vendedor_11,9,7992.8,25,5994.6,53951.4,Efectivo,No,4461.34,28.7
V02416,2024-05-05,San Quintín,San Quintín-Central,Alimentos,Condimentos,Surtimax,Vendedor_23,12,3227.71,25,2420.78,29049.36,Vale Despensa,No cumplió expectativas,1613.94,45.4
V02417,2025-02-21,Rosarito,Rosarito-Principal,Electrónica,Cargadores,Importaciones Mex,Vendedor_07,13,6732.47,5,6395.85,83146.05,Tarjeta Débito,No,3858.66,24.2
V02418,2024-08-24,Ensenada,Ensenada-Centro,Ropa,Ropa Interior,Mayoreo TJ,Vendedor_29,17,5592.36,0,5592.36,95070.12,Tarjeta Débito,No,3211.82,22.1
V02419,2024-02-24,Ensenada,Ensenada-Centro,Electrónica,Televisores,Logística Frontera,Vendedor_05,16,1902.97,5,1807.82,28925.12,Tarjeta Débito,Defecto de fábrica,975.74,50.8
V02420,2024-07-20,Mexicali,Mexicali-Nueva,Hogar,Muebles,Importaciones Mex,Vendedor_18,8,2173.43,5,2064.76,16518.08,Tarjeta Crédito,Talla incorrecta,1177.53,40.4
V02421,2025-04-20,Tijuana,Tijuana-Otay,Alimentos,Condimentos,Comercial Baja,Vendedor_04,9,7132.27,0,7132.27,64190.43,Vale Despensa,Duplicado,4143.43,43.4
V02422,2025-01-29,San Quintín,San Quintín-Central,Farmacia,Vitaminas,Proveedor Norte SA,Vendedor_29,19,3846.27,20,3077.02,58463.38,Transferencia,No,2015.25,48.8
V02423,2024-08-15,Ensenada,Ensenada-Maneadero,Alimentos,Lácteos,Mayoreo TJ,Vendedor_14,18,812.08,25,609.06,10963.08,Tarjeta Crédito,No,371.55,23.3
V02424,2025-01-06,Mexicali,Mexicali-Nueva,Hogar,Cojines,Importaciones Mex,Vendedor_09,17,5199.16,20,4159.33,70708.61,Tarjeta Débito,No,3023.54,37.2
V02425,2024-08-10,San Quintín,San Quintín-Central,Ropa,Gorras,Distribuidora BC,Vendedor_23,17,4928.19,25,3696.14,62834.38,Tarjeta Crédito,Duplicado,2245.85,21.6
V02426,2024-01-31,Rosarito,Rosarito-Principal,Ferretería,Selladores,Surtimax,Vendedor_01,3,7713.42,15,6556.41,19669.23,Transferencia,No cumplió expectativas,4311.63,50.1
V02427,2024-10-31,San Quintín,San Quintín-Central,Farmacia,Medicamentos,Abastos del Pacífico,Vendedor_16,8,3256.02,25,2442.01,19536.08,Efectivo,No,2174.07,48.2
V02428,2024-04-01,Rosarito,Rosarito-Principal,Ropa,Vestidos,Importaciones Mex,Vendedor_17,20,4498.14,15,3823.42,76468.4,Tarjeta Crédito,Defecto de fábrica,2232.43,20.9
V02429,2025-02-14,Tecate,Tecate-Centro,Ropa,Vestidos,Comercial Baja,Vendedor_10,19,870.15,15,739.63,14052.97,Tarjeta Débito,Duplicado,516.16,54.4
V02430,2024-07-24,Mexicali,Mexicali-Nueva,Ferretería,Electricidad,Surtimax,Vendedor_11,1,4939.94,10,4445.95,4445.95,Tarjeta Crédito,No,2735.19,32.4
V02431,2024-02-02,San Quintín,San Quintín-Central,Ropa,Pantalones,Mayoreo TJ,Vendedor_24,7,3785.94,25,2839.45,19876.15,Efectivo,Defecto de fábrica,1718.53,20.9
V02432,2025-02-03,Tecate,Tecate-Centro,Hogar,Almohadas,Importaciones Mex,Vendedor_24,12,1810.51,0,1810.51,21726.12,Tarjeta Débito,No,891.68,44.2
V02433,2025-02-04,Ensenada,Ensenada-Maneadero,Alimentos,Carnes Frías,Distribuidora BC,Vendedor_19,14,4807.2,0,4807.2,67300.8,Efectivo,Defecto de fábrica,2203.36,15.4
V02434,2025-02-27,Rosarito,Rosarito-Principal,Hogar,Muebles,Logística Frontera,Vendedor_30,5,5994.93,5,5695.18,28475.9,Transferencia,Cambio de opinión,3857.06,37.3
V02435,2024-04-03,Rosarito,Rosarito-Principal,Farmacia,Termómetros,Abastos del Pacífico,Vendedor_26,9,4137.08,15,3516.52,31648.68,Efectivo,No,2675.54,39.7
V02436,2025-01-09,Tijuana,Tijuana-Zona Río,Ropa,Gorras,Distribuidora BC,Vendedor_01,10,818.98,20,655.18,6551.8,Tarjeta Crédito,No,440.22,34.6
V02437,2025-05-20,Mexicali,Mexicali-Nueva,Alimentos,Cereales,Importaciones Mex,Vendedor_18,9,3510.87,10,3159.78,28438.02,Transferencia,Duplicado,2254.08,50.3
V02438,2024-12-19,San Quintín,San Quintín-Central,Ropa,Camisas,Importaciones Mex,Vendedor_15,14,5290.49,20,4232.39,59253.46,Vale Despensa,Talla incorrecta,3437.29,27.1
V02439,2024-09-27,Tecate,Tecate-Centro,Electrónica,Tabletas,Proveedor Norte SA,Vendedor_20,8,7814.48,10,7033.03,56264.24,Transferencia,No,4509.17,39.8
V02440,2024-09-02,Rosarito,Rosarito-Principal,Hogar,Cobijas,Abastos del Pacífico,Vendedor_09,5,5987.91,0,5987.91,29939.55,Transferencia,Defecto de fábrica,3895.46,53.1
V02441,2024-09-14,Mexicali,Mexicali-Baja,Ropa,Chamarras,Abastos del Pacífico,Vendedor_20,12,6207.5,5,5897.12,70765.44,Tarjeta Crédito,No,3067.75,19.5
V02442,2024-01-06,Tijuana,Tijuana-Playas,Hogar,Muebles,Proveedor Norte SA,Vendedor_07,3,6589.23,25,4941.92,14825.76,Tarjeta Crédito,No,4394.66,31.8
V02443,2025-05-03,Ensenada,Ensenada-Maneadero,Hogar,Muebles,Logística Frontera,Vendedor_15,7,7242.45,0,7242.45,50697.15,Tarjeta Crédito,No,4091.18,44.4
V02444,2024-04-28,Rosarito,Rosarito-Principal,Farmacia,Vitaminas,Proveedor Norte SA,Vendedor_25,6,3436.93,0,3436.93,20621.58,Tarjeta Débito,No,2171.3,47.6
V02445,2024-02-15,Tecate,Tecate-Centro,Alimentos,Cereales,Logística Frontera,Vendedor_04,19,5695.78,0,5695.78,108219.82,Tarjeta Crédito,Defecto de fábrica,3305.17,23.9
V02446,2024-04-12,Mexicali,Mexicali-Baja,Ropa,Calcetines,Surtimax,Vendedor_11,1,5731.46,20,4585.17,4585.17,Efectivo,Duplicado,3677.33,16.0
V02447,2024-02-01,Rosarito,Rosarito-Principal,Hogar,Cojines,Mayoreo TJ,Vendedor_28,4,6329.06,0,6329.06,25316.24,Tarjeta Crédito,Talla incorrecta,4130.74,49.2
V02448,2024-10-29,Tijuana,Tijuana-Zona Río,Electrónica,Cargadores,Distribuidora BC,Vendedor_07,3,4493.55,20,3594.84,10784.52,Transferencia,No,2724.75,44.0
V02449,2025-02-25,Tijuana,Tijuana-Playas,Alimentos,Bebidas,Comercial Baja,Vendedor_03,19,4625.92,5,4394.62,83497.78,Vale Despensa,No,2582.53,41.4
V02450,2024-07-27,Tijuana,Tijuana-La Mesa,Electrónica,Televisores,Surtimax,Vendedor_01,20,5153.98,0,5153.98,103079.6,Transferencia,No cumplió expectativas,3502.66,43.1
V02451,2024-05-23,Rosarito,Rosarito-Principal,Electrónica,Celulares,Importaciones Mex,Vendedor_09,7,7704.57,5,7319.34,51235.38,Vale Despensa,Talla incorrecta,4147.01,53.5
V02452,2024-03-15,Tijuana,Tijuana-Zona Río,Alimentos,Snacks,Comercial Baja,Vendedor_12,16,5342.52,5,5075.39,81206.24,Vale Despensa,No,3146.31,30.4
V02453,2024-07-04,San Quintín,San Quintín-Central,Alimentos,Snacks,Mayoreo TJ,Vendedor_24,3,3139.85,0,3139.85,9419.55,Efectivo,No,1922.9,51.7
V02454,2024-04-22,Tecate,Tecate-Centro,Electrónica,Cables,Abastos del Pacífico,Vendedor_02,6,2578.11,0,2578.11,15468.66,Efectivo,Talla incorrecta,1509.51,51.0
V02455,2024-03-01,San Quintín,San Quintín-Central,Farmacia,Cuidado Personal,Surtimax,Vendedor_12,7,7004.67,5,6654.44,46581.08,Vale Despensa,No cumplió expectativas,4684.05,35.3
V02456,2024-10-18,Tecate,Tecate-Centro,Electrónica,Cables,Abastos del Pacífico,Vendedor_18,4,6314.84,5,5999.1,23996.4,Vale Despensa,No,3948.53,54.9
V02457,2024-02-19,Tijuana,Tijuana-Garita,Ferretería,Selladores,Surtimax,Vendedor_01,18,5084.46,20,4067.57,73216.26,Tarjeta Crédito,Cambio de opinión,2495.55,17.6
V02458,2024-04-15,Tijuana,Tijuana-Otay,Hogar,Muebles,Proveedor Norte SA,Vendedor_09,9,4174.99,20,3339.99,30059.91,Tarjeta Crédito,No,2658.58,47.3
V02459,2024-09-19,Tijuana,Tijuana-Zona Río,Farmacia,Vitaminas,Importaciones Mex,Vendedor_09,4,5549.75,25,4162.31,16649.24,Transferencia,Defecto de fábrica,3279.8,25.5
V02460,2024-02-05,Rosarito,Rosarito-Principal,Electrónica,Cables,Mayoreo TJ,Vendedor_23,17,141.86,15,120.58,2049.86,Transferencia,No,73.14,30.9
V02461,2024-09-21,Rosarito,Rosarito-Principal,Farmacia,Bebés,Logística Frontera,Vendedor_03,16,4593.41,0,4593.41,73494.56,Tarjeta Crédito,No cumplió expectativas,2231.34,39.7
V02462,2024-07-02,Tijuana,Tijuana-Playas,Ferretería,Adhesivos,Importaciones Mex,Vendedor_22,14,3661.69,25,2746.27,38447.78,Vale Despensa,No,1911.09,31.2
V02463,2024-10-19,Tecate,Tecate-Centro,Ferretería,Adhesivos,Mayoreo TJ,Vendedor_17,13,1602.25,0,1602.25,20829.25,Transferencia,No,770.47,54.6
V02464,2025-01-31,San Quintín,San Quintín-Central,Ferretería,Adhesivos,Comercial Baja,Vendedor_13,5,4680.48,0,4680.48,23402.4,Efectivo,No cumplió expectativas,2247.75,30.6
V02465,2024-05-10,Mexicali,Mexicali-Nueva,Ferretería,Selladores,Abastos del Pacífico,Vendedor_29,10,3511.32,5,3335.75,33357.5,Vale Despensa,Cambio de opinión,2101.96,40.3
V02466,2024-06-10,San Quintín,San Quintín-Central,Hogar,Muebles,Comercial Baja,Vendedor_27,13,1043.24,15,886.75,11527.75,Tarjeta Crédito,No,481.14,17.5
V02467,2024-05-31,Ensenada,Ensenada-Maneadero,Ropa,Zapatos,Mayoreo TJ,Vendedor_07,11,739.56,0,739.56,8135.16,Tarjeta Crédito,Cambio de opinión,360.79,48.1
V02468,2025-02-03,Tecate,Tecate-Centro,Electrónica,Cargadores,Comercial Baja,Vendedor_06,20,5973.74,10,5376.37,107527.4,Efectivo,Talla incorrecta,3228.76,49.0
V02469,2024-07-22,Ensenada,Ensenada-Centro,Electrónica,Cargadores,Importaciones Mex,Vendedor_24,11,7270.13,5,6906.62,75972.82,Efectivo,Talla incorrecta,4207.65,29.9
V02470,2024-06-02,Tecate,Tecate-Centro,Alimentos,Carnes Frías,Distribuidora BC,Vendedor_01,8,2340.83,0,2340.83,18726.64,Vale Despensa,No cumplió expectativas,1103.23,20.9
V02471,2024-10-14,Rosarito,Rosarito-Principal,Alimentos,Carnes Frías,Comercial Baja,Vendedor_17,3,5818.02,10,5236.22,15708.66,Tarjeta Débito,Defecto de fábrica,3003.9,51.3
V02472,2024-06-03,Mexicali,Mexicali-Nueva,Farmacia,Termómetros,Proveedor Norte SA,Vendedor_25,19,7013.81,25,5260.36,99946.84,Tarjeta Débito,Cambio de opinión,3325.72,19.6
V02473,2024-04-21,Rosarito,Rosarito-Principal,Ropa,Pantalones,Proveedor Norte SA,Vendedor_26,17,1775.24,0,1775.24,30179.08,Vale Despensa,Defecto de fábrica,968.78,49.5
V02474,2024-12-06,Mexicali,Mexicali-Baja,Alimentos,Condimentos,Comercial Baja,Vendedor_15,7,4178.58,20,3342.86,23400.02,Tarjeta Crédito,No,2691.32,49.8
V02475,2025-05-20,Mexicali,Mexicali-Baja,Ropa,Chamarras,Surtimax,Vendedor_10,7,4043.04,0,4043.04,28301.28,Tarjeta Crédito,No cumplió expectativas,2575.27,20.1
V02476,2024-07-10,Ensenada,Ensenada-Centro,Alimentos,Bebidas,Proveedor Norte SA,Vendedor_11,17,587.49,25,440.62,7490.54,Efectivo,No,409.03,25.1
V02477,2024-01-08,Ensenada,Ensenada-Centro,Ferretería,Tornillería,Comercial Baja,Vendedor_13,6,4110.74,25,3083.05,18498.3,Transferencia,Cambio de opinión,2297.03,51.6
V02478,2024-11-24,San Quintín,San Quintín-Central,Ferretería,Tornillería,Comercial Baja,Vendedor_03,10,4345.67,25,3259.25,32592.5,Tarjeta Débito,No,2015.97,33.9
V02479,2025-01-03,Mexicali,Mexicali-Centro,Farmacia,Cuidado Personal,Importaciones Mex,Vendedor_04,18,5748.42,20,4598.74,82777.32,Tarjeta Crédito,No,3703.61,43.4
V02480,2024-09-20,Tecate,Tecate-Centro,Electrónica,Televisores,Importaciones Mex,Vendedor_01,3,3872.08,10,3484.87,10454.61,Efectivo,Cambio de opinión,1757.17,30.5
V02481,2024-12-26,Ensenada,Ensenada-Maneadero,Alimentos,Lácteos,Logística Frontera,Vendedor_09,10,4747.5,20,3798.0,37980.0,Tarjeta Débito,No,2389.81,38.8
V02482,2024-08-20,Rosarito,Rosarito-Principal,Electrónica,Laptops,Logística Frontera,Vendedor_26,8,5484.02,15,4661.42,37291.36,Vale Despensa,Duplicado,3746.73,21.6
V02483,2024-11-05,Tecate,Tecate-Centro,Electrónica,Laptops,Logística Frontera,Vendedor_10,7,249.95,0,249.95,1749.65,Vale Despensa,Duplicado,149.95,29.6
V02484,2025-02-17,San Quintín,San Quintín-Central,Ferretería,Selladores,Mayoreo TJ,Vendedor_04,16,5033.85,0,5033.85,80541.6,Tarjeta Crédito,Defecto de fábrica,2985.94,21.1
V02485,2024-05-10,Rosarito,Rosarito-Principal,Ropa,Gorras,Logística Frontera,Vendedor_19,17,3524.98,5,3348.73,56928.41,Efectivo,No,2425.7,23.4
V02486,2024-02-11,Tijuana,Tijuana-Otay,Ropa,Vestidos,Proveedor Norte SA,Vendedor_10,9,1871.44,15,1590.72,14316.48,Transferencia,No,938.87,19.7
V02487,2024-09-18,Ensenada,Ensenada-Centro,Hogar,Cortinas,Comercial Baja,Vendedor_01,16,2511.75,25,1883.81,30140.96,Tarjeta Débito,Defecto de fábrica,1383.15,31.4
V02488,2024-05-22,Ensenada,Ensenada-Maneadero,Electrónica,Televisores,Mayoreo TJ,Vendedor_04,13,5394.07,25,4045.55,52592.15,Tarjeta Débito,No cumplió expectativas,3489.21,40.8
V02489,2024-06-17,Mexicali,Mexicali-Centro,Ferretería,Plomería,Logística Frontera,Vendedor_25,18,6876.8,20,5501.44,99025.92,Transferencia,No,3324.35,25.5
V02490,2025-03-17,Mexicali,Mexicali-Nueva,Ropa,Zapatos,Mayoreo TJ,Vendedor_22,12,6811.38,10,6130.24,73562.88,Efectivo,No,4597.91,31.0
V02491,2024-07-26,Tecate,Tecate-Centro,Alimentos,Conservas,Logística Frontera,Vendedor_07,6,7908.87,0,7908.87,47453.22,Tarjeta Crédito,Cambio de opinión,4589.22,44.1
V02492,2024-04-10,Rosarito,Rosarito-Principal,Electrónica,Audífonos,Logística Frontera,Vendedor_06,12,7852.5,20,6282.0,75384.0,Efectivo,No cumplió expectativas,3590.73,30.6
V02493,2024-08-18,Mexicali,Mexicali-Baja,Ferretería,Pinturas,Logística Frontera,Vendedor_21,10,3817.03,0,3817.03,38170.3,Vale Despensa,No,1808.17,42.6
V02494,2024-09-21,San Quintín,San Quintín-Central,Ferretería,Adhesivos,Distribuidora BC,Vendedor_20,19,7409.44,15,6298.02,119662.38,Tarjeta Débito,No cumplió expectativas,4259.76,45.2
V02495,2025-05-23,Tijuana,Tijuana-Otay,Hogar,Cojines,Comercial Baja,Vendedor_13,11,7281.24,20,5824.99,64074.89,Transferencia,No cumplió expectativas,4055.05,34.7
V02496,2024-08-01,Tecate,Tecate-Centro,Ferretería,Plomería,Distribuidora BC,Vendedor_16,3,2919.0,20,2335.2,7005.6,Tarjeta Crédito,Cambio de opinión,2042.15,17.9
V02497,2025-03-18,Ensenada,Ensenada-Centro,Ferretería,Herramientas,Mayoreo TJ,Vendedor_07,6,7681.47,10,6913.32,41479.92,Tarjeta Débito,No,4623.87,15.5
V02498,2024-03-17,Tecate,Tecate-Centro,Electrónica,Cargadores,Importaciones Mex,Vendedor_20,4,6933.8,0,6933.8,27735.2,Efectivo,Talla incorrecta,3699.72,36.0
V02499,2025-05-26,Tijuana,Tijuana-Playas,Alimentos,Lácteos,Mayoreo TJ,Vendedor_25,9,6007.6,20,4806.08,43254.72,Efectivo,No,3096.24,38.4
V02500,2025-04-16,Tijuana,Tijuana-Garita,Electrónica,Cables,Proveedor Norte SA,Vendedor_10,9,823.13,20,658.5,5926.5,Vale Despensa,No,487.85,18.6
V02501,2024-08-24,Tecate,Tecate-Centro,Ferretería,Herramientas,Comercial Baja,Vendedor_06,15,3082.29,20,2465.83,36987.45,Efectivo,No,1837.07,30.8
V02502,2024-06-26,Tijuana,Tijuana-Otay,Ropa,Gorras,Surtimax,Vendedor_17,8,1490.57,10,1341.51,10732.08,Transferencia,Defecto de fábrica,882.27,32.6
V02503,2025-03-30,Mexicali,Mexicali-Baja,Alimentos,Condimentos,Importaciones Mex,Vendedor_06,12,873.29,15,742.3,8907.6,Transferencia,No,494.92,19.7
V02504,2024-07-29,San Quintín,San Quintín-Central,Alimentos,Bebidas,Abastos del Pacífico,Vendedor_01,16,6676.62,25,5007.47,80119.52,Vale Despensa,No cumplió expectativas,3712.22,28.6
V02505,2025-04-30,Rosarito,Rosarito-Principal,Electrónica,Televisores,Surtimax,Vendedor_17,20,7426.78,15,6312.76,126255.2,Transferencia,Duplicado,5173.33,34.2
V02506,2024-10-05,Rosarito,Rosarito-Principal,Ropa,Zapatos,Proveedor Norte SA,Vendedor_06,9,7943.23,20,6354.58,57191.22,Transferencia,No,3973.13,34.6
V02507,2025-03-31,Tecate,Tecate-Centro,Alimentos,Cereales,Abastos del Pacífico,Vendedor_20,11,6477.38,10,5829.64,64126.04,Tarjeta Crédito,No,4241.49,40.3
V02508,2025-03-29,Tecate,Tecate-Centro,Alimentos,Conservas,Surtimax,Vendedor_21,9,6743.58,5,6406.4,57657.6,Efectivo,Cambio de opinión,4243.23,20.2
V02509,2024-10-06,Tijuana,Tijuana-Playas,Ropa,Gorras,Abastos del Pacífico,Vendedor_11,18,3986.48,0,3986.48,71756.64,Tarjeta Débito,No,2433.43,25.3
V02510,2024-01-08,Tijuana,Tijuana-Otay,Hogar,Decoración,Importaciones Mex,Vendedor_18,16,2273.28,0,2273.28,36372.48,Tarjeta Débito,No,1135.91,36.3
V02511,2024-02-13,Tecate,Tecate-Centro,Ropa,Pantalones,Proveedor Norte SA,Vendedor_16,10,2019.01,20,1615.21,16152.1,Tarjeta Débito,Cambio de opinión,1140.03,17.2
V02512,2024-06-29,Ensenada,Ensenada-Centro,Alimentos,Snacks,Proveedor Norte SA,Vendedor_11,7,5787.6,20,4630.08,32410.56,Efectivo,Cambio de opinión,2670.82,44.5
V02513,2025-03-18,Mexicali,Mexicali-Baja,Alimentos,Carnes Frías,Importaciones Mex,Vendedor_29,19,6961.33,25,5221.0,99199.0,Tarjeta Crédito,Duplicado,4741.58,33.7
V02514,2024-08-11,San Quintín,San Quintín-Central,Alimentos,Cereales,Comercial Baja,Vendedor_07,8,6916.96,0,6916.96,55335.68,Vale Despensa,No cumplió expectativas,4183.6,25.6
V02515,2024-03-31,Ensenada,Ensenada-Centro,Electrónica,Audífonos,Mayoreo TJ,Vendedor_21,2,6554.39,0,6554.39,13108.78,Transferencia,Defecto de fábrica,3664.25,34.3
V02516,2024-09-25,Rosarito,Rosarito-Principal,Farmacia,Bebés,Comercial Baja,Vendedor_16,17,964.13,10,867.72,14751.24,Vale Despensa,No,586.64,23.1
V02517,2024-11-25,Mexicali,Mexicali-Centro,Electrónica,Cables,Surtimax,Vendedor_09,7,743.2,10,668.88,4682.16,Transferencia,No,432.56,23.4
V02518,2024-01-30,Ensenada,Ensenada-Centro,Alimentos,Lácteos,Comercial Baja,Vendedor_11,15,3308.66,0,3308.66,49629.9,Transferencia,No,2114.41,17.4
V02519,2025-02-12,Tijuana,Tijuana-Zona Río,Farmacia,Vitaminas,Importaciones Mex,Vendedor_19,8,7534.45,0,7534.45,60275.6,Efectivo,Talla incorrecta,3630.43,34.7
V02520,2024-09-11,Ensenada,Ensenada-Maneadero,Ferretería,Electricidad,Abastos del Pacífico,Vendedor_30,7,7681.63,0,7681.63,53771.41,Vale Despensa,No,4313.03,28.4
V02521,2024-05-01,San Quintín,San Quintín-Central,Hogar,Lámparas,Abastos del Pacífico,Vendedor_09,12,6080.03,20,4864.02,58368.24,Efectivo,Defecto de fábrica,3489.87,53.6
V02522,2024-07-19,Rosarito,Rosarito-Principal,Ferretería,Electricidad,Importaciones Mex,Vendedor_09,17,3558.87,10,3202.98,54450.66,Vale Despensa,Defecto de fábrica,2350.12,29.1
V02523,2024-09-25,Mexicali,Mexicali-Baja,Alimentos,Panadería,Mayoreo TJ,Vendedor_16,10,5536.29,0,5536.29,55362.9,Tarjeta Débito,No,3202.84,39.6
V02524,2024-09-08,Mexicali,Mexicali-Centro,Hogar,Cojines,Abastos del Pacífico,Vendedor_16,9,6345.29,20,5076.23,45686.07,Vale Despensa,Talla incorrecta,3371.92,40.0
V02525,2024-08-08,Ensenada,Ensenada-Maneadero,Alimentos,Snacks,Importaciones Mex,Vendedor_06,19,4429.07,15,3764.71,71529.49,Efectivo,Defecto de fábrica,2503.72,50.5
V02526,2025-01-05,Tecate,Tecate-Centro,Farmacia,Bebés,Importaciones Mex,Vendedor_27,4,1278.39,0,1278.39,5113.56,Efectivo,No cumplió expectativas,862.57,39.3
V02527,2025-01-01,Rosarito,Rosarito-Principal,Hogar,Cojines,Surtimax,Vendedor_09,8,1790.61,0,1790.61,14324.88,Efectivo,No,1243.79,16.2
V02528,2025-04-19,Rosarito,Rosarito-Principal,Alimentos,Panadería,Mayoreo TJ,Vendedor_01,6,6450.5,0,6450.5,38703.0,Efectivo,Duplicado,3138.12,54.0
V02529,2024-01-23,Rosarito,Rosarito-Principal,Ropa,Pantalones,Mayoreo TJ,Vendedor_07,1,4489.49,15,3816.07,3816.07,Efectivo,Cambio de opinión,2765.86,36.3
V02530,2024-11-04,San Quintín,San Quintín-Central,Farmacia,Anteojos,Distribuidora BC,Vendedor_26,2,7469.58,0,7469.58,14939.16,Efectivo,No,4419.41,51.4
V02531,2025-01-02,Tijuana,Tijuana-Playas,Alimentos,Panadería,Comercial Baja,Vendedor_20,17,5685.09,5,5400.84,91814.28,Transferencia,No,3816.08,38.5
V02532,2024-04-17,Rosarito,Rosarito-Principal,Alimentos,Conservas,Distribuidora BC,Vendedor_18,8,5122.77,15,4354.35,34834.8,Tarjeta Débito,No,2927.69,49.4
V02533,2024-12-29,Mexicali,Mexicali-Nueva,Ropa,Calcetines,Surtimax,Vendedor_06,19,7457.79,0,7457.79,141698.01,Tarjeta Crédito,Talla incorrecta,4036.77,33.7
V02534,2024-05-06,Tecate,Tecate-Centro,Alimentos,Conservas,Abastos del Pacífico,Vendedor_24,2,4754.4,5,4516.68,9033.36,Vale Despensa,No,2529.75,27.1
V02535,2024-10-28,San Quintín,San Quintín-Central,Hogar,Lámparas,Logística Frontera,Vendedor_19,1,5417.9,15,4605.21,4605.21,Efectivo,No,3636.46,48.8
V02536,2024-10-24,San Quintín,San Quintín-Central,Ferretería,Tornillería,Importaciones Mex,Vendedor_30,14,5252.54,10,4727.29,66182.06,Tarjeta Crédito,Defecto de fábrica,2398.79,52.3
V02537,2024-12-06,Tecate,Tecate-Centro,Alimentos,Conservas,Distribuidora BC,Vendedor_28,12,4830.61,5,4589.08,55068.96,Efectivo,No,2787.01,43.5
V02538,2025-04-07,San Quintín,San Quintín-Central,Hogar,Cortinas,Comercial Baja,Vendedor_09,15,6218.92,10,5597.03,83955.45,Tarjeta Crédito,No,3691.59,22.2
V02539,2024-09-11,Ensenada,Ensenada-Centro,Ropa,Zapatos,Comercial Baja,Vendedor_20,10,4138.8,0,4138.8,41388.0,Efectivo,No,1880.08,17.5
V02540,2025-03-02,Ensenada,Ensenada-Maneadero,Alimentos,Panadería,Logística Frontera,Vendedor_30,19,4401.98,10,3961.78,75273.82,Efectivo,No,2461.12,20.3
V02541,2024-08-14,San Quintín,San Quintín-Central,Hogar,Cortinas,Proveedor Norte SA,Vendedor_30,12,983.43,15,835.92,10031.04,Tarjeta Débito,No,633.46,32.2
V02542,2025-05-17,Ensenada,Ensenada-Centro,Hogar,Utensilios,Comercial Baja,Vendedor_13,5,1035.2,0,1035.2,5176.0,Tarjeta Crédito,No cumplió expectativas,516.91,17.5
V02543,2024-02-27,Ensenada,Ensenada-Maneadero,Electrónica,Tabletas,Logística Frontera,Vendedor_12,2,2246.62,25,1684.96,3369.92,Tarjeta Crédito,No,1323.08,46.6
V02544,2024-07-10,Ensenada,Ensenada-Maneadero,Ferretería,Adhesivos,Abastos del Pacífico,Vendedor_18,14,7107.45,15,6041.33,84578.62,Tarjeta Débito,Talla incorrecta,3560.01,46.8
V02545,2024-12-30,San Quintín,San Quintín-Central,Farmacia,Anteojos,Logística Frontera,Vendedor_26,18,3347.35,0,3347.35,60252.3,Vale Despensa,Defecto de fábrica,1583.01,35.1
V02546,2024-12-03,San Quintín,San Quintín-Central,Alimentos,Carnes Frías,Surtimax,Vendedor_25,12,681.69,0,681.69,8180.28,Tarjeta Débito,No,322.69,43.7
V02547,2024-09-05,Tecate,Tecate-Centro,Ropa,Calcetines,Abastos del Pacífico,Vendedor_02,20,4470.1,0,4470.1,89402.0,Vale Despensa,Talla incorrecta,2654.96,53.5
V02548,2025-01-15,Rosarito,Rosarito-Principal,Farmacia,Medicamentos,Importaciones Mex,Vendedor_20,12,7837.17,0,7837.17,94046.04,Efectivo,No,3708.62,29.8
V02549,2024-07-13,Mexicali,Mexicali-Centro,Electrónica,Celulares,Importaciones Mex,Vendedor_19,2,3276.88,0,3276.88,6553.76,Transferencia,Duplicado,1673.66,38.5
V02550,2024-06-22,Mexicali,Mexicali-Centro,Farmacia,Cuidado Personal,Importaciones Mex,Vendedor_17,17,4369.58,25,3277.18,55712.06,Tarjeta Crédito,Talla incorrecta,2275.82,52.6
V02551,2024-05-18,Rosarito,Rosarito-Principal,Hogar,Cortinas,Importaciones Mex,Vendedor_10,9,3486.6,5,3312.27,29810.43,Vale Despensa,Defecto de fábrica,2178.57,22.4
V02552,2025-02-26,Mexicali,Mexicali-Nueva,Hogar,Almohadas,Logística Frontera,Vendedor_28,5,2372.21,10,2134.99,10674.95,Efectivo,Cambio de opinión,1220.3,40.9
V02553,2024-09-02,Mexicali,Mexicali-Nueva,Ropa,Gorras,Surtimax,Vendedor_17,14,4814.2,20,3851.36,53919.04,Efectivo,No,2988.53,37.0
V02554,2024-11-09,Tecate,Tecate-Centro,Alimentos,Lácteos,Abastos del Pacífico,Vendedor_27,3,2523.25,25,1892.44,5677.32,Vale Despensa,Cambio de opinión,1272.49,46.7
V02555,2025-02-17,Rosarito,Rosarito-Principal,Ropa,Pantalones,Mayoreo TJ,Vendedor_07,14,6492.47,15,5518.6,77260.4,Vale Despensa,Cambio de opinión,3374.7,52.7
V02556,2025-02-01,San Quintín,San Quintín-Central,Ferretería,Herramientas,Abastos del Pacífico,Vendedor_22,9,6782.78,20,5426.22,48835.98,Vale Despensa,No,3160.57,50.9
V02557,2025-01-27,San Quintín,San Quintín-Central,Ropa,Vestidos,Comercial Baja,Vendedor_05,9,1981.8,0,1981.8,17836.2,Tarjeta Débito,No,1339.36,24.1
V02558,2024-07-27,Mexicali,Mexicali-Centro,Hogar,Utensilios,Abastos del Pacífico,Vendedor_16,3,473.21,20,378.57,1135.71,Tarjeta Crédito,No,296.57,54.6
V02559,2024-12-01,Ensenada,Ensenada-Maneadero,Ferretería,Plomería,Abastos del Pacífico,Vendedor_22,11,459.09,10,413.18,4544.98,Tarjeta Crédito,No,284.15,33.0
V02560,2024-12-27,Tecate,Tecate-Centro,Hogar,Almohadas,Distribuidora BC,Vendedor_28,2,4514.9,0,4514.9,9029.8,Tarjeta Débito,No,3066.25,40.5
V02561,2025-02-28,Tecate,Tecate-Centro,Alimentos,Panadería,Mayoreo TJ,Vendedor_15,7,7528.08,10,6775.27,47426.89,Efectivo,Duplicado,4079.55,19.3
V02562,2024-03-03,Tecate,Tecate-Centro,Ropa,Chamarras,Mayoreo TJ,Vendedor_03,2,6407.11,0,6407.11,12814.22,Vale Despensa,Cambio de opinión,3574.04,25.0
V02563,2024-04-04,San Quintín,San Quintín-Central,Alimentos,Lácteos,Surtimax,Vendedor_22,3,453.14,15,385.17,1155.51,Efectivo,No,295.05,31.4
V02564,2024-03-30,San Quintín,San Quintín-Central,Ropa,Zapatos,Importaciones Mex,Vendedor_30,2,2566.96,15,2181.92,4363.84,Tarjeta Débito,Cambio de opinión,1689.67,43.4
V02565,2025-05-16,Rosarito,Rosarito-Principal,Hogar,Almohadas,Proveedor Norte SA,Vendedor_25,6,5696.23,5,5411.42,32468.52,Tarjeta Crédito,No,2746.8,23.2
V02566,2024-02-14,Tijuana,Tijuana-Garita,Hogar,Muebles,Surtimax,Vendedor_05,16,7364.74,0,7364.74,117835.84,Tarjeta Débito,Defecto de fábrica,4424.62,36.1
V02567,2024-01-22,Ensenada,Ensenada-Maneadero,Farmacia,Primeros Auxilios,Mayoreo TJ,Vendedor_16,12,4664.01,20,3731.21,44774.52,Efectivo,No,2918.84,29.1
V02568,2025-05-30,Rosarito,Rosarito-Principal,Electrónica,Laptops,Proveedor Norte SA,Vendedor_10,11,6424.1,5,6102.9,67131.9,Efectivo,Duplicado,3898.64,34.2
V02569,2024-06-05,San Quintín,San Quintín-Central,Electrónica,Tabletas,Distribuidora BC,Vendedor_13,1,369.18,0,369.18,369.18,Vale Despensa,No cumplió expectativas,220.37,26.5
V02570,2024-02-14,Mexicali,Mexicali-Baja,Electrónica,Audífonos,Importaciones Mex,Vendedor_03,5,7986.82,5,7587.48,37937.4,Vale Despensa,Cambio de opinión,3846.17,26.3
V02571,2024-06-28,Tijuana,Tijuana-Otay,Hogar,Almohadas,Importaciones Mex,Vendedor_13,2,3319.31,20,2655.45,5310.9,Efectivo,Duplicado,2244.13,53.7
V02572,2024-12-12,Ensenada,Ensenada-Centro,Hogar,Cobijas,Abastos del Pacífico,Vendedor_15,11,2041.85,15,1735.57,19091.27,Tarjeta Débito,No cumplió expectativas,1375.31,42.0
V02573,2024-01-08,Tecate,Tecate-Centro,Farmacia,Medicamentos,Surtimax,Vendedor_29,4,1194.59,15,1015.4,4061.6,Transferencia,Defecto de fábrica,701.78,16.7
V02574,2024-03-26,Rosarito,Rosarito-Principal,Alimentos,Condimentos,Distribuidora BC,Vendedor_28,6,7657.61,0,7657.61,45945.66,Transferencia,No,4314.37,42.5
V02575,2024-08-23,Mexicali,Mexicali-Centro,Ropa,Ropa Interior,Proveedor Norte SA,Vendedor_21,19,6405.53,5,6085.25,115619.75,Tarjeta Crédito,Duplicado,3319.09,26.3
V02576,2024-10-30,Rosarito,Rosarito-Principal,Electrónica,Cables,Mayoreo TJ,Vendedor_28,15,2680.23,0,2680.23,40203.45,Efectivo,Duplicado,1679.34,24.1
V02577,2024-12-08,Mexicali,Mexicali-Baja,Ropa,Calcetines,Distribuidora BC,Vendedor_19,17,5483.06,20,4386.45,74569.65,Efectivo,No,2662.96,16.4
V02578,2024-04-10,Tijuana,Tijuana-Garita,Alimentos,Panadería,Importaciones Mex,Vendedor_07,11,4377.77,0,4377.77,48155.47,Tarjeta Crédito,Defecto de fábrica,2398.31,29.6
V02579,2025-05-08,Mexicali,Mexicali-Centro,Hogar,Cojines,Logística Frontera,Vendedor_07,11,6123.43,0,6123.43,67357.73,Transferencia,No,3828.0,17.1
V02580,2025-04-06,Rosarito,Rosarito-Principal,Electrónica,Cables,Proveedor Norte SA,Vendedor_21,8,6180.0,10,5562.0,44496.0,Tarjeta Débito,No,2929.15,33.5
V02581,2024-06-22,San Quintín,San Quintín-Central,Hogar,Muebles,Importaciones Mex,Vendedor_28,11,934.99,0,934.99,10284.89,Tarjeta Débito,No,635.89,40.1
V02582,2024-04-21,Rosarito,Rosarito-Principal,Electrónica,Cámaras,Abastos del Pacífico,Vendedor_20,13,5153.45,15,4380.43,56945.59,Transferencia,No,2802.16,29.2
V02583,2024-03-11,Tijuana,Tijuana-La Mesa,Farmacia,Cuidado Personal,Surtimax,Vendedor_24,1,7744.59,5,7357.36,7357.36,Tarjeta Crédito,Defecto de fábrica,5213.04,38.6
V02584,2024-10-21,Tecate,Tecate-Centro,Ropa,Pantalones,Proveedor Norte SA,Vendedor_17,13,3930.6,5,3734.07,48542.91,Vale Despensa,No,2469.78,25.3
V02585,2024-06-01,Ensenada,Ensenada-Centro,Hogar,Decoración,Importaciones Mex,Vendedor_30,12,5648.45,10,5083.6,61003.2,Tarjeta Crédito,No,3201.38,41.6
V02586,2024-11-24,Tecate,Tecate-Centro,Electrónica,Audífonos,Mayoreo TJ,Vendedor_21,16,3166.06,0,3166.06,50656.96,Tarjeta Débito,No,1781.04,38.2
V02587,2024-05-04,Mexicali,Mexicali-Baja,Electrónica,Celulares,Abastos del Pacífico,Vendedor_17,3,7826.64,20,6261.31,18783.93,Efectivo,No,4968.95,16.1
V02588,2024-10-12,Rosarito,Rosarito-Principal,Hogar,Muebles,Proveedor Norte SA,Vendedor_27,19,4721.7,0,4721.7,89712.3,Vale Despensa,No,2204.14,33.7
V02589,2024-01-25,Tijuana,Tijuana-Otay,Ropa,Gorras,Comercial Baja,Vendedor_15,17,5537.84,0,5537.84,94143.28,Transferencia,No,3670.39,46.4
V02590,2024-05-12,Tijuana,Tijuana-Playas,Farmacia,Termómetros,Distribuidora BC,Vendedor_19,17,1116.35,20,893.08,15182.36,Tarjeta Crédito,Talla incorrecta,621.47,41.2
V02591,2024-07-26,San Quintín,San Quintín-Central,Alimentos,Cereales,Surtimax,Vendedor_13,15,273.96,25,205.47,3082.05,Vale Despensa,No,170.26,54.6
V02592,2025-01-12,Mexicali,Mexicali-Centro,Electrónica,Cargadores,Importaciones Mex,Vendedor_28,7,6929.3,0,6929.3,48505.1,Vale Despensa,No,4735.75,41.5
V02593,2025-03-10,Ensenada,Ensenada-Centro,Alimentos,Snacks,Logística Frontera,Vendedor_29,4,437.23,15,371.65,1486.6,Vale Despensa,No,242.23,33.9
V02594,2024-09-25,Ensenada,Ensenada-Centro,Ferretería,Tornillería,Comercial Baja,Vendedor_10,16,5860.04,25,4395.03,70320.48,Transferencia,No,3297.92,24.6
V02595,2025-01-30,Rosarito,Rosarito-Principal,Farmacia,Primeros Auxilios,Comercial Baja,Vendedor_25,12,1768.47,5,1680.05,20160.6,Efectivo,No,874.26,20.8
V02596,2025-03-12,Tijuana,Tijuana-Garita,Ferretería,Plomería,Distribuidora BC,Vendedor_05,9,539.58,20,431.66,3884.94,Transferencia,No,352.06,19.5
V02597,2024-08-05,Tijuana,Tijuana-Zona Río,Hogar,Cojines,Importaciones Mex,Vendedor_25,2,1726.01,5,1639.71,3279.42,Vale Despensa,Talla incorrecta,983.13,23.7
V02598,2024-08-25,Ensenada,Ensenada-Maneadero,Ferretería,Tornillería,Surtimax,Vendedor_27,12,4149.02,25,3111.77,37341.24,Tarjeta Crédito,Duplicado,2051.62,42.6
V02599,2025-05-06,Tijuana,Tijuana-Otay,Ferretería,Electricidad,Distribuidora BC,Vendedor_04,9,6215.64,25,4661.73,41955.57,Tarjeta Débito,No,3664.94,31.1
V02600,2024-06-18,San Quintín,San Quintín-Central,Alimentos,Conservas,Mayoreo TJ,Vendedor_19,19,1021.65,5,970.57,18440.83,Tarjeta Débito,No cumplió expectativas,480.87,40.8
V02601,2025-01-17,Rosarito,Rosarito-Principal,Alimentos,Snacks,Surtimax,Vendedor_11,15,6356.07,10,5720.46,85806.9,Transferencia,Defecto de fábrica,3960.98,34.8
V02602,2024-08-04,Tecate,Tecate-Centro,Hogar,Utensilios,Surtimax,Vendedor_07,10,1670.53,0,1670.53,16705.3,Tarjeta Crédito,Cambio de opinión,855.16,52.0
V02603,2024-05-24,Tijuana,Tijuana-Garita,Farmacia,Bebés,Mayoreo TJ,Vendedor_02,19,3984.88,0,3984.88,75712.72,Vale Despensa,No,2063.84,16.4
V02604,2024-07-09,Mexicali,Mexicali-Baja,Ferretería,Adhesivos,Logística Frontera,Vendedor_07,14,3633.12,15,3088.15,43234.1,Tarjeta Débito,No,2158.63,31.3
V02605,2024-10-05,Tecate,Tecate-Centro,Electrónica,Cargadores,Logística Frontera,Vendedor_09,19,2629.88,20,2103.9,39974.1,Efectivo,Duplicado,1223.19,43.7
V02606,2024-07-16,Tijuana,Tijuana-Playas,Ropa,Gorras,Logística Frontera,Vendedor_27,9,6247.2,25,4685.4,42168.6,Vale Despensa,No,3045.91,51.8
V02607,2024-04-26,Tijuana,Tijuana-Garita,Ferretería,Pinturas,Mayoreo TJ,Vendedor_25,20,4064.19,20,3251.35,65027.0,Vale Despensa,Duplicado,2078.24,32.9
V02608,2024-04-01,Ensenada,Ensenada-Centro,Ferretería,Electricidad,Comercial Baja,Vendedor_02,4,6382.77,0,6382.77,25531.08,Tarjeta Débito,No,3350.27,29.8
V02609,2024-07-10,Tijuana,Tijuana-Garita,Hogar,Utensilios,Surtimax,Vendedor_30,13,6740.42,0,6740.42,87625.46,Tarjeta Crédito,Cambio de opinión,3511.48,54.6
V02610,2024-06-22,Tijuana,Tijuana-Otay,Electrónica,Tabletas,Importaciones Mex,Vendedor_19,13,2766.38,10,2489.74,32366.62,Tarjeta Crédito,No cumplió expectativas,1247.61,48.5
V02611,2024-03-04,Tijuana,Tijuana-La Mesa,Ropa,Chamarras,Surtimax,Vendedor_27,13,1871.14,20,1496.91,19459.83,Tarjeta Crédito,No,1062.94,17.0
V02612,2024-03-19,San Quintín,San Quintín-Central,Hogar,Muebles,Comercial Baja,Vendedor_19,19,6379.04,5,6060.09,115141.71,Tarjeta Crédito,Defecto de fábrica,3043.37,22.6
V02613,2024-06-18,Mexicali,Mexicali-Centro,Alimentos,Bebidas,Distribuidora BC,Vendedor_16,6,5934.69,0,5934.69,35608.14,Tarjeta Crédito,Cambio de opinión,3263.13,30.3
V02614,2024-12-09,Tijuana,Tijuana-Zona Río,Alimentos,Cereales,Distribuidora BC,Vendedor_07,17,2062.09,0,2062.09,35055.53,Tarjeta Débito,Cambio de opinión,1275.46,32.4
V02615,2025-03-17,Ensenada,Ensenada-Centro,Ropa,Ropa Interior,Distribuidora BC,Vendedor_15,11,7845.17,0,7845.17,86296.87,Vale Despensa,No,3724.31,29.9
V02616,2024-07-01,Tecate,Tecate-Centro,Ferretería,Herramientas,Distribuidora BC,Vendedor_27,10,5645.92,0,5645.92,56459.2,Vale Despensa,No cumplió expectativas,3758.47,40.7
V02617,2024-10-18,Tijuana,Tijuana-Playas,Ropa,Chamarras,Distribuidora BC,Vendedor_07,4,4055.03,10,3649.53,14598.12,Vale Despensa,Defecto de fábrica,2799.47,42.7
V02618,2024-11-25,Tecate,Tecate-Centro,Ferretería,Pinturas,Proveedor Norte SA,Vendedor_29,14,2311.85,0,2311.85,32365.9,Efectivo,No cumplió expectativas,1519.38,47.8
V02619,2024-11-05,Tijuana,Tijuana-Garita,Hogar,Utensilios,Abastos del Pacífico,Vendedor_20,2,7125.73,0,7125.73,14251.46,Vale Despensa,Cambio de opinión,4121.33,35.8
V02620,2024-07-10,Tecate,Tecate-Centro,Ferretería,Electricidad,Distribuidora BC,Vendedor_08,15,4372.89,0,4372.89,65593.35,Transferencia,No,2467.47,41.7
V02621,2024-07-14,Rosarito,Rosarito-Principal,Hogar,Utensilios,Distribuidora BC,Vendedor_18,11,7654.91,0,7654.91,84204.01,Efectivo,No cumplió expectativas,5152.58,18.9
V02622,2024-06-23,Tijuana,Tijuana-Zona Río,Alimentos,Lácteos,Logística Frontera,Vendedor_06,13,1780.94,15,1513.8,19679.4,Vale Despensa,Duplicado,913.05,43.6
V02623,2024-03-24,Tijuana,Tijuana-Otay,Ropa,Chamarras,Mayoreo TJ,Vendedor_01,16,3186.56,20,2549.25,40788.0,Tarjeta Débito,Duplicado,1683.41,52.5
V02624,2025-04-30,Ensenada,Ensenada-Centro,Ropa,Calcetines,Proveedor Norte SA,Vendedor_10,15,3556.04,0,3556.04,53340.6,Tarjeta Débito,No,2150.59,44.3
V02625,2024-02-23,San Quintín,San Quintín-Central,Farmacia,Anteojos,Comercial Baja,Vendedor_16,10,5681.21,25,4260.91,42609.1,Tarjeta Débito,No,2663.12,33.0
V02626,2025-01-14,Ensenada,Ensenada-Centro,Alimentos,Snacks,Proveedor Norte SA,Vendedor_23,2,212.69,5,202.06,404.12,Vale Despensa,Talla incorrecta,133.71,34.7
V02627,2024-12-20,Mexicali,Mexicali-Baja,Hogar,Cobijas,Distribuidora BC,Vendedor_14,14,2790.09,0,2790.09,39061.26,Vale Despensa,Cambio de opinión,1668.9,23.3
V02628,2024-08-12,Mexicali,Mexicali-Baja,Hogar,Cojines,Distribuidora BC,Vendedor_26,6,4668.39,15,3968.13,23808.78,Vale Despensa,No,2298.32,52.1
V02629,2025-03-12,Rosarito,Rosarito-Principal,Hogar,Cojines,Proveedor Norte SA,Vendedor_16,15,7763.46,0,7763.46,116451.9,Efectivo,No,4025.74,41.0
V02630,2024-08-28,Mexicali,Mexicali-Baja,Hogar,Cojines,Distribuidora BC,Vendedor_24,19,678.63,15,576.84,10959.96,Transferencia,Talla incorrecta,421.04,38.7
V02631,2024-02-28,San Quintín,San Quintín-Central,Farmacia,Cuidado Personal,Proveedor Norte SA,Vendedor_27,15,2584.05,10,2325.65,34884.75,Transferencia,No,1798.11,54.9
V02632,2024-10-16,Tijuana,Tijuana-La Mesa,Hogar,Decoración,Abastos del Pacífico,Vendedor_07,19,98.73,10,88.86,1688.34,Tarjeta Crédito,No,55.69,35.2
V02633,2025-01-02,San Quintín,San Quintín-Central,Ropa,Pantalones,Logística Frontera,Vendedor_18,11,1939.56,0,1939.56,21335.16,Tarjeta Crédito,Talla incorrecta,1231.55,26.1
V02634,2024-02-05,Mexicali,Mexicali-Centro,Alimentos,Conservas,Distribuidora BC,Vendedor_12,7,2726.34,5,2590.02,18130.14,Tarjeta Crédito,No,1292.47,31.5
V02635,2024-11-12,San Quintín,San Quintín-Central,Electrónica,Laptops,Distribuidora BC,Vendedor_22,16,255.98,20,204.78,3276.48,Tarjeta Débito,No,177.74,47.3
V02636,2024-02-01,Tecate,Tecate-Centro,Hogar,Decoración,Distribuidora BC,Vendedor_16,11,5886.37,0,5886.37,64750.07,Tarjeta Débito,Cambio de opinión,3379.7,51.9
V02637,2025-04-22,Mexicali,Mexicali-Centro,Ropa,Chamarras,Importaciones Mex,Vendedor_29,17,1117.75,25,838.31,14251.27,Tarjeta Débito,Defecto de fábrica,563.48,48.0
V02638,2024-11-10,Tijuana,Tijuana-Otay,Ferretería,Pinturas,Surtimax,Vendedor_29,12,3558.72,5,3380.78,40569.36,Tarjeta Débito,No,2450.37,19.8
V02639,2025-05-24,Mexicali,Mexicali-Baja,Farmacia,Bebés,Distribuidora BC,Vendedor_03,8,7586.53,20,6069.22,48553.76,Tarjeta Crédito,Duplicado,4563.92,53.2
V02640,2025-03-18,Mexicali,Mexicali-Centro,Electrónica,Cables,Logística Frontera,Vendedor_22,2,1337.69,5,1270.81,2541.62,Efectivo,No,610.91,47.6
V02641,2025-01-16,Rosarito,Rosarito-Principal,Ferretería,Herramientas,Proveedor Norte SA,Vendedor_30,10,1985.46,20,1588.37,15883.7,Efectivo,Talla incorrecta,957.48,35.0
V02642,2024-02-16,Ensenada,Ensenada-Centro,Farmacia,Primeros Auxilios,Logística Frontera,Vendedor_14,15,238.7,0,238.7,3580.5,Efectivo,No cumplió expectativas,132.75,37.0
V02643,2025-05-04,Rosarito,Rosarito-Principal,Farmacia,Cuidado Personal,Importaciones Mex,Vendedor_22,10,1510.55,0,1510.55,15105.5,Tarjeta Débito,Defecto de fábrica,1043.28,26.2
V02644,2024-11-08,San Quintín,San Quintín-Central,Farmacia,Termómetros,Distribuidora BC,Vendedor_02,10,2083.71,5,1979.52,19795.2,Transferencia,No cumplió expectativas,1125.84,49.8
V02645,2024-07-23,Tijuana,Tijuana-Playas,Hogar,Muebles,Importaciones Mex,Vendedor_11,4,571.8,10,514.62,2058.48,Tarjeta Crédito,Talla incorrecta,305.05,44.8
V02646,2024-08-25,Rosarito,Rosarito-Principal,Ropa,Camisas,Surtimax,Vendedor_14,5,5779.98,0,5779.98,28899.9,Transferencia,No,2789.53,18.4
V02647,2025-03-09,Tecate,Tecate-Centro,Farmacia,Termómetros,Comercial Baja,Vendedor_30,16,5736.75,25,4302.56,68840.96,Tarjeta Crédito,No,3821.78,23.7
V02648,2024-03-27,Tecate,Tecate-Centro,Farmacia,Vitaminas,Importaciones Mex,Vendedor_20,20,1073.9,5,1020.21,20404.2,Transferencia,No,655.94,47.0
V02649,2024-04-29,Tijuana,Tijuana-Playas,Ferretería,Brochas,Logística Frontera,Vendedor_11,12,1837.36,10,1653.62,19843.44,Tarjeta Crédito,No,1166.39,31.4
V02650,2024-04-26,Rosarito,Rosarito-Principal,Farmacia,Termómetros,Proveedor Norte SA,Vendedor_16,9,6634.98,5,6303.23,56729.07,Vale Despensa,No,4076.07,46.2
V02651,2024-12-05,San Quintín,San Quintín-Central,Ropa,Pantalones,Importaciones Mex,Vendedor_30,11,2815.3,25,2111.48,23226.28,Vale Despensa,No,1341.52,54.4
V02652,2024-10-12,San Quintín,San Quintín-Central,Ropa,Calcetines,Importaciones Mex,Vendedor_25,12,5776.33,0,5776.33,69315.96,Tarjeta Débito,Cambio de opinión,3442.01,32.9
V02653,2024-11-17,San Quintín,San Quintín-Central,Alimentos,Snacks,Comercial Baja,Vendedor_01,17,7548.08,5,7170.68,121901.56,Tarjeta Débito,No,5240.48,44.6
V02654,2024-02-26,San Quintín,San Quintín-Central,Alimentos,Carnes Frías,Surtimax,Vendedor_22,6,3696.16,10,3326.54,19959.24,Tarjeta Crédito,No,2327.65,45.2
V02655,2025-02-27,San Quintín,San Quintín-Central,Alimentos,Panadería,Comercial Baja,Vendedor_23,15,7498.91,0,7498.91,112483.65,Vale Despensa,No,5014.01,36.5
V02656,2024-02-09,Rosarito,Rosarito-Principal,Farmacia,Higiene,Mayoreo TJ,Vendedor_22,2,7800.89,0,7800.89,15601.78,Efectivo,No,5315.46,15.9
V02657,2025-02-16,Rosarito,Rosarito-Principal,Hogar,Lámparas,Comercial Baja,Vendedor_12,10,7897.98,0,7897.98,78979.8,Transferencia,Talla incorrecta,4615.21,15.6
V02658,2024-03-24,Ensenada,Ensenada-Centro,Electrónica,Audífonos,Abastos del Pacífico,Vendedor_09,16,4438.02,20,3550.42,56806.72,Tarjeta Crédito,No,2162.35,32.3
V02659,2024-03-25,Ensenada,Ensenada-Maneadero,Hogar,Muebles,Proveedor Norte SA,Vendedor_04,16,5580.85,20,4464.68,71434.88,Vale Despensa,Talla incorrecta,3157.63,46.1
V02660,2024-10-27,Mexicali,Mexicali-Centro,Ropa,Ropa Interior,Proveedor Norte SA,Vendedor_15,10,3732.79,0,3732.79,37327.9,Tarjeta Débito,Duplicado,1805.37,48.6
V02661,2024-03-02,San Quintín,San Quintín-Central,Ferretería,Brochas,Proveedor Norte SA,Vendedor_09,20,5275.28,10,4747.75,94955.0,Tarjeta Débito,Duplicado,3050.99,19.0
V02662,2025-04-23,Tecate,Tecate-Centro,Ferretería,Tornillería,Logística Frontera,Vendedor_28,10,2125.92,0,2125.92,21259.2,Vale Despensa,Defecto de fábrica,1021.09,52.2
V02663,2024-05-19,San Quintín,San Quintín-Central,Electrónica,Laptops,Distribuidora BC,Vendedor_27,8,4117.68,10,3705.91,29647.28,Tarjeta Crédito,Duplicado,2802.42,42.6
V02664,2024-03-23,Ensenada,Ensenada-Centro,Ferretería,Pinturas,Proveedor Norte SA,Vendedor_01,20,1370.11,15,1164.59,23291.8,Tarjeta Débito,No,709.45,51.1
V02665,2024-10-30,Tecate,Tecate-Centro,Ropa,Vestidos,Surtimax,Vendedor_07,16,2865.09,20,2292.07,36673.12,Transferencia,Defecto de fábrica,1388.19,18.7
V02666,2024-04-21,San Quintín,San Quintín-Central,Ropa,Pantalones,Distribuidora BC,Vendedor_19,9,630.66,15,536.06,4824.54,Efectivo,Talla incorrecta,384.71,16.1
V02667,2024-02-03,Tijuana,Tijuana-La Mesa,Electrónica,Tabletas,Mayoreo TJ,Vendedor_06,2,5909.19,5,5613.73,11227.46,Efectivo,No,4103.59,27.4
V02668,2024-07-23,Mexicali,Mexicali-Nueva,Hogar,Cortinas,Logística Frontera,Vendedor_22,12,5249.19,5,4986.73,59840.76,Tarjeta Débito,No,2776.77,32.0
V02669,2024-05-25,Tijuana,Tijuana-La Mesa,Electrónica,Cargadores,Distribuidora BC,Vendedor_18,9,5361.2,10,4825.08,43425.72,Tarjeta Crédito,No,3553.16,28.2
V02670,2025-01-12,Mexicali,Mexicali-Baja,Alimentos,Lácteos,Distribuidora BC,Vendedor_09,20,3241.73,0,3241.73,64834.6,Vale Despensa,Defecto de fábrica,1929.26,49.1
V02671,2025-01-14,Ensenada,Ensenada-Centro,Ropa,Zapatos,Importaciones Mex,Vendedor_27,18,1111.85,15,945.07,17011.26,Tarjeta Crédito,No,642.42,42.7
V02672,2024-01-29,San Quintín,San Quintín-Central,Farmacia,Higiene,Surtimax,Vendedor_02,11,4088.47,0,4088.47,44973.17,Transferencia,No,2571.72,35.3
V02673,2025-01-01,Rosarito,Rosarito-Principal,Ropa,Ropa Interior,Logística Frontera,Vendedor_23,5,2111.01,10,1899.91,9499.55,Transferencia,No cumplió expectativas,1209.79,34.3
V02674,2024-11-09,Ensenada,Ensenada-Maneadero,Ferretería,Selladores,Logística Frontera,Vendedor_26,2,2153.12,5,2045.46,4090.92,Efectivo,No,995.18,15.3
V02675,2025-01-07,Rosarito,Rosarito-Principal,Hogar,Utensilios,Importaciones Mex,Vendedor_16,15,4393.38,0,4393.38,65900.7,Transferencia,No,2629.1,46.4
V02676,2024-04-13,Rosarito,Rosarito-Principal,Farmacia,Primeros Auxilios,Distribuidora BC,Vendedor_01,1,5243.14,20,4194.51,4194.51,Tarjeta Crédito,No cumplió expectativas,2391.34,21.3
V02677,2025-03-20,Ensenada,Ensenada-Maneadero,Alimentos,Carnes Frías,Importaciones Mex,Vendedor_05,3,4844.27,0,4844.27,14532.81,Tarjeta Crédito,Defecto de fábrica,2747.59,32.6
V02678,2024-10-30,Mexicali,Mexicali-Baja,Ropa,Ropa Interior,Distribuidora BC,Vendedor_22,16,5364.01,0,5364.01,85824.16,Transferencia,Duplicado,3451.54,23.7
V02679,2024-09-21,Ensenada,Ensenada-Centro,Farmacia,Cuidado Personal,Mayoreo TJ,Vendedor_15,8,6008.68,10,5407.81,43262.48,Vale Despensa,Cambio de opinión,3564.96,21.2
V02680,2025-02-28,Mexicali,Mexicali-Baja,Electrónica,Cámaras,Surtimax,Vendedor_30,19,4752.67,10,4277.4,81270.6,Tarjeta Crédito,Cambio de opinión,2856.95,44.9
V02681,2025-05-19,Ensenada,Ensenada-Maneadero,Hogar,Lámparas,Mayoreo TJ,Vendedor_15,4,1427.74,5,1356.35,5425.4,Efectivo,Cambio de opinión,831.33,20.3
V02682,2024-05-12,Mexicali,Mexicali-Nueva,Alimentos,Snacks,Abastos del Pacífico,Vendedor_04,13,1333.14,5,1266.48,16464.24,Transferencia,No,736.11,47.6
V02683,2024-12-10,San Quintín,San Quintín-Central,Farmacia,Primeros Auxilios,Distribuidora BC,Vendedor_03,13,7829.03,10,7046.13,91599.69,Tarjeta Débito,No,4604.31,24.3
V02684,2024-06-14,Tijuana,Tijuana-Garita,Electrónica,Cargadores,Comercial Baja,Vendedor_25,5,102.07,0,102.07,510.35,Tarjeta Crédito,Defecto de fábrica,63.26,28.5
V02685,2025-05-08,Ensenada,Ensenada-Centro,Ferretería,Tornillería,Mayoreo TJ,Vendedor_07,16,3566.71,20,2853.37,45653.92,Vale Despensa,Cambio de opinión,1792.45,43.0
V02686,2024-08-09,Mexicali,Mexicali-Centro,Farmacia,Termómetros,Abastos del Pacífico,Vendedor_25,15,1588.53,0,1588.53,23827.95,Vale Despensa,No,789.14,48.0
V02687,2025-03-27,Ensenada,Ensenada-Centro,Electrónica,Televisores,Distribuidora BC,Vendedor_09,16,1146.73,0,1146.73,18347.68,Tarjeta Débito,No cumplió expectativas,772.33,40.1
V02688,2025-05-23,San Quintín,San Quintín-Central,Ferretería,Selladores,Surtimax,Vendedor_29,7,7771.44,15,6605.72,46240.04,Tarjeta Crédito,Talla incorrecta,4422.73,19.5
V02689,2025-04-09,Tijuana,Tijuana-Playas,Ropa,Camisas,Proveedor Norte SA,Vendedor_22,3,4504.5,5,4279.27,12837.81,Vale Despensa,Duplicado,3139.8,17.1
V02690,2024-05-13,Rosarito,Rosarito-Principal,Ropa,Gorras,Comercial Baja,Vendedor_07,4,3621.87,5,3440.78,13763.12,Tarjeta Crédito,No,2482.2,44.7
V02691,2024-01-28,Rosarito,Rosarito-Principal,Electrónica,Celulares,Mayoreo TJ,Vendedor_14,12,5490.69,25,4118.02,49416.24,Vale Despensa,No,3453.89,15.0
V02692,2024-06-09,Tijuana,Tijuana-La Mesa,Ropa,Vestidos,Logística Frontera,Vendedor_12,3,268.78,25,201.58,604.74,Tarjeta Débito,Talla incorrecta,137.43,54.8
V02693,2024-08-02,San Quintín,San Quintín-Central,Ferretería,Selladores,Surtimax,Vendedor_26,8,6190.78,0,6190.78,49526.24,Vale Despensa,Talla incorrecta,4189.51,50.7
V02694,2024-01-31,Rosarito,Rosarito-Principal,Alimentos,Bebidas,Mayoreo TJ,Vendedor_07,20,3708.94,25,2781.7,55634.0,Efectivo,Duplicado,2428.48,37.0
V02695,2025-04-21,Rosarito,Rosarito-Principal,Hogar,Muebles,Proveedor Norte SA,Vendedor_06,3,7093.62,10,6384.26,19152.78,Tarjeta Crédito,No,3408.07,23.8
V02696,2025-05-11,Tijuana,Tijuana-Garita,Hogar,Almohadas,Surtimax,Vendedor_22,17,3974.32,15,3378.17,57428.89,Vale Despensa,No,2124.36,54.6
V02697,2025-03-24,Rosarito,Rosarito-Principal,Ferretería,Pinturas,Importaciones Mex,Vendedor_13,10,2464.1,0,2464.1,24641.0,Transferencia,No cumplió expectativas,1492.03,42.1
V02698,2024-05-07,Mexicali,Mexicali-Baja,Ropa,Calcetines,Mayoreo TJ,Vendedor_02,18,7645.71,0,7645.71,137622.78,Tarjeta Crédito,Cambio de opinión,4956.77,51.8
V02699,2024-05-29,San Quintín,San Quintín-Central,Farmacia,Bebés,Comercial Baja,Vendedor_29,13,7310.77,10,6579.69,85535.97,Transferencia,Talla incorrecta,3766.49,22.7
V02700,2024-09-19,Ensenada,Ensenada-Centro,Ferretería,Electricidad,Comercial Baja,Vendedor_18,15,897.62,20,718.1,10771.5,Vale Despensa,Defecto de fábrica,554.73,42.8
V02701,2024-02-25,Rosarito,Rosarito-Principal,Ferretería,Adhesivos,Abastos del Pacífico,Vendedor_15,3,3599.82,0,3599.82,10799.46,Tarjeta Débito,No,2500.38,26.6
V02702,2024-11-20,Tijuana,Tijuana-Zona Río,Hogar,Cojines,Comercial Baja,Vendedor_16,18,5242.29,25,3931.72,70770.96,Efectivo,Duplicado,2454.02,21.4
V02703,2024-05-30,Rosarito,Rosarito-Principal,Electrónica,Cables,Importaciones Mex,Vendedor_30,20,5937.25,15,5046.66,100933.2,Transferencia,Cambio de opinión,3483.06,25.8
V02704,2024-12-18,Tijuana,Tijuana-Playas,Electrónica,Cámaras,Comercial Baja,Vendedor_12,13,5044.72,5,4792.48,62302.24,Transferencia,Talla incorrecta,3261.88,22.1
V02705,2024-08-01,Tecate,Tecate-Centro,Electrónica,Tabletas,Comercial Baja,Vendedor_04,16,5362.43,0,5362.43,85798.88,Tarjeta Débito,No,2901.35,50.6
V02706,2024-12-23,Mexicali,Mexicali-Centro,Ropa,Zapatos,Distribuidora BC,Vendedor_12,15,88.63,15,75.34,1130.1,Tarjeta Débito,No,43.03,27.2
V02707,2025-05-17,Ensenada,Ensenada-Maneadero,Hogar,Muebles,Importaciones Mex,Vendedor_14,11,104.91,0,104.91,1154.01,Vale Despensa,No,48.42,53.1
V02708,2024-12-12,Tijuana,Tijuana-Otay,Alimentos,Bebidas,Mayoreo TJ,Vendedor_19,13,6578.17,5,6249.26,81240.38,Vale Despensa,Duplicado,3491.66,44.3
V02709,2025-05-25,Rosarito,Rosarito-Principal,Ferretería,Brochas,Abastos del Pacífico,Vendedor_02,1,6932.66,25,5199.49,5199.49,Efectivo,Defecto de fábrica,3984.06,52.5
V02710,2024-10-11,Tijuana,Tijuana-Playas,Ropa,Zapatos,Distribuidora BC,Vendedor_24,2,6981.44,0,6981.44,13962.88,Transferencia,No,4872.75,50.7
V02711,2025-05-30,Ensenada,Ensenada-Centro,Hogar,Cortinas,Abastos del Pacífico,Vendedor_06,8,705.46,20,564.37,4514.96,Efectivo,No,477.34,50.7
V02712,2025-05-28,San Quintín,San Quintín-Central,Alimentos,Snacks,Abastos del Pacífico,Vendedor_04,12,5925.47,10,5332.92,63995.04,Vale Despensa,No,2887.54,45.4
V02713,2025-01-05,San Quintín,San Quintín-Central,Alimentos,Bebidas,Distribuidora BC,Vendedor_09,17,2228.73,25,1671.55,28416.35,Efectivo,Duplicado,1407.33,39.2
V02714,2024-06-25,Rosarito,Rosarito-Principal,Ropa,Calcetines,Mayoreo TJ,Vendedor_05,19,1697.56,10,1527.8,29028.2,Tarjeta Débito,Talla incorrecta,1066.81,38.0
V02715,2025-04-17,Rosarito,Rosarito-Principal,Electrónica,Cargadores,Importaciones Mex,Vendedor_28,1,4527.34,0,4527.34,4527.34,Tarjeta Débito,Talla incorrecta,2786.37,15.3
V02716,2025-04-09,San Quintín,San Quintín-Central,Ferretería,Electricidad,Distribuidora BC,Vendedor_12,14,7387.81,15,6279.64,87914.96,Tarjeta Crédito,No,3528.53,53.0
V02717,2024-08-24,San Quintín,San Quintín-Central,Hogar,Muebles,Distribuidora BC,Vendedor_29,18,2408.77,20,1927.02,34686.36,Efectivo,No,1325.95,47.8
V02718,2025-01-16,Ensenada,Ensenada-Maneadero,Hogar,Almohadas,Abastos del Pacífico,Vendedor_13,13,3957.82,25,2968.37,38588.81,Transferencia,No,2633.26,34.2
V02719,2025-03-22,Tecate,Tecate-Centro,Ferretería,Adhesivos,Surtimax,Vendedor_29,5,1049.49,15,892.07,4460.35,Tarjeta Crédito,Cambio de opinión,715.38,17.8
V02720,2025-04-24,Ensenada,Ensenada-Centro,Alimentos,Condimentos,Logística Frontera,Vendedor_24,5,4257.3,25,3192.98,15964.9,Tarjeta Crédito,No,2066.65,15.2
V02721,2025-04-23,Tijuana,Tijuana-Zona Río,Alimentos,Snacks,Abastos del Pacífico,Vendedor_26,20,3342.52,0,3342.52,66850.4,Tarjeta Crédito,Duplicado,1533.13,30.2
V02722,2024-02-08,Tecate,Tecate-Centro,Alimentos,Cereales,Mayoreo TJ,Vendedor_26,7,6893.68,20,5514.94,38604.58,Efectivo,Duplicado,3544.98,17.2
V02723,2024-01-21,Tijuana,Tijuana-Zona Río,Farmacia,Cuidado Personal,Distribuidora BC,Vendedor_30,8,7998.61,5,7598.68,60789.44,Efectivo,Talla incorrecta,5201.04,35.3
V02724,2025-05-25,San Quintín,San Quintín-Central,Hogar,Decoración,Surtimax,Vendedor_05,11,2050.16,15,1742.64,19169.04,Tarjeta Crédito,No,1104.77,37.8
V02725,2024-12-20,Tijuana,Tijuana-Playas,Electrónica,Audífonos,Importaciones Mex,Vendedor_11,9,1583.22,25,1187.41,10686.69,Efectivo,No,1083.5,53.3
V02726,2024-12-02,Rosarito,Rosarito-Principal,Farmacia,Termómetros,Abastos del Pacífico,Vendedor_14,8,5715.32,0,5715.32,45722.56,Vale Despensa,No,3189.19,50.1
V02727,2024-03-10,San Quintín,San Quintín-Central,Ferretería,Adhesivos,Mayoreo TJ,Vendedor_11,9,5699.2,20,4559.36,41034.24,Transferencia,No,3852.6,42.7
V02728,2024-11-09,Rosarito,Rosarito-Principal,Farmacia,Anteojos,Abastos del Pacífico,Vendedor_23,20,1074.83,20,859.86,17197.2,Tarjeta Débito,No,642.72,30.7
V02729,2025-05-11,San Quintín,San Quintín-Central,Ropa,Calcetines,Comercial Baja,Vendedor_07,4,4225.43,15,3591.62,14366.48,Transferencia,No,2409.96,44.1
V02730,2024-02-29,Rosarito,Rosarito-Principal,Electrónica,Televisores,Surtimax,Vendedor_28,3,1092.37,25,819.28,2457.84,Tarjeta Débito,No,720.06,22.5
V02731,2024-03-18,San Quintín,San Quintín-Central,Ropa,Pantalones,Proveedor Norte SA,Vendedor_21,12,7325.1,0,7325.1,87901.2,Tarjeta Crédito,No,4942.68,44.2
V02732,2024-02-06,Tecate,Tecate-Centro,Alimentos,Panadería,Abastos del Pacífico,Vendedor_11,5,3365.73,0,3365.73,16828.65,Transferencia,Talla incorrecta,1857.91,40.3
V02733,2024-07-12,Mexicali,Mexicali-Nueva,Ropa,Ropa Interior,Abastos del Pacífico,Vendedor_05,10,339.93,0,339.93,3399.3,Tarjeta Crédito,No cumplió expectativas,173.41,36.5
V02734,2024-10-17,Ensenada,Ensenada-Centro,Ropa,Camisas,Logística Frontera,Vendedor_29,11,5163.48,15,4388.96,48278.56,Tarjeta Débito,Talla incorrecta,2402.68,50.4
V02735,2024-01-15,Rosarito,Rosarito-Principal,Ropa,Ropa Interior,Importaciones Mex,Vendedor_24,12,441.7,10,397.53,4770.36,Tarjeta Débito,No,302.75,35.6
V02736,2024-07-26,Rosarito,Rosarito-Principal,Electrónica,Celulares,Proveedor Norte SA,Vendedor_30,10,2156.74,0,2156.74,21567.4,Vale Despensa,Talla incorrecta,977.02,34.4
V02737,2025-05-15,San Quintín,San Quintín-Central,Ropa,Ropa Interior,Importaciones Mex,Vendedor_16,5,5635.7,5,5353.91,26769.55,Transferencia,No,3035.67,25.3
V02738,2024-12-11,Tecate,Tecate-Centro,Hogar,Cobijas,Logística Frontera,Vendedor_18,8,3578.31,25,2683.73,21469.84,Efectivo,No,1867.97,52.5
V02739,2024-08-10,Mexicali,Mexicali-Baja,Hogar,Almohadas,Mayoreo TJ,Vendedor_20,19,890.73,5,846.19,16077.61,Tarjeta Crédito,No,440.74,43.3
V02740,2024-09-17,Mexicali,Mexicali-Centro,Alimentos,Snacks,Importaciones Mex,Vendedor_19,7,7473.21,0,7473.21,52312.47,Efectivo,Duplicado,4178.77,33.9
V02741,2024-07-12,San Quintín,San Quintín-Central,Ferretería,Tornillería,Distribuidora BC,Vendedor_27,16,7138.53,25,5353.9,85662.4,Tarjeta Débito,Duplicado,4288.51,39.1
V02742,2025-03-28,Tijuana,Tijuana-Otay,Hogar,Lámparas,Importaciones Mex,Vendedor_19,5,5524.81,0,5524.81,27624.05,Tarjeta Crédito,No,2921.32,41.7
V02743,2024-07-10,Tijuana,Tijuana-Playas,Ropa,Pantalones,Proveedor Norte SA,Vendedor_27,14,6328.68,0,6328.68,88601.52,Transferencia,No cumplió expectativas,4202.84,43.9
V02744,2025-02-07,Ensenada,Ensenada-Centro,Electrónica,Televisores,Importaciones Mex,Vendedor_13,7,5751.27,10,5176.14,36232.98,Tarjeta Crédito,Cambio de opinión,3005.18,23.4
V02745,2024-06-09,Mexicali,Mexicali-Nueva,Ferretería,Selladores,Proveedor Norte SA,Vendedor_15,5,4726.5,10,4253.85,21269.25,Tarjeta Débito,Defecto de fábrica,2322.07,50.6
V02746,2024-02-18,Tecate,Tecate-Centro,Farmacia,Cuidado Personal,Comercial Baja,Vendedor_30,17,2587.16,25,1940.37,32986.29,Vale Despensa,No,1370.94,34.3
V02747,2024-02-10,Tijuana,Tijuana-Zona Río,Ropa,Zapatos,Proveedor Norte SA,Vendedor_19,7,4346.24,15,3694.3,25860.1,Efectivo,Defecto de fábrica,2933.18,41.6
V02748,2025-04-01,Mexicali,Mexicali-Nueva,Ropa,Ropa Interior,Logística Frontera,Vendedor_13,16,4140.11,20,3312.09,52993.44,Tarjeta Crédito,No,2433.9,19.8
V02749,2024-10-23,Mexicali,Mexicali-Nueva,Farmacia,Primeros Auxilios,Abastos del Pacífico,Vendedor_21,8,7713.22,0,7713.22,61705.76,Tarjeta Débito,Cambio de opinión,3895.6,43.5
V02750,2024-12-08,Tecate,Tecate-Centro,Farmacia,Anteojos,Abastos del Pacífico,Vendedor_24,3,6852.58,10,6167.32,18501.96,Tarjeta Débito,Cambio de opinión,3653.96,33.6
V02751,2025-05-26,Tecate,Tecate-Centro,Alimentos,Bebidas,Abastos del Pacífico,Vendedor_12,4,6550.12,15,5567.6,22270.4,Vale Despensa,No,3538.59,38.2
V02752,2025-04-03,Ensenada,Ensenada-Maneadero,Electrónica,Televisores,Mayoreo TJ,Vendedor_06,8,6295.85,5,5981.06,47848.48,Vale Despensa,No,4159.99,44.5
V02753,2024-05-10,Rosarito,Rosarito-Principal,Farmacia,Higiene,Distribuidora BC,Vendedor_24,6,751.79,0,751.79,4510.74,Tarjeta Crédito,No,401.93,34.2
V02754,2025-05-11,Rosarito,Rosarito-Principal,Farmacia,Cuidado Personal,Abastos del Pacífico,Vendedor_02,8,3652.62,0,3652.62,29220.96,Tarjeta Crédito,No,1707.68,20.8
V02755,2024-03-20,Tecate,Tecate-Centro,Ropa,Camisas,Comercial Baja,Vendedor_05,2,1519.84,25,1139.88,2279.76,Tarjeta Débito,Duplicado,908.23,20.7
V02756,2024-07-13,Tijuana,Tijuana-Zona Río,Ropa,Ropa Interior,Mayoreo TJ,Vendedor_06,10,5125.08,0,5125.08,51250.8,Vale Despensa,No,3123.69,16.3
V02757,2025-04-16,San Quintín,San Quintín-Central,Ferretería,Selladores,Surtimax,Vendedor_07,1,7187.27,10,6468.54,6468.54,Vale Despensa,No,3332.08,36.8
V02758,2024-01-25,Rosarito,Rosarito-Principal,Farmacia,Primeros Auxilios,Comercial Baja,Vendedor_17,15,6024.62,20,4819.7,72295.5,Tarjeta Débito,Defecto de fábrica,3179.05,31.0
V02759,2024-01-05,Tecate,Tecate-Centro,Ferretería,Electricidad,Logística Frontera,Vendedor_07,14,5518.27,5,5242.36,73393.04,Vale Despensa,No,3046.74,21.4
V02760,2024-07-04,San Quintín,San Quintín-Central,Farmacia,Medicamentos,Abastos del Pacífico,Vendedor_06,19,4258.55,15,3619.77,68775.63,Vale Despensa,No,2423.89,22.4
V02761,2024-09-07,Tecate,Tecate-Centro,Ropa,Vestidos,Abastos del Pacífico,Vendedor_30,16,2652.79,0,2652.79,42444.64,Vale Despensa,Cambio de opinión,1737.6,39.2
V02762,2024-09-16,Mexicali,Mexicali-Baja,Electrónica,Audífonos,Abastos del Pacífico,Vendedor_14,8,3766.82,5,3578.48,28627.84,Transferencia,Cambio de opinión,1794.28,29.1
V02763,2025-05-29,Ensenada,Ensenada-Maneadero,Electrónica,Televisores,Abastos del Pacífico,Vendedor_25,6,7843.55,20,6274.84,37649.04,Vale Despensa,No,4893.19,53.2
V02764,2024-09-08,Rosarito,Rosarito-Principal,Alimentos,Panadería,Surtimax,Vendedor_03,1,4852.36,10,4367.12,4367.12,Vale Despensa,No,3344.58,39.9
V02765,2024-08-21,Ensenada,Ensenada-Maneadero,Electrónica,Tabletas,Distribuidora BC,Vendedor_18,2,5354.41,10,4818.97,9637.94,Tarjeta Débito,Duplicado,3138.29,19.9
V02766,2024-07-27,Rosarito,Rosarito-Principal,Alimentos,Condimentos,Comercial Baja,Vendedor_20,5,3395.58,0,3395.58,16977.9,Tarjeta Débito,No,2064.21,39.4
V02767,2025-01-29,Tijuana,Tijuana-Garita,Farmacia,Higiene,Distribuidora BC,Vendedor_17,3,1321.55,0,1321.55,3964.65,Tarjeta Crédito,Duplicado,654.29,15.2
V02768,2024-07-18,Mexicali,Mexicali-Centro,Ferretería,Pinturas,Abastos del Pacífico,Vendedor_21,3,2942.31,5,2795.19,8385.57,Tarjeta Débito,Duplicado,1823.42,26.6
V02769,2024-07-06,Tijuana,Tijuana-Zona Río,Ferretería,Tornillería,Distribuidora BC,Vendedor_18,2,682.42,25,511.81,1023.62,Vale Despensa,Duplicado,463.22,34.4
V02770,2025-04-12,Tijuana,Tijuana-Garita,Ropa,Ropa Interior,Surtimax,Vendedor_13,4,4854.94,5,4612.19,18448.76,Vale Despensa,No,3031.29,15.5
V02771,2025-01-20,San Quintín,San Quintín-Central,Farmacia,Vitaminas,Importaciones Mex,Vendedor_27,15,5266.46,0,5266.46,78996.9,Tarjeta Débito,No,3606.22,49.0
V02772,2025-01-16,Rosarito,Rosarito-Principal,Alimentos,Carnes Frías,Surtimax,Vendedor_10,4,6284.06,25,4713.05,18852.2,Transferencia,Talla incorrecta,3306.11,39.8
V02773,2024-05-16,Tijuana,Tijuana-La Mesa,Farmacia,Medicamentos,Mayoreo TJ,Vendedor_18,1,7188.38,25,5391.28,5391.28,Tarjeta Débito,No,4863.14,48.8
V02774,2024-07-25,Tijuana,Tijuana-Garita,Ferretería,Plomería,Distribuidora BC,Vendedor_06,18,5271.47,0,5271.47,94886.46,Tarjeta Débito,Cambio de opinión,2593.21,30.2
V02775,2024-09-28,San Quintín,San Quintín-Central,Electrónica,Cargadores,Importaciones Mex,Vendedor_05,6,6895.91,5,6551.11,39306.66,Tarjeta Crédito,Talla incorrecta,3425.37,33.0
V02776,2024-04-24,Mexicali,Mexicali-Baja,Ropa,Camisas,Abastos del Pacífico,Vendedor_15,8,7078.24,0,7078.24,56625.92,Vale Despensa,Talla incorrecta,3798.05,26.6
V02777,2024-03-26,Rosarito,Rosarito-Principal,Ropa,Calcetines,Comercial Baja,Vendedor_17,4,3978.15,0,3978.15,15912.6,Efectivo,No,1902.49,32.3
V02778,2024-11-23,Tecate,Tecate-Centro,Farmacia,Higiene,Surtimax,Vendedor_07,6,7627.03,0,7627.03,45762.18,Vale Despensa,Talla incorrecta,4189.1,25.3
V02779,2024-02-11,Mexicali,Mexicali-Baja,Hogar,Cojines,Logística Frontera,Vendedor_03,6,6248.72,0,6248.72,37492.32,Transferencia,No,3883.22,52.2
V02780,2024-07-21,Ensenada,Ensenada-Centro,Farmacia,Medicamentos,Logística Frontera,Vendedor_25,12,2299.16,0,2299.16,27589.92,Efectivo,Talla incorrecta,1069.48,28.7
V02781,2024-10-25,Tecate,Tecate-Centro,Alimentos,Snacks,Comercial Baja,Vendedor_15,6,4244.56,15,3607.88,21647.28,Efectivo,No,2156.96,34.9
V02782,2024-08-20,Ensenada,Ensenada-Maneadero,Hogar,Cortinas,Comercial Baja,Vendedor_13,18,443.61,0,443.61,7984.98,Tarjeta Crédito,Defecto de fábrica,272.81,48.2
V02783,2025-05-24,Ensenada,Ensenada-Centro,Alimentos,Conservas,Comercial Baja,Vendedor_06,3,5757.2,0,5757.2,17271.6,Transferencia,No cumplió expectativas,3513.68,54.3
V02784,2024-08-29,Mexicali,Mexicali-Nueva,Ropa,Vestidos,Proveedor Norte SA,Vendedor_12,18,4539.43,0,4539.43,81709.74,Efectivo,No cumplió expectativas,2144.87,21.3
V02785,2024-02-01,Mexicali,Mexicali-Baja,Electrónica,Cables,Proveedor Norte SA,Vendedor_12,18,7168.36,20,5734.69,103224.42,Efectivo,Talla incorrecta,3546.13,16.7
V02786,2024-03-20,Ensenada,Ensenada-Centro,Electrónica,Cámaras,Comercial Baja,Vendedor_02,16,5122.39,10,4610.15,73762.4,Transferencia,Talla incorrecta,2652.78,29.1
V02787,2024-09-17,Tecate,Tecate-Centro,Ferretería,Selladores,Comercial Baja,Vendedor_24,6,7619.42,0,7619.42,45716.52,Vale Despensa,Defecto de fábrica,3476.82,40.4
V02788,2024-10-07,Rosarito,Rosarito-Principal,Ropa,Pantalones,Abastos del Pacífico,Vendedor_16,4,4641.52,0,4641.52,18566.08,Transferencia,No,2627.94,31.6
V02789,2024-04-08,Tijuana,Tijuana-Zona Río,Alimentos,Lácteos,Proveedor Norte SA,Vendedor_19,1,2180.4,20,1744.32,1744.32,Tarjeta Débito,No,1411.89,33.0
V02790,2024-05-12,Ensenada,Ensenada-Maneadero,Electrónica,Cámaras,Importaciones Mex,Vendedor_18,2,6966.51,25,5224.88,10449.76,Efectivo,No cumplió expectativas,3573.09,54.4
V02791,2024-07-13,Mexicali,Mexicali-Baja,Hogar,Cobijas,Proveedor Norte SA,Vendedor_20,11,3551.4,0,3551.4,39065.4,Tarjeta Crédito,No cumplió expectativas,2162.9,40.8
V02792,2025-05-25,Mexicali,Mexicali-Nueva,Alimentos,Condimentos,Comercial Baja,Vendedor_06,17,6281.53,15,5339.3,90768.1,Vale Despensa,No cumplió expectativas,3780.98,53.0
V02793,2024-09-18,Mexicali,Mexicali-Nueva,Farmacia,Bebés,Importaciones Mex,Vendedor_19,6,5619.67,0,5619.67,33718.02,Vale Despensa,Defecto de fábrica,3092.06,31.9
V02794,2025-04-10,San Quintín,San Quintín-Central,Hogar,Utensilios,Importaciones Mex,Vendedor_11,5,4293.04,10,3863.74,19318.7,Transferencia,Duplicado,2786.25,28.9
V02795,2025-02-18,San Quintín,San Quintín-Central,Ferretería,Pinturas,Mayoreo TJ,Vendedor_16,15,4446.94,20,3557.55,53363.25,Tarjeta Débito,No cumplió expectativas,2371.88,54.2
V02796,2024-04-16,Mexicali,Mexicali-Centro,Alimentos,Snacks,Abastos del Pacífico,Vendedor_07,2,7515.66,0,7515.66,15031.32,Tarjeta Débito,No,3889.67,17.4
V02797,2024-12-17,Ensenada,Ensenada-Centro,Electrónica,Cargadores,Abastos del Pacífico,Vendedor_07,9,3216.94,5,3056.09,27504.81,Transferencia,No cumplió expectativas,1585.41,49.7
V02798,2024-10-17,Rosarito,Rosarito-Principal,Ropa,Zapatos,Logística Frontera,Vendedor_12,2,1599.92,25,1199.94,2399.88,Tarjeta Crédito,Cambio de opinión,1039.63,19.7
V02799,2024-03-20,San Quintín,San Quintín-Central,Ropa,Chamarras,Comercial Baja,Vendedor_11,3,6976.54,0,6976.54,20929.62,Tarjeta Crédito,Talla incorrecta,4690.69,25.6
V02800,2024-11-02,Rosarito,Rosarito-Principal,Hogar,Utensilios,Logística Frontera,Vendedor_13,18,1375.27,0,1375.27,24754.86,Tarjeta Débito,No cumplió expectativas,792.73,51.0
V02801,2025-05-17,Tijuana,Tijuana-Otay,Ferretería,Pinturas,Mayoreo TJ,Vendedor_29,9,1027.98,20,822.38,7401.42,Tarjeta Crédito,No,632.37,26.5
V02802,2024-08-07,Rosarito,Rosarito-Principal,Ropa,Chamarras,Comercial Baja,Vendedor_12,11,3555.37,5,3377.6,37153.6,Vale Despensa,No,2321.64,29.4
V02803,2024-03-18,Tijuana,Tijuana-Garita,Hogar,Decoración,Importaciones Mex,Vendedor_28,12,6485.69,10,5837.12,70045.44,Tarjeta Crédito,No,3697.02,37.8
V02804,2024-11-28,San Quintín,San Quintín-Central,Electrónica,Cargadores,Distribuidora BC,Vendedor_01,9,7664.99,0,7664.99,68984.91,Vale Despensa,Duplicado,3625.14,25.0
V02805,2024-11-11,Ensenada,Ensenada-Centro,Farmacia,Termómetros,Proveedor Norte SA,Vendedor_27,6,4303.83,20,3443.06,20658.36,Efectivo,Duplicado,2927.59,40.3
V02806,2025-02-27,Tijuana,Tijuana-La Mesa,Hogar,Almohadas,Comercial Baja,Vendedor_30,13,958.14,0,958.14,12455.82,Tarjeta Crédito,Duplicado,576.59,50.2
V02807,2024-12-12,Mexicali,Mexicali-Centro,Ferretería,Brochas,Abastos del Pacífico,Vendedor_03,13,4801.88,0,4801.88,62424.44,Tarjeta Crédito,Defecto de fábrica,2686.38,29.0
V02808,2024-03-24,Tijuana,Tijuana-Garita,Electrónica,Celulares,Proveedor Norte SA,Vendedor_01,7,2581.45,0,2581.45,18070.15,Tarjeta Crédito,No,1653.12,22.5
V02809,2024-04-25,Tecate,Tecate-Centro,Ferretería,Selladores,Proveedor Norte SA,Vendedor_18,5,6324.16,5,6007.95,30039.75,Transferencia,No cumplió expectativas,4250.73,25.6
V02810,2025-02-08,San Quintín,San Quintín-Central,Ropa,Ropa Interior,Comercial Baja,Vendedor_17,20,341.66,25,256.25,5125.0,Tarjeta Crédito,No,167.75,52.3
V02811,2024-09-20,San Quintín,San Quintín-Central,Alimentos,Bebidas,Proveedor Norte SA,Vendedor_21,5,2262.2,10,2035.98,10179.9,Transferencia,No,1144.02,34.5
V02812,2025-01-12,Mexicali,Mexicali-Nueva,Ferretería,Selladores,Surtimax,Vendedor_24,19,588.45,15,500.18,9503.42,Vale Despensa,No cumplió expectativas,369.06,39.0
V02813,2025-05-30,Tecate,Tecate-Centro,Farmacia,Termómetros,Importaciones Mex,Vendedor_01,16,5595.36,5,5315.59,85049.44,Tarjeta Crédito,No cumplió expectativas,2957.7,34.1
V02814,2024-04-12,Tecate,Tecate-Centro,Hogar,Cortinas,Surtimax,Vendedor_19,10,3504.66,25,2628.49,26284.9,Tarjeta Débito,Defecto de fábrica,2107.39,44.2
V02815,2024-02-27,Rosarito,Rosarito-Principal,Alimentos,Snacks,Surtimax,Vendedor_26,19,6186.45,5,5877.13,111665.47,Transferencia,Duplicado,3931.6,50.0
V02816,2024-01-16,Rosarito,Rosarito-Principal,Ferretería,Selladores,Abastos del Pacífico,Vendedor_07,14,4970.83,20,3976.66,55673.24,Tarjeta Crédito,No,2618.7,33.7
V02817,2024-02-28,Tecate,Tecate-Centro,Hogar,Decoración,Logística Frontera,Vendedor_05,3,6769.82,0,6769.82,20309.46,Transferencia,Talla incorrecta,3326.0,20.5
V02818,2024-12-19,Ensenada,Ensenada-Maneadero,Electrónica,Televisores,Logística Frontera,Vendedor_02,9,7017.77,0,7017.77,63159.93,Vale Despensa,No,3770.37,46.4
V02819,2024-10-10,San Quintín,San Quintín-Central,Alimentos,Cereales,Comercial Baja,Vendedor_25,6,3019.33,15,2566.43,15398.58,Transferencia,Duplicado,1935.23,52.8
V02820,2025-04-14,Ensenada,Ensenada-Centro,Hogar,Almohadas,Comercial Baja,Vendedor_29,11,7373.13,15,6267.16,68938.76,Tarjeta Crédito,Duplicado,4350.39,45.0
V02821,2024-12-04,San Quintín,San Quintín-Central,Farmacia,Higiene,Logística Frontera,Vendedor_14,6,2675.55,0,2675.55,16053.3,Transferencia,No,1734.5,48.8
V02822,2025-05-06,Tijuana,Tijuana-Garita,Farmacia,Termómetros,Mayoreo TJ,Vendedor_20,6,6453.21,0,6453.21,38719.26,Tarjeta Crédito,No,3811.6,45.4
V02823,2024-09-17,Tecate,Tecate-Centro,Ropa,Zapatos,Proveedor Norte SA,Vendedor_05,16,6302.98,20,5042.38,80678.08,Efectivo,No,4128.35,41.6
V02824,2024-12-16,Ensenada,Ensenada-Maneadero,Electrónica,Cámaras,Distribuidora BC,Vendedor_05,3,57.33,10,51.6,154.8,Tarjeta Crédito,No,27.86,37.6
V02825,2024-07-25,Ensenada,Ensenada-Maneadero,Alimentos,Carnes Frías,Comercial Baja,Vendedor_13,3,6705.39,15,5699.58,17098.74,Tarjeta Débito,No,3576.84,39.6
V02826,2024-10-04,Tecate,Tecate-Centro,Alimentos,Lácteos,Surtimax,Vendedor_05,1,5797.98,0,5797.98,5797.98,Efectivo,Defecto de fábrica,3185.81,24.8
V02827,2025-05-22,Ensenada,Ensenada-Maneadero,Electrónica,Laptops,Comercial Baja,Vendedor_05,17,4241.32,25,3180.99,54076.83,Vale Despensa,Duplicado,2098.98,30.3
V02828,2024-04-14,Ensenada,Ensenada-Centro,Farmacia,Cuidado Personal,Distribuidora BC,Vendedor_16,10,5547.77,0,5547.77,55477.7,Efectivo,No,3612.22,47.2
V02829,2024-10-15,Tijuana,Tijuana-Otay,Ropa,Zapatos,Logística Frontera,Vendedor_08,10,536.18,15,455.75,4557.5,Transferencia,Talla incorrecta,328.77,49.6
V02830,2024-08-15,Tijuana,Tijuana-Otay,Farmacia,Medicamentos,Proveedor Norte SA,Vendedor_24,3,5062.17,5,4809.06,14427.18,Tarjeta Débito,No,3143.8,17.7
V02831,2025-04-13,Rosarito,Rosarito-Principal,Hogar,Cortinas,Comercial Baja,Vendedor_08,16,5812.69,20,4650.15,74402.4,Transferencia,No,3112.79,53.2
V02832,2024-09-13,Tecate,Tecate-Centro,Alimentos,Conservas,Distribuidora BC,Vendedor_20,7,2425.42,0,2425.42,16977.94,Tarjeta Crédito,No,1580.11,42.8
V02833,2025-01-25,Mexicali,Mexicali-Baja,Farmacia,Vitaminas,Importaciones Mex,Vendedor_19,5,907.64,0,907.64,4538.2,Tarjeta Crédito,No,492.73,24.4
V02834,2024-03-25,Tijuana,Tijuana-Zona Río,Ferretería,Tornillería,Surtimax,Vendedor_22,7,1577.52,5,1498.64,10490.48,Efectivo,Duplicado,832.66,41.2
V02835,2024-09-13,Ensenada,Ensenada-Maneadero,Farmacia,Medicamentos,Abastos del Pacífico,Vendedor_05,13,3742.85,0,3742.85,48657.05,Transferencia,Defecto de fábrica,1697.57,32.6
V02836,2025-05-03,San Quintín,San Quintín-Central,Alimentos,Bebidas,Mayoreo TJ,Vendedor_04,10,5983.48,10,5385.13,53851.3,Transferencia,No,4127.38,37.5
V02837,2024-02-25,Mexicali,Mexicali-Nueva,Alimentos,Lácteos,Logística Frontera,Vendedor_02,8,3652.67,25,2739.5,21916.0,Transferencia,No cumplió expectativas,2161.27,48.0
V02838,2024-07-30,Mexicali,Mexicali-Baja,Ropa,Camisas,Comercial Baja,Vendedor_25,17,1303.58,15,1108.04,18836.68,Efectivo,No,639.02,36.8
V02839,2025-01-01,Rosarito,Rosarito-Principal,Ferretería,Pinturas,Abastos del Pacífico,Vendedor_22,20,4754.34,10,4278.91,85578.2,Tarjeta Crédito,Talla incorrecta,2882.25,17.7
V02840,2025-03-18,San Quintín,San Quintín-Central,Alimentos,Cereales,Surtimax,Vendedor_05,10,5271.65,10,4744.48,47444.8,Tarjeta Débito,Cambio de opinión,3459.08,15.2
V02841,2025-01-19,Ensenada,Ensenada-Centro,Alimentos,Lácteos,Surtimax,Vendedor_11,17,2460.11,0,2460.11,41821.87,Tarjeta Crédito,No,1410.7,15.4
V02842,2024-05-07,Tijuana,Tijuana-Zona Río,Ferretería,Brochas,Abastos del Pacífico,Vendedor_15,2,6108.63,15,5192.34,10384.68,Efectivo,Cambio de opinión,3892.13,39.6
V02843,2024-05-11,Mexicali,Mexicali-Baja,Hogar,Cobijas,Proveedor Norte SA,Vendedor_02,2,6082.22,15,5169.89,10339.78,Tarjeta Crédito,No,3749.74,33.5
V02844,2024-09-11,San Quintín,San Quintín-Central,Farmacia,Termómetros,Abastos del Pacífico,Vendedor_04,2,1968.44,20,1574.75,3149.5,Tarjeta Débito,Talla incorrecta,1212.37,15.5
V02845,2025-05-07,Tecate,Tecate-Centro,Farmacia,Vitaminas,Mayoreo TJ,Vendedor_16,12,3113.46,10,2802.11,33625.32,Tarjeta Crédito,No,1625.68,22.2
V02846,2024-12-29,Rosarito,Rosarito-Principal,Ropa,Calcetines,Abastos del Pacífico,Vendedor_30,3,3944.59,15,3352.9,10058.7,Transferencia,Defecto de fábrica,2288.92,35.3
V02847,2025-03-01,Ensenada,Ensenada-Maneadero,Farmacia,Termómetros,Distribuidora BC,Vendedor_28,12,923.0,15,784.55,9414.6,Transferencia,No,511.02,54.4
V02848,2024-09-13,Ensenada,Ensenada-Centro,Ferretería,Plomería,Proveedor Norte SA,Vendedor_11,13,3393.59,5,3223.91,41910.83,Vale Despensa,No,2275.92,27.5
V02849,2024-07-11,San Quintín,San Quintín-Central,Electrónica,Laptops,Mayoreo TJ,Vendedor_09,14,1791.71,15,1522.95,21321.3,Tarjeta Crédito,No cumplió expectativas,1223.34,35.4
V02850,2024-05-28,Ensenada,Ensenada-Maneadero,Ferretería,Selladores,Comercial Baja,Vendedor_28,3,585.64,0,585.64,1756.92,Tarjeta Crédito,No,345.24,45.4
V02851,2024-03-28,Tecate,Tecate-Centro,Ferretería,Electricidad,Abastos del Pacífico,Vendedor_30,7,4228.48,20,3382.78,23679.46,Tarjeta Débito,No,1964.61,21.5
V02852,2024-12-21,San Quintín,San Quintín-Central,Alimentos,Carnes Frías,Distribuidora BC,Vendedor_14,6,3140.02,0,3140.02,18840.12,Tarjeta Crédito,No,1517.53,15.2
V02853,2025-05-14,Tijuana,Tijuana-Otay,Hogar,Utensilios,Importaciones Mex,Vendedor_04,4,3272.66,0,3272.66,13090.64,Vale Despensa,No,1546.72,48.0
V02854,2024-08-19,Tecate,Tecate-Centro,Hogar,Muebles,Proveedor Norte SA,Vendedor_14,12,6703.0,15,5697.55,68370.6,Tarjeta Débito,No,3307.56,15.5
V02855,2025-04-10,Mexicali,Mexicali-Baja,Hogar,Cortinas,Abastos del Pacífico,Vendedor_20,16,1688.38,15,1435.12,22961.92,Tarjeta Crédito,No,829.92,39.3
V02856,2024-06-12,Ensenada,Ensenada-Centro,Electrónica,Audífonos,Importaciones Mex,Vendedor_01,7,7044.99,0,7044.99,49314.93,Tarjeta Débito,No,4495.4,27.3
V02857,2024-11-28,Rosarito,Rosarito-Principal,Farmacia,Termómetros,Importaciones Mex,Vendedor_26,7,2471.62,20,1977.3,13841.1,Tarjeta Crédito,No cumplió expectativas,1630.68,18.2
V02858,2024-12-03,Rosarito,Rosarito-Principal,Electrónica,Tabletas,Abastos del Pacífico,Vendedor_05,14,6686.7,0,6686.7,93613.8,Efectivo,No,3948.8,23.0
V02859,2024-03-21,San Quintín,San Quintín-Central,Farmacia,Vitaminas,Comercial Baja,Vendedor_26,17,796.4,0,796.4,13538.8,Vale Despensa,No,364.36,52.6
V02860,2024-11-07,San Quintín,San Quintín-Central,Hogar,Almohadas,Mayoreo TJ,Vendedor_17,20,3176.29,20,2541.03,50820.6,Efectivo,No,1945.51,21.3
V02861,2024-02-20,Ensenada,Ensenada-Maneadero,Alimentos,Snacks,Logística Frontera,Vendedor_01,20,1580.33,25,1185.25,23705.0,Tarjeta Débito,No cumplió expectativas,904.96,23.7
V02862,2024-12-17,San Quintín,San Quintín-Central,Farmacia,Vitaminas,Comercial Baja,Vendedor_23,9,5298.2,0,5298.2,47683.8,Tarjeta Crédito,No cumplió expectativas,2933.28,48.2
V02863,2025-04-10,Rosarito,Rosarito-Principal,Electrónica,Tabletas,Proveedor Norte SA,Vendedor_15,17,483.39,20,386.71,6574.07,Efectivo,No,232.73,49.3
V02864,2024-03-14,Tecate,Tecate-Centro,Ropa,Chamarras,Surtimax,Vendedor_06,18,6801.26,10,6121.13,110180.34,Vale Despensa,No,4686.41,24.5
V02865,2025-04-23,Rosarito,Rosarito-Principal,Electrónica,Laptops,Comercial Baja,Vendedor_14,19,2657.65,10,2391.89,45445.91,Tarjeta Crédito,No,1577.54,24.8
V02866,2024-06-19,San Quintín,San Quintín-Central,Hogar,Decoración,Abastos del Pacífico,Vendedor_04,5,3551.68,15,3018.93,15094.65,Vale Despensa,No cumplió expectativas,2180.3,41.3
V02867,2024-10-30,San Quintín,San Quintín-Central,Ropa,Chamarras,Logística Frontera,Vendedor_24,19,4517.1,10,4065.39,77242.41,Tarjeta Crédito,Duplicado,2549.92,48.3
V02868,2024-12-14,Tecate,Tecate-Centro,Electrónica,Tabletas,Proveedor Norte SA,Vendedor_23,11,7352.53,20,5882.02,64702.22,Vale Despensa,Defecto de fábrica,4872.55,42.9
V02869,2024-08-01,Rosarito,Rosarito-Principal,Farmacia,Anteojos,Surtimax,Vendedor_30,5,5971.27,5,5672.71,28363.55,Vale Despensa,No,3816.56,30.3
V02870,2025-03-01,Tijuana,Tijuana-Garita,Ferretería,Electricidad,Distribuidora BC,Vendedor_18,1,741.33,25,556.0,556.0,Tarjeta Crédito,No,458.02,31.4
V02871,2024-01-01,San Quintín,San Quintín-Central,Ferretería,Herramientas,Proveedor Norte SA,Vendedor_29,5,7962.2,25,5971.65,29858.25,Tarjeta Débito,No cumplió expectativas,5427.07,43.5
V02872,2025-05-03,Rosarito,Rosarito-Principal,Electrónica,Celulares,Importaciones Mex,Vendedor_15,13,140.68,20,112.54,1463.02,Tarjeta Débito,No,96.52,23.0
V02873,2025-03-06,Tecate,Tecate-Centro,Alimentos,Panadería,Proveedor Norte SA,Vendedor_15,12,4051.13,20,3240.9,38890.8,Efectivo,No,2409.72,42.9
V02874,2025-02-21,Ensenada,Ensenada-Maneadero,Farmacia,Bebés,Comercial Baja,Vendedor_02,7,3948.55,10,3553.7,24875.9,Tarjeta Crédito,No,2034.13,47.7
V02875,2024-12-15,Mexicali,Mexicali-Nueva,Ropa,Pantalones,Abastos del Pacífico,Vendedor_29,19,3170.14,0,3170.14,60232.66,Vale Despensa,Cambio de opinión,1944.72,34.8
V02876,2024-05-07,Mexicali,Mexicali-Nueva,Farmacia,Medicamentos,Mayoreo TJ,Vendedor_11,18,6052.67,20,4842.14,87158.52,Tarjeta Débito,Defecto de fábrica,4208.15,20.5
V02877,2024-02-19,Rosarito,Rosarito-Principal,Hogar,Almohadas,Surtimax,Vendedor_17,16,1065.85,10,959.26,15348.16,Efectivo,Defecto de fábrica,561.13,49.0
V02878,2024-02-11,Ensenada,Ensenada-Maneadero,Electrónica,Cargadores,Distribuidora BC,Vendedor_30,1,4886.75,25,3665.06,3665.06,Vale Despensa,Defecto de fábrica,3019.43,53.6
V02879,2024-11-12,Tijuana,Tijuana-La Mesa,Ropa,Ropa Interior,Logística Frontera,Vendedor_08,8,2098.18,25,1573.63,12589.04,Transferencia,No,1339.29,24.3
V02880,2024-11-21,Rosarito,Rosarito-Principal,Ferretería,Electricidad,Abastos del Pacífico,Vendedor_16,19,881.84,0,881.84,16754.96,Efectivo,No,512.28,20.7
V02881,2025-01-02,Mexicali,Mexicali-Centro,Alimentos,Panadería,Distribuidora BC,Vendedor_03,6,1050.53,10,945.48,5672.88,Vale Despensa,Talla incorrecta,645.08,22.9
V02882,2024-10-16,Ensenada,Ensenada-Maneadero,Farmacia,Medicamentos,Mayoreo TJ,Vendedor_11,19,4643.7,0,4643.7,88230.3,Vale Despensa,Talla incorrecta,2610.32,40.0
V02883,2025-04-03,Rosarito,Rosarito-Principal,Farmacia,Cuidado Personal,Comercial Baja,Vendedor_13,8,6094.64,0,6094.64,48757.12,Transferencia,No,2797.86,40.3
V02884,2024-11-13,Mexicali,Mexicali-Nueva,Ferretería,Adhesivos,Importaciones Mex,Vendedor_19,7,7175.37,0,7175.37,50227.59,Vale Despensa,Defecto de fábrica,4696.47,33.8
V02885,2024-04-12,Mexicali,Mexicali-Nueva,Hogar,Utensilios,Importaciones Mex,Vendedor_14,1,2357.06,5,2239.21,2239.21,Tarjeta Débito,No,1155.6,45.2
V02886,2025-01-26,San Quintín,San Quintín-Central,Farmacia,Termómetros,Mayoreo TJ,Vendedor_29,13,5659.87,0,5659.87,73578.31,Efectivo,Duplicado,3214.7,28.9
V02887,2024-03-20,Ensenada,Ensenada-Centro,Ferretería,Adhesivos,Abastos del Pacífico,Vendedor_02,4,981.9,5,932.8,3731.2,Tarjeta Crédito,No,549.3,33.0
V02888,2024-08-21,Tecate,Tecate-Centro,Electrónica,Celulares,Mayoreo TJ,Vendedor_17,2,7900.93,0,7900.93,15801.86,Transferencia,Defecto de fábrica,4186.68,32.5
V02889,2025-03-03,Tijuana,Tijuana-Playas,Ferretería,Tornillería,Abastos del Pacífico,Vendedor_15,7,1943.91,0,1943.91,13607.37,Transferencia,Defecto de fábrica,1132.26,19.4
V02890,2024-11-27,San Quintín,San Quintín-Central,Alimentos,Condimentos,Comercial Baja,Vendedor_03,13,5316.0,0,5316.0,69108.0,Tarjeta Débito,No,3619.44,26.3
V02891,2024-08-22,Tecate,Tecate-Centro,Alimentos,Conservas,Surtimax,Vendedor_25,11,803.22,10,722.9,7951.9,Tarjeta Débito,No,432.82,43.8
V02892,2025-01-09,Ensenada,Ensenada-Centro,Alimentos,Lácteos,Distribuidora BC,Vendedor_27,4,5776.39,0,5776.39,23105.56,Efectivo,Talla incorrecta,3053.8,32.3
V02893,2024-10-20,Mexicali,Mexicali-Centro,Ferretería,Adhesivos,Comercial Baja,Vendedor_02,14,642.81,25,482.11,6749.54,Tarjeta Crédito,No,298.95,31.5
V02894,2024-08-16,Rosarito,Rosarito-Principal,Ferretería,Plomería,Abastos del Pacífico,Vendedor_11,3,4056.84,5,3854.0,11562.0,Efectivo,Cambio de opinión,2005.58,34.4
V02895,2025-01-20,Rosarito,Rosarito-Principal,Electrónica,Tabletas,Importaciones Mex,Vendedor_28,12,7377.83,10,6640.05,79680.6,Tarjeta Débito,Duplicado,4753.95,38.1
V02896,2024-02-24,Mexicali,Mexicali-Baja,Ferretería,Adhesivos,Distribuidora BC,Vendedor_11,15,1150.33,15,977.78,14666.7,Tarjeta Crédito,No,725.42,49.1
V02897,2024-06-19,San Quintín,San Quintín-Central,Hogar,Cojines,Mayoreo TJ,Vendedor_15,7,4306.55,0,4306.55,30145.85,Efectivo,Cambio de opinión,2344.42,41.6
V02898,2025-05-07,San Quintín,San Quintín-Central,Ropa,Calcetines,Mayoreo TJ,Vendedor_29,9,4661.04,25,3495.78,31462.02,Tarjeta Débito,No,2834.61,16.0
V02899,2025-02-27,San Quintín,San Quintín-Central,Farmacia,Primeros Auxilios,Distribuidora BC,Vendedor_19,6,3783.19,25,2837.39,17024.34,Tarjeta Débito,No,2570.68,46.9
V02900,2024-05-22,Mexicali,Mexicali-Centro,Farmacia,Primeros Auxilios,Proveedor Norte SA,Vendedor_28,8,767.7,0,767.7,6141.6,Transferencia,No,381.05,24.6
V02901,2024-12-15,Rosarito,Rosarito-Principal,Farmacia,Vitaminas,Logística Frontera,Vendedor_03,9,7295.92,15,6201.53,55813.77,Vale Despensa,No,4401.11,27.7
V02902,2024-12-21,Rosarito,Rosarito-Principal,Electrónica,Audífonos,Importaciones Mex,Vendedor_01,8,6138.29,0,6138.29,49106.32,Tarjeta Débito,No,4150.37,21.3
V02903,2024-01-10,Mexicali,Mexicali-Baja,Hogar,Cojines,Comercial Baja,Vendedor_19,20,2644.75,10,2380.28,47605.6,Vale Despensa,Cambio de opinión,1819.07,29.4
V02904,2024-05-31,Tijuana,Tijuana-La Mesa,Ferretería,Selladores,Proveedor Norte SA,Vendedor_17,7,5251.24,0,5251.24,36758.68,Transferencia,No,2589.67,36.6
V02905,2025-03-24,Rosarito,Rosarito-Principal,Hogar,Utensilios,Proveedor Norte SA,Vendedor_22,10,7685.3,5,7301.03,73010.3,Vale Despensa,No,5041.57,52.7
V02906,2024-10-23,Mexicali,Mexicali-Centro,Electrónica,Celulares,Comercial Baja,Vendedor_30,6,6815.75,25,5111.81,30670.86,Tarjeta Débito,No,3736.62,18.1
V02907,2024-06-10,Mexicali,Mexicali-Centro,Electrónica,Audífonos,Mayoreo TJ,Vendedor_17,16,3130.19,0,3130.19,50083.04,Efectivo,No,1592.97,23.3
V02908,2024-10-15,Tecate,Tecate-Centro,Ferretería,Herramientas,Distribuidora BC,Vendedor_21,16,4148.76,10,3733.88,59742.08,Efectivo,No,2316.16,54.9
V02909,2024-04-10,Ensenada,Ensenada-Centro,Farmacia,Medicamentos,Abastos del Pacífico,Vendedor_08,2,1868.47,0,1868.47,3736.94,Transferencia,No,1042.39,54.4
V02910,2024-10-24,Mexicali,Mexicali-Nueva,Alimentos,Conservas,Surtimax,Vendedor_15,3,6704.83,10,6034.35,18103.05,Vale Despensa,Defecto de fábrica,4548.87,49.1
V02911,2024-11-15,Tecate,Tecate-Centro,Ropa,Ropa Interior,Abastos del Pacífico,Vendedor_03,1,653.82,0,653.82,653.82,Efectivo,No,356.77,54.3
V02912,2024-10-30,Tecate,Tecate-Centro,Farmacia,Medicamentos,Proveedor Norte SA,Vendedor_21,1,1502.12,20,1201.7,1201.7,Efectivo,No,842.01,39.5
V02913,2024-11-15,Ensenada,Ensenada-Centro,Ferretería,Pinturas,Distribuidora BC,Vendedor_01,5,7276.66,20,5821.33,29106.65,Transferencia,Cambio de opinión,3981.9,34.7
V02914,2024-03-18,Rosarito,Rosarito-Principal,Alimentos,Condimentos,Surtimax,Vendedor_02,5,6995.44,5,6645.67,33228.35,Tarjeta Débito,No,4741.47,26.0
V02915,2025-04-16,Mexicali,Mexicali-Nueva,Ferretería,Plomería,Distribuidora BC,Vendedor_21,1,2805.03,10,2524.53,2524.53,Efectivo,Talla incorrecta,1744.04,45.2
V02916,2024-02-01,Rosarito,Rosarito-Principal,Electrónica,Celulares,Abastos del Pacífico,Vendedor_15,12,1988.87,0,1988.87,23866.44,Efectivo,No,1020.58,28.6
V02917,2025-04-11,Mexicali,Mexicali-Nueva,Ropa,Pantalones,Surtimax,Vendedor_12,9,4021.95,0,4021.95,36197.55,Tarjeta Crédito,No,2549.46,17.6
V02918,2024-03-14,Rosarito,Rosarito-Principal,Alimentos,Lácteos,Mayoreo TJ,Vendedor_02,17,1295.08,0,1295.08,22016.36,Vale Despensa,No,772.68,55.0
V02919,2024-06-10,Ensenada,Ensenada-Centro,Electrónica,Cámaras,Abastos del Pacífico,Vendedor_06,4,6989.87,0,6989.87,27959.48,Tarjeta Crédito,No,4831.5,49.0
V02920,2024-03-05,Tijuana,Tijuana-La Mesa,Farmacia,Cuidado Personal,Logística Frontera,Vendedor_08,9,7895.47,0,7895.47,71059.23,Efectivo,Duplicado,4040.63,53.6
V02921,2024-09-02,Mexicali,Mexicali-Baja,Electrónica,Celulares,Importaciones Mex,Vendedor_17,5,3916.43,20,3133.14,15665.7,Tarjeta Crédito,No,2051.9,45.3
V02922,2024-09-29,San Quintín,San Quintín-Central,Hogar,Almohadas,Surtimax,Vendedor_24,20,2870.5,5,2726.97,54539.4,Vale Despensa,No cumplió expectativas,1305.47,24.0
V02923,2025-02-25,Tijuana,Tijuana-Zona Río,Hogar,Utensilios,Mayoreo TJ,Vendedor_19,18,6577.99,10,5920.19,106563.42,Efectivo,Duplicado,3807.57,47.5
V02924,2024-01-29,Ensenada,Ensenada-Centro,Alimentos,Condimentos,Distribuidora BC,Vendedor_18,19,5303.29,15,4507.8,85648.2,Tarjeta Débito,No,3594.71,33.7
V02925,2025-04-26,Mexicali,Mexicali-Centro,Electrónica,Televisores,Importaciones Mex,Vendedor_19,9,3892.25,10,3503.03,31527.27,Efectivo,No,2424.69,33.9
V02926,2025-02-07,Tecate,Tecate-Centro,Farmacia,Medicamentos,Logística Frontera,Vendedor_30,12,285.02,10,256.52,3078.24,Vale Despensa,No,156.49,42.0
V02927,2025-01-21,Tecate,Tecate-Centro,Hogar,Utensilios,Comercial Baja,Vendedor_05,13,6256.83,20,5005.46,65070.98,Tarjeta Débito,Defecto de fábrica,3431.49,44.2
V02928,2024-01-02,Ensenada,Ensenada-Maneadero,Alimentos,Bebidas,Abastos del Pacífico,Vendedor_17,18,1226.44,0,1226.44,22075.92,Vale Despensa,Duplicado,616.5,40.6
V02929,2024-09-09,Ensenada,Ensenada-Centro,Ferretería,Electricidad,Distribuidora BC,Vendedor_13,19,87.74,5,83.35,1583.65,Efectivo,No,42.48,39.3
V02930,2024-10-23,San Quintín,San Quintín-Central,Hogar,Cortinas,Proveedor Norte SA,Vendedor_07,14,3019.07,20,2415.26,33813.64,Efectivo,No,1681.13,31.0
V02931,2024-12-12,Rosarito,Rosarito-Principal,Hogar,Decoración,Comercial Baja,Vendedor_13,8,1238.28,0,1238.28,9906.24,Tarjeta Crédito,Duplicado,605.75,48.2
V02932,2025-01-10,Rosarito,Rosarito-Principal,Ferretería,Plomería,Abastos del Pacífico,Vendedor_02,8,140.82,15,119.7,957.6,Vale Despensa,No cumplió expectativas,86.37,54.3
V02933,2024-04-05,Mexicali,Mexicali-Centro,Ferretería,Brochas,Logística Frontera,Vendedor_20,1,7043.33,10,6339.0,6339.0,Vale Despensa,Talla incorrecta,4030.26,43.8
V02934,2024-02-07,Tecate,Tecate-Centro,Alimentos,Condimentos,Proveedor Norte SA,Vendedor_19,15,1653.56,25,1240.17,18602.55,Transferencia,Cambio de opinión,933.77,17.7
V02935,2025-01-29,Ensenada,Ensenada-Maneadero,Hogar,Decoración,Proveedor Norte SA,Vendedor_22,8,4620.96,25,3465.72,27725.76,Tarjeta Débito,Talla incorrecta,2972.8,25.0
V02936,2024-01-21,Ensenada,Ensenada-Maneadero,Ropa,Calcetines,Distribuidora BC,Vendedor_23,2,4354.41,0,4354.41,8708.82,Transferencia,Cambio de opinión,3011.48,27.6
V02937,2025-05-29,Rosarito,Rosarito-Principal,Ropa,Camisas,Comercial Baja,Vendedor_22,4,3816.72,0,3816.72,15266.88,Transferencia,No,2482.66,42.1
V02938,2025-02-24,Tecate,Tecate-Centro,Hogar,Decoración,Logística Frontera,Vendedor_25,8,4075.09,0,4075.09,32600.72,Efectivo,Duplicado,1954.73,25.5
V02939,2025-01-29,Ensenada,Ensenada-Maneadero,Ferretería,Selladores,Comercial Baja,Vendedor_23,5,3621.57,0,3621.57,18107.85,Tarjeta Débito,No,2126.96,17.7
V02940,2024-09-21,Mexicali,Mexicali-Nueva,Electrónica,Celulares,Distribuidora BC,Vendedor_20,6,6803.49,15,5782.97,34697.82,Transferencia,No,3105.51,36.2
V02941,2024-08-20,Tijuana,Tijuana-Playas,Farmacia,Bebés,Logística Frontera,Vendedor_07,15,7011.56,5,6660.98,99914.7,Transferencia,Defecto de fábrica,4731.4,23.1
V02942,2024-05-06,Rosarito,Rosarito-Principal,Alimentos,Cereales,Logística Frontera,Vendedor_09,16,7769.0,0,7769.0,124304.0,Vale Despensa,No,4875.02,48.9
V02943,2025-03-31,Ensenada,Ensenada-Maneadero,Electrónica,Televisores,Abastos del Pacífico,Vendedor_02,2,519.92,10,467.93,935.86,Tarjeta Débito,No,264.96,49.5
V02944,2025-05-12,Tijuana,Tijuana-Garita,Farmacia,Anteojos,Abastos del Pacífico,Vendedor_17,15,2533.17,0,2533.17,37997.55,Tarjeta Débito,No cumplió expectativas,1251.68,37.5
V02945,2024-09-21,San Quintín,San Quintín-Central,Farmacia,Primeros Auxilios,Comercial Baja,Vendedor_19,9,1273.26,5,1209.6,10886.4,Vale Despensa,No,620.46,49.6
V02946,2024-10-09,Tijuana,Tijuana-Zona Río,Hogar,Cojines,Surtimax,Vendedor_17,11,6508.96,20,5207.17,57278.87,Transferencia,No,4289.92,43.1
V02947,2024-07-11,San Quintín,San Quintín-Central,Farmacia,Termómetros,Mayoreo TJ,Vendedor_12,11,7282.8,0,7282.8,80110.8,Vale Despensa,No,3377.66,32.2
V02948,2024-04-19,Tecate,Tecate-Centro,Electrónica,Cargadores,Logística Frontera,Vendedor_30,1,1600.56,20,1280.45,1280.45,Tarjeta Débito,No,1000.61,25.3
V02949,2024-04-11,Mexicali,Mexicali-Baja,Hogar,Muebles,Abastos del Pacífico,Vendedor_28,7,421.59,0,421.59,2951.13,Transferencia,No,238.71,20.9
V02950,2025-03-25,Tijuana,Tijuana-La Mesa,Electrónica,Celulares,Importaciones Mex,Vendedor_24,4,7056.7,25,5292.52,21170.08,Tarjeta Crédito,No,3191.87,49.9
V02951,2024-08-03,Ensenada,Ensenada-Centro,Farmacia,Termómetros,Distribuidora BC,Vendedor_16,10,1300.41,0,1300.41,13004.1,Transferencia,No,735.33,20.4
V02952,2024-03-14,Mexicali,Mexicali-Baja,Electrónica,Celulares,Importaciones Mex,Vendedor_19,8,5919.03,10,5327.13,42617.04,Efectivo,No,3134.97,27.4
V02953,2025-01-28,Tecate,Tecate-Centro,Hogar,Cobijas,Mayoreo TJ,Vendedor_21,10,2716.93,0,2716.93,27169.3,Efectivo,No,1685.89,32.4
V02954,2024-07-08,Tijuana,Tijuana-La Mesa,Farmacia,Vitaminas,Distribuidora BC,Vendedor_08,2,2596.17,15,2206.74,4413.48,Tarjeta Crédito,No,1187.43,40.0
V02955,2025-01-28,Tecate,Tecate-Centro,Electrónica,Celulares,Abastos del Pacífico,Vendedor_13,14,1280.09,0,1280.09,17921.26,Tarjeta Crédito,No,667.72,15.2
V02956,2024-10-11,Mexicali,Mexicali-Nueva,Farmacia,Higiene,Surtimax,Vendedor_08,14,2257.84,0,2257.84,31609.76,Tarjeta Débito,Duplicado,1549.47,35.0
V02957,2024-02-02,Tecate,Tecate-Centro,Hogar,Muebles,Comercial Baja,Vendedor_08,8,2957.26,0,2957.26,23658.08,Tarjeta Débito,No,1416.34,30.1
V02958,2025-02-22,Tecate,Tecate-Centro,Alimentos,Conservas,Surtimax,Vendedor_04,5,2691.38,15,2287.67,11438.35,Efectivo,Talla incorrecta,1507.49,54.7
V02959,2025-01-17,Ensenada,Ensenada-Maneadero,Hogar,Muebles,Abastos del Pacífico,Vendedor_18,20,2945.15,0,2945.15,58903.0,Transferencia,Defecto de fábrica,1980.23,25.7
V02960,2024-11-21,Tijuana,Tijuana-Otay,Ropa,Ropa Interior,Abastos del Pacífico,Vendedor_20,6,7430.67,20,5944.54,35667.24,Tarjeta Débito,No,4967.88,24.9
V02961,2024-03-05,Tecate,Tecate-Centro,Electrónica,Cables,Distribuidora BC,Vendedor_16,12,5202.85,15,4422.42,53069.04,Vale Despensa,No,3476.23,32.9
V02962,2024-12-08,Ensenada,Ensenada-Centro,Ferretería,Plomería,Distribuidora BC,Vendedor_27,19,3823.24,10,3440.92,65377.48,Tarjeta Débito,Duplicado,2154.72,22.9
V02963,2024-06-12,Ensenada,Ensenada-Maneadero,Ferretería,Herramientas,Importaciones Mex,Vendedor_09,14,5368.85,25,4026.64,56372.96,Transferencia,Talla incorrecta,3440.49,30.9
V02964,2024-09-11,San Quintín,San Quintín-Central,Electrónica,Cargadores,Mayoreo TJ,Vendedor_05,11,1232.14,20,985.71,10842.81,Tarjeta Crédito,No cumplió expectativas,832.6,46.0
V02965,2025-03-29,Tijuana,Tijuana-Zona Río,Electrónica,Televisores,Logística Frontera,Vendedor_02,6,902.33,0,902.33,5413.98,Vale Despensa,Talla incorrecta,541.64,53.7
V02966,2025-02-15,Ensenada,Ensenada-Centro,Hogar,Utensilios,Distribuidora BC,Vendedor_16,5,4452.74,0,4452.74,22263.7,Vale Despensa,No,2281.74,44.1
V02967,2024-05-03,Rosarito,Rosarito-Principal,Alimentos,Snacks,Proveedor Norte SA,Vendedor_07,18,2671.12,0,2671.12,48080.16,Tarjeta Débito,Cambio de opinión,1390.73,48.6
V02968,2025-01-20,Ensenada,Ensenada-Centro,Ferretería,Pinturas,Surtimax,Vendedor_21,11,5574.28,0,5574.28,61317.08,Vale Despensa,Duplicado,3512.71,41.3
V02969,2024-04-09,Rosarito,Rosarito-Principal,Farmacia,Higiene,Abastos del Pacífico,Vendedor_19,3,7693.37,5,7308.7,21926.1,Tarjeta Crédito,No,4266.01,50.6
V02970,2024-09-21,San Quintín,San Quintín-Central,Ropa,Chamarras,Distribuidora BC,Vendedor_05,14,7250.46,25,5437.85,76129.9,Tarjeta Crédito,No cumplió expectativas,4288.61,49.6
V02971,2024-09-26,Tecate,Tecate-Centro,Electrónica,Cámaras,Surtimax,Vendedor_20,20,6555.06,10,5899.55,117991.0,Efectivo,No,4338.2,30.6
V02972,2025-01-13,Rosarito,Rosarito-Principal,Electrónica,Tabletas,Surtimax,Vendedor_16,14,1831.53,10,1648.38,23077.32,Efectivo,No,1171.73,30.6
V02973,2024-11-06,Tecate,Tecate-Centro,Ropa,Camisas,Abastos del Pacífico,Vendedor_10,2,2319.01,15,1971.16,3942.32,Efectivo,Duplicado,1274.26,29.1
V02974,2024-08-19,Rosarito,Rosarito-Principal,Ropa,Ropa Interior,Comercial Baja,Vendedor_05,5,1560.74,0,1560.74,7803.7,Tarjeta Crédito,Defecto de fábrica,1050.9,54.2
V02975,2024-04-11,Rosarito,Rosarito-Principal,Hogar,Utensilios,Surtimax,Vendedor_27,14,797.5,0,797.5,11165.0,Tarjeta Crédito,Duplicado,456.57,27.8
V02976,2024-09-08,Tecate,Tecate-Centro,Ferretería,Herramientas,Proveedor Norte SA,Vendedor_17,19,5518.24,5,5242.33,99604.27,Tarjeta Débito,Cambio de opinión,2992.26,40.3
V02977,2024-05-07,Ensenada,Ensenada-Centro,Farmacia,Termómetros,Mayoreo TJ,Vendedor_01,19,4143.92,15,3522.33,66924.27,Transferencia,No,2498.69,29.9
V02978,2025-04-14,Rosarito,Rosarito-Principal,Ropa,Ropa Interior,Mayoreo TJ,Vendedor_05,5,5331.22,20,4264.98,21324.9,Tarjeta Débito,No,2951.25,24.4
V02979,2024-07-29,Mexicali,Mexicali-Baja,Alimentos,Carnes Frías,Surtimax,Vendedor_11,18,7250.91,0,7250.91,130516.38,Transferencia,No,4776.59,47.8
V02980,2024-03-23,Tijuana,Tijuana-Otay,Ropa,Camisas,Abastos del Pacífico,Vendedor_05,16,749.05,25,561.79,8988.64,Vale Despensa,Defecto de fábrica,392.54,49.7
V02981,2025-04-10,Tijuana,Tijuana-Otay,Farmacia,Anteojos,Surtimax,Vendedor_22,9,5301.29,10,4771.16,42940.44,Tarjeta Débito,Duplicado,2753.45,54.8
V02982,2024-07-09,San Quintín,San Quintín-Central,Farmacia,Cuidado Personal,Distribuidora BC,Vendedor_27,7,4989.21,0,4989.21,34924.47,Vale Despensa,Duplicado,2782.96,41.5
V02983,2024-09-20,Tecate,Tecate-Centro,Ferretería,Herramientas,Comercial Baja,Vendedor_21,16,7113.06,20,5690.45,91047.2,Tarjeta Débito,No,4536.63,43.5
V02984,2024-09-13,Tijuana,Tijuana-Garita,Farmacia,Medicamentos,Comercial Baja,Vendedor_28,17,2397.44,5,2277.57,38718.69,Vale Despensa,Duplicado,1182.79,15.7
V02985,2024-07-11,Tijuana,Tijuana-Zona Río,Hogar,Cortinas,Mayoreo TJ,Vendedor_05,8,5706.98,15,4850.93,38807.44,Tarjeta Crédito,Cambio de opinión,2870.24,24.0
V02986,2025-04-06,Rosarito,Rosarito-Principal,Ropa,Chamarras,Comercial Baja,Vendedor_15,16,1068.78,25,801.59,12825.44,Tarjeta Crédito,No cumplió expectativas,577.71,42.0
V02987,2024-11-12,Tijuana,Tijuana-Otay,Electrónica,Cargadores,Proveedor Norte SA,Vendedor_08,10,1534.28,0,1534.28,15342.8,Transferencia,No,763.15,24.2
V02988,2025-04-18,Tecate,Tecate-Centro,Ferretería,Electricidad,Importaciones Mex,Vendedor_12,10,1451.95,0,1451.95,14519.5,Vale Despensa,No,940.72,27.4
V02989,2024-12-14,Tecate,Tecate-Centro,Hogar,Cojines,Mayoreo TJ,Vendedor_21,17,5475.63,0,5475.63,93085.71,Efectivo,Duplicado,2669.66,53.9
V02990,2024-10-23,Ensenada,Ensenada-Maneadero,Hogar,Lámparas,Comercial Baja,Vendedor_21,19,6824.78,25,5118.59,97253.21,Transferencia,No,3967.48,46.7
V02991,2024-11-29,Rosarito,Rosarito-Principal,Ropa,Calcetines,Logística Frontera,Vendedor_25,8,5983.02,0,5983.02,47864.16,Tarjeta Crédito,No,4155.42,38.4
V02992,2024-12-06,San Quintín,San Quintín-Central,Electrónica,Cargadores,Distribuidora BC,Vendedor_20,8,5999.16,0,5999.16,47993.28,Tarjeta Crédito,Defecto de fábrica,3390.46,34.8
V02993,2024-10-26,Rosarito,Rosarito-Principal,Ropa,Calcetines,Comercial Baja,Vendedor_22,12,5413.74,20,4330.99,51971.88,Transferencia,No,3207.9,43.3
V02994,2024-01-31,Rosarito,Rosarito-Principal,Ropa,Camisas,Logística Frontera,Vendedor_06,1,399.74,0,399.74,399.74,Vale Despensa,Talla incorrecta,261.53,41.7
V02995,2024-11-27,Rosarito,Rosarito-Principal,Hogar,Cobijas,Surtimax,Vendedor_04,16,2591.91,15,2203.12,35249.92,Tarjeta Crédito,No,1728.18,45.7
V02996,2024-01-09,Tijuana,Tijuana-Zona Río,Farmacia,Anteojos,Logística Frontera,Vendedor_21,17,3590.17,0,3590.17,61032.89,Tarjeta Crédito,Defecto de fábrica,2077.67,34.3
V02997,2025-02-07,Mexicali,Mexicali-Baja,Ropa,Vestidos,Surtimax,Vendedor_23,19,3895.98,10,3506.38,66621.22,Tarjeta Débito,No,2356.25,47.6
V02998,2024-12-05,Mexicali,Mexicali-Centro,Alimentos,Bebidas,Mayoreo TJ,Vendedor_21,5,3680.27,25,2760.2,13801.0,Tarjeta Débito,Talla incorrecta,2451.65,25.2
V02999,2025-05-24,Mexicali,Mexicali-Baja,Ropa,Calcetines,Importaciones Mex,Vendedor_09,16,3733.2,25,2799.9,44798.4,Tarjeta Débito,No,2042.06,48.3
V03000,2024-11-02,Ensenada,Ensenada-Maneadero,Alimentos,Snacks,Comercial Baja,Vendedor_20,1,1694.2,0,1694.2,1694.2,Efectivo,No,871.14,33.8
V03001,2024-03-28,Tecate,Tecate-Centro,Farmacia,Higiene,Proveedor Norte SA,Vendedor_16,14,6946.24,0,6946.24,97247.36,Tarjeta Crédito,No,4856.2,30.7
V03002,2024-06-04,San Quintín,San Quintín-Central,Ferretería,Brochas,Comercial Baja,Vendedor_04,16,6668.57,10,6001.71,96027.36,Tarjeta Débito,Talla incorrecta,3484.05,24.2
V03003,2024-06-06,Tecate,Tecate-Centro,Ferretería,Plomería,Importaciones Mex,Vendedor_13,7,6271.94,0,6271.94,43903.58,Vale Despensa,No,3405.22,20.8
V03004,2024-07-30,Ensenada,Ensenada-Maneadero,Ferretería,Brochas,Proveedor Norte SA,Vendedor_16,16,5834.79,20,4667.83,74685.28,Vale Despensa,No,3733.2,44.8
V03005,2025-01-30,San Quintín,San Quintín-Central,Ropa,Zapatos,Abastos del Pacífico,Vendedor_24,15,5237.05,10,4713.35,70700.25,Efectivo,Cambio de opinión,2596.81,30.2
V03006,2025-02-08,Ensenada,Ensenada-Centro,Farmacia,Anteojos,Comercial Baja,Vendedor_11,4,5377.93,5,5109.03,20436.12,Transferencia,No cumplió expectativas,3358.57,25.2
V03007,2025-02-14,Rosarito,Rosarito-Principal,Ferretería,Adhesivos,Proveedor Norte SA,Vendedor_02,13,555.88,15,472.5,6142.5,Transferencia,Duplicado,278.06,20.8
V03008,2025-04-18,Tijuana,Tijuana-Garita,Alimentos,Bebidas,Logística Frontera,Vendedor_27,15,3141.28,0,3141.28,47119.2,Vale Despensa,Defecto de fábrica,1498.46,23.2
V03009,2025-03-01,San Quintín,San Quintín-Central,Ropa,Gorras,Mayoreo TJ,Vendedor_16,20,6001.57,5,5701.49,114029.8,Tarjeta Débito,No,3849.14,38.8
V03010,2025-01-04,Rosarito,Rosarito-Principal,Hogar,Cortinas,Proveedor Norte SA,Vendedor_16,11,3777.07,0,3777.07,41547.77,Efectivo,Cambio de opinión,2630.44,42.7
V03011,2024-01-10,Rosarito,Rosarito-Principal,Ferretería,Pinturas,Mayoreo TJ,Vendedor_19,16,2638.98,0,2638.98,42223.68,Tarjeta Débito,Defecto de fábrica,1330.63,42.8
V03012,2024-09-25,Tijuana,Tijuana-Otay,Ropa,Calcetines,Proveedor Norte SA,Vendedor_06,16,4099.05,5,3894.1,62305.6,Efectivo,No,2100.47,45.3
V03013,2024-03-10,Rosarito,Rosarito-Principal,Electrónica,Cargadores,Logística Frontera,Vendedor_06,5,4022.79,0,4022.79,20113.95,Tarjeta Crédito,No,1873.74,38.6
V03014,2024-06-09,Tecate,Tecate-Centro,Hogar,Almohadas,Importaciones Mex,Vendedor_23,11,5348.15,15,4545.93,50005.23,Tarjeta Crédito,No cumplió expectativas,2890.05,20.2
V03015,2024-01-06,Rosarito,Rosarito-Principal,Ferretería,Brochas,Mayoreo TJ,Vendedor_18,7,5362.04,20,4289.63,30027.41,Tarjeta Débito,No cumplió expectativas,3228.42,23.9
V03016,2025-01-18,Mexicali,Mexicali-Baja,Ropa,Gorras,Surtimax,Vendedor_26,4,4240.88,25,3180.66,12722.64,Vale Despensa,Duplicado,2596.39,27.0
V03017,2025-02-26,Mexicali,Mexicali-Baja,Ferretería,Electricidad,Surtimax,Vendedor_11,9,6811.42,25,5108.57,45977.13,Efectivo,Cambio de opinión,3839.69,21.0
V03018,2024-12-27,Rosarito,Rosarito-Principal,Electrónica,Televisores,Proveedor Norte SA,Vendedor_30,18,7390.25,0,7390.25,133024.5,Vale Despensa,Defecto de fábrica,4212.78,31.1
V03019,2024-01-11,Ensenada,Ensenada-Maneadero,Electrónica,Cargadores,Proveedor Norte SA,Vendedor_18,11,4366.35,0,4366.35,48029.85,Vale Despensa,Talla incorrecta,2935.99,47.9
V03020,2024-08-05,Tecate,Tecate-Centro,Alimentos,Panadería,Abastos del Pacífico,Vendedor_13,19,4021.41,0,4021.41,76406.79,Tarjeta Débito,No,2644.15,46.4
V03021,2025-03-30,Ensenada,Ensenada-Maneadero,Alimentos,Carnes Frías,Logística Frontera,Vendedor_24,10,7491.38,5,7116.81,71168.1,Vale Despensa,No,4136.04,24.2
V03022,2024-04-27,Tecate,Tecate-Centro,Ropa,Calcetines,Distribuidora BC,Vendedor_12,17,7363.03,0,7363.03,125171.51,Efectivo,No,3647.13,34.4
V03023,2024-11-26,Mexicali,Mexicali-Nueva,Farmacia,Termómetros,Distribuidora BC,Vendedor_20,2,1996.75,15,1697.24,3394.48,Tarjeta Crédito,No cumplió expectativas,902.87,51.3
V03024,2025-05-04,Tijuana,Tijuana-Playas,Hogar,Cobijas,Abastos del Pacífico,Vendedor_06,20,6024.81,0,6024.81,120496.2,Vale Despensa,No,2825.69,29.2
V03025,2024-01-17,Rosarito,Rosarito-Principal,Hogar,Cojines,Surtimax,Vendedor_19,13,7813.23,20,6250.58,81257.54,Efectivo,No,4700.63,18.7
V03026,2025-03-27,Ensenada,Ensenada-Maneadero,Farmacia,Cuidado Personal,Surtimax,Vendedor_17,7,3141.49,15,2670.27,18691.89,Transferencia,No,2046.87,35.2
V03027,2024-09-16,Rosarito,Rosarito-Principal,Farmacia,Bebés,Logística Frontera,Vendedor_26,4,3648.83,5,3466.39,13865.56,Vale Despensa,Cambio de opinión,2492.79,17.6
V03028,2025-05-03,Tecate,Tecate-Centro,Ferretería,Adhesivos,Comercial Baja,Vendedor_09,9,1489.67,25,1117.25,10055.25,Tarjeta Débito,No,833.69,21.3
V03029,2025-01-27,Mexicali,Mexicali-Centro,Ferretería,Electricidad,Distribuidora BC,Vendedor_30,12,4145.95,25,3109.46,37313.52,Vale Despensa,Talla incorrecta,2649.21,48.3
V03030,2024-07-10,Tecate,Tecate-Centro,Alimentos,Condimentos,Proveedor Norte SA,Vendedor_21,5,4761.39,5,4523.32,22616.6,Efectivo,No,3235.54,27.9
V03031,2025-01-23,Tijuana,Tijuana-Playas,Alimentos,Conservas,Surtimax,Vendedor_10,8,5928.54,25,4446.4,35571.2,Efectivo,No,3145.86,37.7
V03032,2024-05-08,Rosarito,Rosarito-Principal,Alimentos,Panadería,Distribuidora BC,Vendedor_05,14,7408.19,10,6667.37,93343.18,Tarjeta Débito,No,4463.56,24.9
V03033,2025-04-28,Tijuana,Tijuana-La Mesa,Alimentos,Carnes Frías,Proveedor Norte SA,Vendedor_19,12,1657.32,5,1574.45,18893.4,Transferencia,No,1159.1,21.3
V03034,2025-05-16,Mexicali,Mexicali-Nueva,Farmacia,Vitaminas,Comercial Baja,Vendedor_25,17,4775.57,0,4775.57,81184.69,Tarjeta Crédito,No,2904.61,35.2
V03035,2024-09-10,Rosarito,Rosarito-Principal,Farmacia,Termómetros,Comercial Baja,Vendedor_15,14,7874.64,25,5905.98,82683.72,Tarjeta Débito,Defecto de fábrica,4687.47,47.5
V03036,2025-05-25,San Quintín,San Quintín-Central,Hogar,Almohadas,Surtimax,Vendedor_30,19,3324.72,25,2493.54,47377.26,Tarjeta Crédito,No,2307.42,46.6
V03037,2025-02-13,Tijuana,Tijuana-Playas,Alimentos,Conservas,Proveedor Norte SA,Vendedor_22,5,5310.99,25,3983.24,19916.2,Efectivo,No cumplió expectativas,2412.81,32.7
V03038,2024-06-11,Mexicali,Mexicali-Nueva,Ropa,Vestidos,Logística Frontera,Vendedor_13,15,3267.85,0,3267.85,49017.75,Tarjeta Débito,No,1483.36,39.8
V03039,2025-04-14,San Quintín,San Quintín-Central,Farmacia,Bebés,Surtimax,Vendedor_07,3,3431.57,0,3431.57,10294.71,Vale Despensa,No,2017.03,45.8
V03040,2024-04-02,San Quintín,San Quintín-Central,Ropa,Chamarras,Comercial Baja,Vendedor_22,18,6422.3,15,5458.95,98261.1,Efectivo,No,4467.06,41.9
V03041,2024-01-03,Ensenada,Ensenada-Centro,Hogar,Decoración,Importaciones Mex,Vendedor_24,18,5709.13,5,5423.67,97626.06,Transferencia,No,3052.57,40.1
V03042,2025-04-09,Mexicali,Mexicali-Baja,Ferretería,Plomería,Surtimax,Vendedor_03,2,6969.9,15,5924.41,11848.82,Tarjeta Débito,Defecto de fábrica,4621.14,31.3
V03043,2025-02-01,Tecate,Tecate-Centro,Ropa,Pantalones,Importaciones Mex,Vendedor_18,11,6246.88,0,6246.88,68715.68,Transferencia,No,4031.4,48.1
V03044,2024-10-22,Mexicali,Mexicali-Baja,Ferretería,Adhesivos,Mayoreo TJ,Vendedor_10,4,1833.94,0,1833.94,7335.76,Efectivo,No,927.38,19.1
V03045,2024-08-08,Mexicali,Mexicali-Centro,Hogar,Cojines,Abastos del Pacífico,Vendedor_18,17,4552.55,15,3869.67,65784.39,Tarjeta Crédito,Defecto de fábrica,2826.53,35.1
V03046,2024-12-10,Tecate,Tecate-Centro,Hogar,Cortinas,Proveedor Norte SA,Vendedor_30,14,1336.97,20,1069.58,14974.12,Transferencia,No,760.34,29.9
V03047,2024-04-12,Ensenada,Ensenada-Maneadero,Hogar,Cojines,Surtimax,Vendedor_24,10,5893.35,15,5009.35,50093.5,Transferencia,Defecto de fábrica,3361.26,41.4
V03048,2024-11-23,Ensenada,Ensenada-Centro,Alimentos,Snacks,Comercial Baja,Vendedor_05,1,1471.74,0,1471.74,1471.74,Tarjeta Débito,No,788.34,35.2
V03049,2024-10-22,Ensenada,Ensenada-Maneadero,Farmacia,Higiene,Proveedor Norte SA,Vendedor_26,5,419.4,0,419.4,2097.0,Tarjeta Crédito,Talla incorrecta,197.71,17.4
V03050,2024-05-01,Tecate,Tecate-Centro,Ferretería,Plomería,Distribuidora BC,Vendedor_03,1,979.69,20,783.75,783.75,Tarjeta Crédito,No,596.44,40.2
V03051,2024-12-30,Tecate,Tecate-Centro,Ropa,Chamarras,Proveedor Norte SA,Vendedor_02,15,182.34,10,164.11,2461.65,Tarjeta Crédito,Defecto de fábrica,97.36,27.0
V03052,2024-11-13,San Quintín,San Quintín-Central,Ropa,Gorras,Logística Frontera,Vendedor_20,13,233.67,0,233.67,3037.71,Tarjeta Débito,No,124.55,41.0
V03053,2024-08-10,San Quintín,San Quintín-Central,Farmacia,Cuidado Personal,Logística Frontera,Vendedor_16,7,6318.66,20,5054.93,35384.51,Tarjeta Débito,No,4219.01,27.2
V03054,2024-12-23,Ensenada,Ensenada-Centro,Hogar,Muebles,Logística Frontera,Vendedor_28,8,4215.62,5,4004.84,32038.72,Tarjeta Débito,Talla incorrecta,2171.71,40.9
V03055,2024-02-05,Rosarito,Rosarito-Principal,Hogar,Cojines,Surtimax,Vendedor_07,2,5385.99,0,5385.99,10771.98,Vale Despensa,Cambio de opinión,3645.21,43.4
V03056,2024-04-16,Tijuana,Tijuana-Playas,Farmacia,Anteojos,Proveedor Norte SA,Vendedor_22,11,3991.73,0,3991.73,43909.03,Vale Despensa,Cambio de opinión,2171.98,44.5
V03057,2025-05-28,Tijuana,Tijuana-Zona Río,Ferretería,Brochas,Abastos del Pacífico,Vendedor_14,1,1725.52,25,1294.14,1294.14,Vale Despensa,Talla incorrecta,1169.48,19.1
V03058,2024-04-08,Tijuana,Tijuana-Otay,Farmacia,Primeros Auxilios,Proveedor Norte SA,Vendedor_04,6,3068.84,0,3068.84,18413.04,Transferencia,No,1574.61,25.4
V03059,2024-12-23,Tecate,Tecate-Centro,Ropa,Ropa Interior,Abastos del Pacífico,Vendedor_04,5,3541.58,0,3541.58,17707.9,Tarjeta Débito,Duplicado,1984.5,38.7
V03060,2024-11-12,Tecate,Tecate-Centro,Ropa,Vestidos,Logística Frontera,Vendedor_12,16,6303.73,15,5358.17,85730.72,Efectivo,No,3711.91,40.2
V03061,2024-12-10,San Quintín,San Quintín-Central,Electrónica,Cámaras,Distribuidora BC,Vendedor_30,3,7234.76,5,6873.02,20619.06,Transferencia,No,3322.24,26.1
V03062,2024-02-07,Tecate,Tecate-Centro,Alimentos,Panadería,Logística Frontera,Vendedor_25,11,3609.99,20,2887.99,31767.89,Efectivo,Cambio de opinión,1958.4,32.2
V03063,2024-10-19,Ensenada,Ensenada-Maneadero,Farmacia,Higiene,Logística Frontera,Vendedor_03,20,4816.78,20,3853.42,77068.4,Vale Despensa,No,3128.69,19.6
V03064,2024-05-18,Mexicali,Mexicali-Nueva,Hogar,Muebles,Importaciones Mex,Vendedor_26,14,2071.61,25,1553.71,21751.94,Vale Despensa,Defecto de fábrica,1350.68,32.8
V03065,2025-03-02,Rosarito,Rosarito-Principal,Alimentos,Lácteos,Comercial Baja,Vendedor_10,16,2534.04,0,2534.04,40544.64,Efectivo,Defecto de fábrica,1337.34,25.5
V03066,2024-07-14,Ensenada,Ensenada-Centro,Ropa,Calcetines,Mayoreo TJ,Vendedor_11,12,5565.64,5,5287.36,63448.32,Tarjeta Crédito,Cambio de opinión,2979.69,18.5
V03067,2024-09-18,Mexicali,Mexicali-Centro,Hogar,Cobijas,Surtimax,Vendedor_12,18,6657.42,5,6324.55,113841.9,Efectivo,Talla incorrecta,4398.0,38.0
V03068,2024-01-07,Ensenada,Ensenada-Maneadero,Ropa,Ropa Interior,Abastos del Pacífico,Vendedor_29,11,6193.22,25,4644.91,51094.01,Vale Despensa,No,3566.24,17.5
V03069,2024-06-03,Ensenada,Ensenada-Centro,Farmacia,Medicamentos,Importaciones Mex,Vendedor_07,3,3536.88,25,2652.66,7957.98,Tarjeta Crédito,No,1620.44,41.6
V03070,2025-02-20,San Quintín,San Quintín-Central,Hogar,Lámparas,Mayoreo TJ,Vendedor_15,5,5879.76,5,5585.77,27928.85,Tarjeta Débito,No,3004.33,50.1
V03071,2024-12-09,Mexicali,Mexicali-Baja,Hogar,Almohadas,Distribuidora BC,Vendedor_19,20,3539.78,20,2831.82,56636.4,Tarjeta Crédito,No,2267.51,36.5
V03072,2024-07-17,Tecate,Tecate-Centro,Alimentos,Lácteos,Importaciones Mex,Vendedor_14,9,7806.27,10,7025.64,63230.76,Transferencia,Talla incorrecta,4189.19,50.4
V03073,2024-08-23,Mexicali,Mexicali-Nueva,Hogar,Almohadas,Abastos del Pacífico,Vendedor_29,11,4061.84,0,4061.84,44680.24,Transferencia,No,2483.98,23.4
V03074,2025-05-10,Mexicali,Mexicali-Centro,Ropa,Pantalones,Proveedor Norte SA,Vendedor_11,4,3204.82,5,3044.58,12178.32,Tarjeta Débito,No,1684.46,51.6
V03075,2024-01-17,Rosarito,Rosarito-Principal,Ropa,Zapatos,Abastos del Pacífico,Vendedor_13,4,859.38,15,730.47,2921.88,Tarjeta Crédito,Talla incorrecta,502.86,15.5
V03076,2025-01-09,Mexicali,Mexicali-Baja,Ropa,Camisas,Distribuidora BC,Vendedor_04,17,6956.28,5,6608.47,112343.99,Tarjeta Crédito,Duplicado,3610.36,50.4
V03077,2024-03-29,Mexicali,Mexicali-Nueva,Hogar,Lámparas,Distribuidora BC,Vendedor_01,9,2907.86,5,2762.47,24862.23,Transferencia,No,1871.86,15.5
V03078,2024-02-08,Tecate,Tecate-Centro,Ropa,Calcetines,Abastos del Pacífico,Vendedor_30,13,2858.07,10,2572.26,33439.38,Tarjeta Débito,No cumplió expectativas,1864.7,27.4
V03079,2024-04-11,Tecate,Tecate-Centro,Ropa,Ropa Interior,Surtimax,Vendedor_02,14,882.89,0,882.89,12360.46,Transferencia,Duplicado,424.97,17.4
V03080,2025-02-08,Ensenada,Ensenada-Centro,Electrónica,Cargadores,Distribuidora BC,Vendedor_02,1,6938.26,25,5203.69,5203.69,Vale Despensa,No cumplió expectativas,4854.76,34.1
V03081,2024-08-07,Ensenada,Ensenada-Centro,Hogar,Almohadas,Distribuidora BC,Vendedor_25,2,3376.28,15,2869.84,5739.68,Transferencia,No,1989.6,47.4
V03082,2024-07-19,Mexicali,Mexicali-Centro,Alimentos,Snacks,Comercial Baja,Vendedor_03,16,3568.07,5,3389.67,54234.72,Tarjeta Crédito,Defecto de fábrica,2278.59,38.1
V03083,2025-02-04,Mexicali,Mexicali-Nueva,Electrónica,Celulares,Abastos del Pacífico,Vendedor_26,11,258.02,0,258.02,2838.22,Efectivo,No cumplió expectativas,147.22,40.3
V03084,2024-06-24,San Quintín,San Quintín-Central,Hogar,Utensilios,Importaciones Mex,Vendedor_06,15,4133.64,15,3513.59,52703.85,Transferencia,Talla incorrecta,2096.18,19.7
V03085,2024-12-01,Ensenada,Ensenada-Centro,Ropa,Zapatos,Proveedor Norte SA,Vendedor_04,6,1424.72,25,1068.54,6411.24,Tarjeta Crédito,Cambio de opinión,852.22,49.1
V03086,2024-08-28,Mexicali,Mexicali-Nueva,Farmacia,Primeros Auxilios,Abastos del Pacífico,Vendedor_26,10,3939.96,15,3348.97,33489.7,Tarjeta Crédito,Talla incorrecta,2128.57,25.7
V03087,2025-03-14,Rosarito,Rosarito-Principal,Electrónica,Cámaras,Abastos del Pacífico,Vendedor_14,9,6521.23,0,6521.23,58691.07,Vale Despensa,Duplicado,4297.22,24.7
V03088,2024-09-06,Ensenada,Ensenada-Maneadero,Farmacia,Bebés,Comercial Baja,Vendedor_12,11,5204.18,10,4683.76,51521.36,Efectivo,No,2359.59,44.7
V03089,2024-05-28,San Quintín,San Quintín-Central,Electrónica,Televisores,Distribuidora BC,Vendedor_26,15,5867.38,0,5867.38,88010.7,Tarjeta Débito,Talla incorrecta,3763.75,54.7
V03090,2025-03-06,San Quintín,San Quintín-Central,Alimentos,Carnes Frías,Abastos del Pacífico,Vendedor_09,12,1715.35,0,1715.35,20584.2,Efectivo,No,821.45,18.3
V03091,2024-07-09,Tecate,Tecate-Centro,Electrónica,Tabletas,Abastos del Pacífico,Vendedor_06,11,7912.42,5,7516.8,82684.8,Tarjeta Débito,Defecto de fábrica,5161.77,30.3
V03092,2025-02-12,San Quintín,San Quintín-Central,Electrónica,Cables,Importaciones Mex,Vendedor_04,13,5958.77,0,5958.77,77464.01,Transferencia,Duplicado,2822.21,17.1
V03093,2025-04-04,Rosarito,Rosarito-Principal,Ropa,Pantalones,Logística Frontera,Vendedor_11,3,112.02,25,84.02,252.06,Transferencia,Talla incorrecta,76.21,25.0
V03094,2024-01-12,Ensenada,Ensenada-Centro,Ferretería,Adhesivos,Surtimax,Vendedor_14,20,279.29,0,279.29,5585.8,Transferencia,Defecto de fábrica,181.39,24.3
V03095,2025-04-28,Ensenada,Ensenada-Centro,Hogar,Cojines,Importaciones Mex,Vendedor_12,3,2950.17,15,2507.64,7522.92,Tarjeta Débito,No,1522.09,24.6
V03096,2024-04-10,Tijuana,Tijuana-Otay,Farmacia,Higiene,Abastos del Pacífico,Vendedor_14,16,6459.97,20,5167.98,82687.68,Tarjeta Crédito,Defecto de fábrica,4106.1,15.9
V03097,2024-10-21,Ensenada,Ensenada-Centro,Ropa,Ropa Interior,Logística Frontera,Vendedor_19,15,7074.79,25,5306.09,79591.35,Efectivo,Talla incorrecta,3833.14,18.4
V03098,2024-06-16,Ensenada,Ensenada-Centro,Ropa,Vestidos,Distribuidora BC,Vendedor_11,12,5721.17,25,4290.88,51490.56,Vale Despensa,No,3239.03,51.5
V03099,2024-04-26,Rosarito,Rosarito-Principal,Hogar,Cojines,Distribuidora BC,Vendedor_09,11,834.14,0,834.14,9175.54,Tarjeta Débito,Talla incorrecta,526.2,19.6
V03100,2024-03-17,Ensenada,Ensenada-Maneadero,Alimentos,Panadería,Comercial Baja,Vendedor_03,7,7730.92,25,5798.19,40587.33,Transferencia,Duplicado,5210.06,50.4
V03101,2024-11-24,Ensenada,Ensenada-Centro,Ferretería,Herramientas,Surtimax,Vendedor_21,20,5475.03,20,4380.02,87600.4,Efectivo,Cambio de opinión,3206.65,34.0
V03102,2025-02-16,Tijuana,Tijuana-Otay,Alimentos,Snacks,Comercial Baja,Vendedor_01,16,7147.61,0,7147.61,114361.76,Transferencia,Talla incorrecta,3402.74,41.0
V03103,2024-03-30,Tijuana,Tijuana-Garita,Electrónica,Celulares,Mayoreo TJ,Vendedor_01,3,3642.88,5,3460.74,10382.22,Tarjeta Débito,No,2517.97,33.8
V03104,2024-03-06,Tecate,Tecate-Centro,Hogar,Utensilios,Logística Frontera,Vendedor_28,19,147.11,0,147.11,2795.09,Tarjeta Débito,No,94.93,43.9
V03105,2025-03-07,San Quintín,San Quintín-Central,Ferretería,Tornillería,Importaciones Mex,Vendedor_09,4,6821.81,0,6821.81,27287.24,Tarjeta Débito,Cambio de opinión,3586.49,41.4
V03106,2025-03-22,Tijuana,Tijuana-Garita,Alimentos,Condimentos,Logística Frontera,Vendedor_30,13,2570.97,10,2313.87,30080.31,Vale Despensa,No cumplió expectativas,1250.68,24.2
V03107,2024-09-24,Tijuana,Tijuana-La Mesa,Alimentos,Lácteos,Proveedor Norte SA,Vendedor_08,14,5951.63,0,5951.63,83322.82,Vale Despensa,No,3878.52,52.7
V03108,2025-03-08,Ensenada,Ensenada-Centro,Farmacia,Bebés,Surtimax,Vendedor_05,9,4926.38,5,4680.06,42120.54,Efectivo,No,3258.19,34.8
V03109,2025-03-19,Tecate,Tecate-Centro,Alimentos,Carnes Frías,Surtimax,Vendedor_01,4,6101.94,5,5796.84,23187.36,Transferencia,Cambio de opinión,2797.33,27.9
V03110,2024-10-24,Ensenada,Ensenada-Centro,Electrónica,Tabletas,Importaciones Mex,Vendedor_21,8,3832.65,0,3832.65,30661.2,Efectivo,No,2449.94,15.5
V03111,2025-01-19,Tecate,Tecate-Centro,Farmacia,Termómetros,Distribuidora BC,Vendedor_18,15,4307.45,15,3661.33,54919.95,Vale Despensa,Defecto de fábrica,2183.25,15.5
V03112,2025-05-25,Tijuana,Tijuana-Playas,Farmacia,Primeros Auxilios,Importaciones Mex,Vendedor_09,10,5127.87,25,3845.9,38459.0,Tarjeta Débito,Duplicado,2783.3,41.2
V03113,2024-04-06,San Quintín,San Quintín-Central,Ropa,Calcetines,Surtimax,Vendedor_05,2,6084.5,25,4563.38,9126.76,Tarjeta Crédito,No,4010.72,18.1
V03114,2024-08-07,San Quintín,San Quintín-Central,Alimentos,Snacks,Proveedor Norte SA,Vendedor_03,19,2070.2,0,2070.2,39333.8,Efectivo,No,1199.86,39.9
V03115,2024-01-22,Rosarito,Rosarito-Principal,Alimentos,Snacks,Surtimax,Vendedor_02,6,5915.13,15,5027.86,30167.16,Vale Despensa,No,3179.53,51.9
V03116,2025-02-11,Mexicali,Mexicali-Nueva,Electrónica,Audífonos,Proveedor Norte SA,Vendedor_13,13,3602.96,0,3602.96,46838.48,Tarjeta Débito,No,2288.79,39.3
V03117,2024-12-20,San Quintín,San Quintín-Central,Alimentos,Bebidas,Proveedor Norte SA,Vendedor_26,3,3436.87,0,3436.87,10310.61,Transferencia,Cambio de opinión,1699.1,34.5
V03118,2024-05-05,San Quintín,San Quintín-Central,Ferretería,Herramientas,Distribuidora BC,Vendedor_15,3,3180.33,5,3021.31,9063.93,Vale Despensa,No cumplió expectativas,1695.3,20.6
V03119,2024-12-03,Rosarito,Rosarito-Principal,Ropa,Zapatos,Comercial Baja,Vendedor_16,6,1969.26,0,1969.26,11815.56,Tarjeta Débito,No,1056.61,48.0
V03120,2025-03-10,San Quintín,San Quintín-Central,Ferretería,Adhesivos,Comercial Baja,Vendedor_23,4,7545.86,20,6036.69,24146.76,Efectivo,No cumplió expectativas,5202.82,25.4
V03121,2024-05-27,Mexicali,Mexicali-Baja,Ropa,Gorras,Surtimax,Vendedor_21,7,5239.04,25,3929.28,27504.96,Transferencia,Duplicado,2662.12,34.6
V03122,2024-09-15,Ensenada,Ensenada-Centro,Electrónica,Audífonos,Proveedor Norte SA,Vendedor_15,20,5793.31,0,5793.31,115866.2,Vale Despensa,No cumplió expectativas,2952.36,34.2
V03123,2024-12-16,Tijuana,Tijuana-Playas,Farmacia,Termómetros,Surtimax,Vendedor_19,5,570.77,10,513.69,2568.45,Tarjeta Débito,Defecto de fábrica,351.46,48.9
V03124,2025-05-18,Ensenada,Ensenada-Centro,Farmacia,Medicamentos,Importaciones Mex,Vendedor_13,12,6914.95,15,5877.71,70532.52,Tarjeta Crédito,No,4272.41,22.3
V03125,2024-04-11,Mexicali,Mexicali-Baja,Ferretería,Adhesivos,Distribuidora BC,Vendedor_05,17,3657.96,5,3475.06,59076.02,Vale Despensa,No,1781.96,24.6
V03126,2024-04-19,Tijuana,Tijuana-Garita,Farmacia,Vitaminas,Comercial Baja,Vendedor_11,2,1953.07,5,1855.42,3710.84,Tarjeta Débito,Defecto de fábrica,1060.98,45.6
V03127,2024-10-22,Tijuana,Tijuana-Otay,Alimentos,Cereales,Mayoreo TJ,Vendedor_07,17,7796.05,10,7016.45,119279.65,Tarjeta Débito,Talla incorrecta,5111.82,20.0
V03128,2024-03-01,Mexicali,Mexicali-Centro,Electrónica,Cámaras,Logística Frontera,Vendedor_07,16,6293.55,15,5349.52,85592.32,Vale Despensa,No,4139.53,19.2
V03129,2024-07-29,Tecate,Tecate-Centro,Ferretería,Adhesivos,Mayoreo TJ,Vendedor_04,17,4516.76,25,3387.57,57588.69,Tarjeta Débito,No,3105.12,19.5
V03130,2024-08-02,San Quintín,San Quintín-Central,Ropa,Calcetines,Distribuidora BC,Vendedor_12,20,5213.54,0,5213.54,104270.8,Efectivo,No,3160.18,18.0
V03131,2024-10-11,Tecate,Tecate-Centro,Alimentos,Carnes Frías,Importaciones Mex,Vendedor_18,15,4345.48,5,4128.21,61923.15,Efectivo,No,2059.45,46.7
V03132,2024-11-09,Tecate,Tecate-Centro,Farmacia,Primeros Auxilios,Surtimax,Vendedor_10,6,4620.16,20,3696.13,22176.78,Efectivo,No,2586.85,34.5
V03133,2024-05-13,Tijuana,Tijuana-Garita,Alimentos,Carnes Frías,Logística Frontera,Vendedor_18,17,7349.83,15,6247.36,106205.12,Efectivo,Duplicado,4533.26,46.2
V03134,2024-05-19,Tijuana,Tijuana-Zona Río,Ropa,Zapatos,Logística Frontera,Vendedor_16,2,4163.92,15,3539.33,7078.66,Transferencia,No,2489.57,37.1
V03135,2024-03-12,Mexicali,Mexicali-Baja,Ferretería,Brochas,Abastos del Pacífico,Vendedor_25,15,5903.75,5,5608.56,84128.4,Tarjeta Crédito,No,2804.75,50.4
V03136,2025-02-24,Mexicali,Mexicali-Centro,Farmacia,Medicamentos,Comercial Baja,Vendedor_02,13,3597.67,0,3597.67,46769.71,Transferencia,No,1810.68,51.2
V03137,2024-12-06,Tijuana,Tijuana-Garita,Ferretería,Pinturas,Importaciones Mex,Vendedor_01,4,5763.14,0,5763.14,23052.56,Vale Despensa,No,2946.27,23.2
V03138,2024-03-20,Tijuana,Tijuana-Otay,Alimentos,Snacks,Proveedor Norte SA,Vendedor_25,20,1881.41,25,1411.06,28221.2,Tarjeta Débito,No,1075.06,40.2
V03139,2024-01-15,Mexicali,Mexicali-Centro,Hogar,Lámparas,Surtimax,Vendedor_17,2,6495.47,0,6495.47,12990.94,Tarjeta Débito,Cambio de opinión,2996.17,20.8
V03140,2024-11-01,Tijuana,Tijuana-La Mesa,Ropa,Chamarras,Logística Frontera,Vendedor_30,5,3617.69,10,3255.92,16279.6,Transferencia,No,1848.49,29.4
V03141,2024-08-12,Ensenada,Ensenada-Centro,Hogar,Decoración,Comercial Baja,Vendedor_20,11,6684.1,0,6684.1,73525.1,Efectivo,No,3224.05,47.6
V03142,2024-01-24,Mexicali,Mexicali-Nueva,Farmacia,Medicamentos,Surtimax,Vendedor_23,18,4990.12,25,3742.59,67366.62,Tarjeta Crédito,Duplicado,2259.49,54.1
V03143,2024-11-25,Tijuana,Tijuana-Zona Río,Ferretería,Selladores,Surtimax,Vendedor_23,9,4339.88,10,3905.89,35153.01,Transferencia,No,3036.72,44.8
V03144,2024-11-18,San Quintín,San Quintín-Central,Farmacia,Termómetros,Proveedor Norte SA,Vendedor_30,2,2145.14,0,2145.14,4290.28,Tarjeta Crédito,Cambio de opinión,1450.21,53.9
V03145,2024-06-27,Ensenada,Ensenada-Maneadero,Hogar,Cortinas,Distribuidora BC,Vendedor_24,1,6390.64,10,5751.58,5751.58,Transferencia,Defecto de fábrica,3907.86,47.0
V03146,2024-11-06,Rosarito,Rosarito-Principal,Electrónica,Televisores,Surtimax,Vendedor_24,3,618.86,10,556.97,1670.91,Vale Despensa,Defecto de fábrica,286.56,40.2
V03147,2025-01-02,Tijuana,Tijuana-Zona Río,Electrónica,Audífonos,Logística Frontera,Vendedor_01,14,6278.25,10,5650.43,79106.02,Efectivo,Cambio de opinión,2846.48,50.6
V03148,2025-04-18,Tijuana,Tijuana-Garita,Alimentos,Cereales,Importaciones Mex,Vendedor_10,9,2076.22,15,1764.79,15883.11,Vale Despensa,No,1354.59,29.0
V03149,2025-02-09,Ensenada,Ensenada-Maneadero,Electrónica,Audífonos,Mayoreo TJ,Vendedor_11,10,7948.51,0,7948.51,79485.1,Transferencia,No,4415.5,18.3
V03150,2024-04-24,Mexicali,Mexicali-Nueva,Electrónica,Cámaras,Distribuidora BC,Vendedor_26,3,4839.38,0,4839.38,14518.14,Transferencia,No cumplió expectativas,2604.68,42.3
V03151,2024-01-24,Ensenada,Ensenada-Centro,Ferretería,Pinturas,Importaciones Mex,Vendedor_04,20,2976.68,15,2530.18,50603.6,Tarjeta Crédito,Cambio de opinión,2039.09,32.6
V03152,2025-05-10,Tijuana,Tijuana-La Mesa,Alimentos,Bebidas,Importaciones Mex,Vendedor_27,16,5074.03,10,4566.63,73066.08,Efectivo,No,3077.2,42.6
V03153,2025-04-28,Mexicali,Mexicali-Centro,Farmacia,Cuidado Personal,Mayoreo TJ,Vendedor_12,13,1017.04,25,762.78,9916.14,Tarjeta Crédito,Defecto de fábrica,702.62,19.0
V03154,2025-01-09,Rosarito,Rosarito-Principal,Alimentos,Panadería,Mayoreo TJ,Vendedor_09,10,3068.81,20,2455.05,24550.5,Tarjeta Crédito,No,1445.41,41.6
V03155,2024-05-10,Mexicali,Mexicali-Centro,Ferretería,Pinturas,Logística Frontera,Vendedor_25,15,6941.15,5,6594.09,98911.35,Transferencia,Cambio de opinión,4743.47,38.8
V03156,2024-04-04,San Quintín,San Quintín-Central,Ferretería,Brochas,Logística Frontera,Vendedor_17,19,5997.92,15,5098.23,96866.37,Vale Despensa,Cambio de opinión,4187.23,15.8
V03157,2024-08-28,Tijuana,Tijuana-Zona Río,Farmacia,Primeros Auxilios,Mayoreo TJ,Vendedor_21,13,3106.69,10,2796.02,36348.26,Tarjeta Crédito,No,1833.22,48.7
V03158,2025-05-04,Rosarito,Rosarito-Principal,Ferretería,Herramientas,Comercial Baja,Vendedor_14,8,5169.96,25,3877.47,31019.76,Tarjeta Crédito,No,3429.88,33.8
V03159,2024-12-25,Mexicali,Mexicali-Baja,Ferretería,Herramientas,Distribuidora BC,Vendedor_28,5,2606.95,10,2346.26,11731.3,Vale Despensa,Talla incorrecta,1469.39,31.9
V03160,2025-03-11,Rosarito,Rosarito-Principal,Alimentos,Condimentos,Proveedor Norte SA,Vendedor_23,14,3509.98,25,2632.49,36854.86,Vale Despensa,No,1651.11,19.8
V03161,2024-08-03,Mexicali,Mexicali-Baja,Ropa,Calcetines,Comercial Baja,Vendedor_14,11,6716.9,0,6716.9,73885.9,Vale Despensa,Talla incorrecta,3855.87,52.1
V03162,2024-04-29,Tijuana,Tijuana-Zona Río,Alimentos,Cereales,Surtimax,Vendedor_28,11,6028.6,25,4521.45,49735.95,Transferencia,Defecto de fábrica,3818.6,23.5
V03163,2025-05-03,San Quintín,San Quintín-Central,Hogar,Muebles,Distribuidora BC,Vendedor_09,15,5309.51,10,4778.56,71678.4,Efectivo,No,2861.08,33.0
V03164,2025-01-03,Tecate,Tecate-Centro,Ropa,Ropa Interior,Logística Frontera,Vendedor_09,3,7968.38,0,7968.38,23905.14,Vale Despensa,No,4147.89,40.6
V03165,2025-05-17,Rosarito,Rosarito-Principal,Hogar,Decoración,Logística Frontera,Vendedor_30,7,1100.87,20,880.7,6164.9,Vale Despensa,Cambio de opinión,569.45,28.5
V03166,2024-07-07,Ensenada,Ensenada-Maneadero,Hogar,Almohadas,Surtimax,Vendedor_01,9,1723.65,15,1465.1,13185.9,Vale Despensa,Defecto de fábrica,1162.82,53.1
V03167,2024-05-26,Tijuana,Tijuana-La Mesa,Ropa,Gorras,Abastos del Pacífico,Vendedor_19,5,7431.86,25,5573.89,27869.45,Tarjeta Crédito,No,4593.36,50.2
V03168,2025-02-16,Tecate,Tecate-Centro,Farmacia,Primeros Auxilios,Importaciones Mex,Vendedor_14,14,6739.89,0,6739.89,94358.46,Transferencia,Defecto de fábrica,4399.39,36.6
V03169,2024-06-25,San Quintín,San Quintín-Central,Hogar,Almohadas,Logística Frontera,Vendedor_07,9,5466.68,10,4920.01,44280.09,Tarjeta Crédito,No,2523.12,53.4
V03170,2025-04-23,Rosarito,Rosarito-Principal,Electrónica,Cables,Logística Frontera,Vendedor_05,16,2871.35,25,2153.51,34456.16,Tarjeta Crédito,No,1644.55,31.8
V03171,2024-12-07,Ensenada,Ensenada-Centro,Ferretería,Pinturas,Comercial Baja,Vendedor_26,19,3147.25,20,2517.8,47838.2,Tarjeta Débito,Defecto de fábrica,1686.22,22.0
V03172,2024-03-04,Tijuana,Tijuana-Garita,Hogar,Lámparas,Mayoreo TJ,Vendedor_07,17,2822.03,25,2116.52,35980.84,Efectivo,No,1607.32,16.8
V03173,2024-01-19,Rosarito,Rosarito-Principal,Ropa,Zapatos,Importaciones Mex,Vendedor_25,19,6046.0,10,5441.4,103386.6,Transferencia,No cumplió expectativas,3173.62,22.1
V03174,2025-01-23,Tecate,Tecate-Centro,Alimentos,Panadería,Surtimax,Vendedor_30,3,826.47,0,826.47,2479.41,Vale Despensa,No,498.6,19.7
V03175,2024-09-10,San Quintín,San Quintín-Central,Ferretería,Electricidad,Distribuidora BC,Vendedor_18,2,3393.21,10,3053.89,6107.78,Tarjeta Débito,Talla incorrecta,1996.31,54.7
V03176,2024-05-28,Tijuana,Tijuana-Playas,Hogar,Decoración,Importaciones Mex,Vendedor_27,3,4741.48,0,4741.48,14224.44,Tarjeta Débito,Defecto de fábrica,2800.89,51.2
V03177,2024-09-16,Tijuana,Tijuana-Playas,Ferretería,Selladores,Importaciones Mex,Vendedor_19,19,7871.72,20,6297.38,119650.22,Tarjeta Crédito,No cumplió expectativas,5169.93,37.3
V03178,2025-05-27,Mexicali,Mexicali-Nueva,Hogar,Decoración,Abastos del Pacífico,Vendedor_08,6,7050.25,10,6345.23,38071.38,Transferencia,Cambio de opinión,4440.79,24.7
V03179,2025-05-01,San Quintín,San Quintín-Central,Electrónica,Tabletas,Distribuidora BC,Vendedor_15,15,127.34,0,127.34,1910.1,Vale Despensa,No cumplió expectativas,63.81,18.0
V03180,2025-03-30,Mexicali,Mexicali-Baja,Electrónica,Cargadores,Mayoreo TJ,Vendedor_09,14,2852.38,0,2852.38,39933.32,Tarjeta Crédito,No,1765.32,43.1
V03181,2024-09-03,Mexicali,Mexicali-Nueva,Hogar,Cobijas,Logística Frontera,Vendedor_28,16,3186.87,25,2390.15,38242.4,Vale Despensa,No,1497.24,21.9
V03182,2025-05-24,Rosarito,Rosarito-Principal,Hogar,Cobijas,Abastos del Pacífico,Vendedor_30,9,4076.08,25,3057.06,27513.54,Vale Despensa,No,1919.29,26.8
V03183,2024-07-06,Tecate,Tecate-Centro,Farmacia,Higiene,Distribuidora BC,Vendedor_24,11,4794.63,20,3835.7,42192.7,Tarjeta Crédito,Cambio de opinión,2740.22,18.0
V03184,2024-01-09,Rosarito,Rosarito-Principal,Ropa,Camisas,Distribuidora BC,Vendedor_19,3,2321.01,10,2088.91,6266.73,Efectivo,No,1122.59,46.0
V03185,2025-01-08,Ensenada,Ensenada-Centro,Farmacia,Cuidado Personal,Distribuidora BC,Vendedor_10,14,3678.31,0,3678.31,51496.34,Vale Despensa,No,2019.08,47.0
V03186,2024-02-01,Ensenada,Ensenada-Centro,Electrónica,Tabletas,Surtimax,Vendedor_17,3,2991.75,0,2991.75,8975.25,Tarjeta Crédito,Talla incorrecta,1622.56,32.7
V03187,2025-04-17,Mexicali,Mexicali-Centro,Ropa,Gorras,Importaciones Mex,Vendedor_03,3,507.42,0,507.42,1522.26,Transferencia,Cambio de opinión,273.94,53.1
V03188,2025-04-09,Tecate,Tecate-Centro,Electrónica,Celulares,Importaciones Mex,Vendedor_27,7,7552.57,25,5664.43,39651.01,Vale Despensa,Duplicado,4306.99,40.3
V03189,2024-06-24,Tijuana,Tijuana-Garita,Electrónica,Laptops,Mayoreo TJ,Vendedor_03,19,5301.2,10,4771.08,90650.52,Vale Despensa,No,3202.69,21.3
V03190,2024-03-20,Mexicali,Mexicali-Nueva,Farmacia,Primeros Auxilios,Abastos del Pacífico,Vendedor_11,14,173.63,0,173.63,2430.82,Tarjeta Crédito,Duplicado,114.88,38.7
V03191,2024-12-15,Tecate,Tecate-Centro,Ropa,Ropa Interior,Proveedor Norte SA,Vendedor_27,8,6848.62,10,6163.76,49310.08,Tarjeta Crédito,No,4500.69,18.3
V03192,2024-09-05,Rosarito,Rosarito-Principal,Electrónica,Audífonos,Distribuidora BC,Vendedor_19,11,2744.75,0,2744.75,30192.25,Tarjeta Crédito,Talla incorrecta,1654.57,51.5
V03193,2025-05-21,San Quintín,San Quintín-Central,Electrónica,Celulares,Abastos del Pacífico,Vendedor_14,9,3881.26,5,3687.2,33184.8,Efectivo,No,2568.76,25.3
V03194,2024-10-06,Rosarito,Rosarito-Principal,Hogar,Cobijas,Mayoreo TJ,Vendedor_10,1,2568.75,15,2183.44,2183.44,Transferencia,No cumplió expectativas,1711.37,45.3
V03195,2024-09-21,Tecate,Tecate-Centro,Farmacia,Anteojos,Mayoreo TJ,Vendedor_16,11,6067.13,25,4550.35,50053.85,Transferencia,Talla incorrecta,2896.1,19.6
V03196,2025-05-26,Rosarito,Rosarito-Principal,Hogar,Muebles,Surtimax,Vendedor_30,3,2984.3,0,2984.3,8952.9,Transferencia,No,1374.3,21.8
V03197,2024-11-02,Tecate,Tecate-Centro,Alimentos,Snacks,Mayoreo TJ,Vendedor_20,3,2138.09,10,1924.28,5772.84,Tarjeta Crédito,Cambio de opinión,1371.45,44.9
V03198,2024-12-02,Tecate,Tecate-Centro,Ferretería,Herramientas,Importaciones Mex,Vendedor_15,3,5614.82,0,5614.82,16844.46,Vale Despensa,Talla incorrecta,3450.2,54.2
V03199,2024-10-27,Mexicali,Mexicali-Baja,Ferretería,Electricidad,Logística Frontera,Vendedor_03,2,7028.24,25,5271.18,10542.36,Transferencia,No cumplió expectativas,4437.66,41.6
V03200,2024-03-21,Tijuana,Tijuana-Playas,Ropa,Camisas,Proveedor Norte SA,Vendedor_02,18,3590.02,20,2872.02,51696.36,Transferencia,No,2095.56,51.1
V03201,2025-04-23,Mexicali,Mexicali-Baja,Alimentos,Condimentos,Abastos del Pacífico,Vendedor_24,20,1275.58,5,1211.8,24236.0,Efectivo,No,791.87,27.5
V03202,2024-01-15,Tijuana,Tijuana-La Mesa,Electrónica,Cargadores,Comercial Baja,Vendedor_12,14,350.18,25,262.63,3676.82,Efectivo,Talla incorrecta,219.77,36.5
V03203,2024-10-17,Tijuana,Tijuana-Garita,Hogar,Cortinas,Surtimax,Vendedor_15,17,4451.1,0,4451.1,75668.7,Transferencia,No,2117.22,40.0
V03204,2024-06-12,Tecate,Tecate-Centro,Electrónica,Cables,Importaciones Mex,Vendedor_10,3,3451.56,0,3451.56,10354.68,Vale Despensa,No cumplió expectativas,2298.86,25.4
V03205,2025-01-07,Tijuana,Tijuana-Zona Río,Ropa,Pantalones,Comercial Baja,Vendedor_18,6,2930.92,25,2198.19,13189.14,Tarjeta Débito,No,1462.73,53.1
V03206,2024-02-16,Tecate,Tecate-Centro,Farmacia,Medicamentos,Logística Frontera,Vendedor_26,6,7167.69,0,7167.69,43006.14,Tarjeta Crédito,No,4458.44,40.1
V03207,2025-02-18,Tecate,Tecate-Centro,Electrónica,Celulares,Proveedor Norte SA,Vendedor_18,11,5385.83,0,5385.83,59244.13,Tarjeta Débito,No cumplió expectativas,2982.32,44.7
V03208,2025-02-17,Rosarito,Rosarito-Principal,Ropa,Ropa Interior,Proveedor Norte SA,Vendedor_24,3,3952.57,0,3952.57,11857.71,Transferencia,No cumplió expectativas,2488.41,33.3
V03209,2024-05-06,Mexicali,Mexicali-Baja,Alimentos,Conservas,Comercial Baja,Vendedor_29,11,7085.74,0,7085.74,77943.14,Transferencia,No,4522.96,32.4
V03210,2025-02-10,Tecate,Tecate-Centro,Ferretería,Selladores,Abastos del Pacífico,Vendedor_28,18,7013.88,15,5961.8,107312.4,Efectivo,Duplicado,3389.03,29.4
V03211,2024-11-30,Tecate,Tecate-Centro,Ropa,Vestidos,Surtimax,Vendedor_02,6,6484.61,0,6484.61,38907.66,Vale Despensa,Cambio de opinión,4529.78,51.5
V03212,2025-05-24,Tecate,Tecate-Centro,Electrónica,Cámaras,Importaciones Mex,Vendedor_21,7,4495.24,25,3371.43,23600.01,Tarjeta Crédito,Talla incorrecta,3025.33,45.2
V03213,2024-10-21,Tijuana,Tijuana-Garita,Hogar,Almohadas,Importaciones Mex,Vendedor_01,17,2614.78,10,2353.3,40006.1,Efectivo,Duplicado,1357.5,17.5
V03214,2025-01-28,San Quintín,San Quintín-Central,Farmacia,Anteojos,Importaciones Mex,Vendedor_16,2,60.43,25,45.32,90.64,Tarjeta Crédito,Cambio de opinión,36.62,15.2
V03215,2024-09-05,Ensenada,Ensenada-Maneadero,Ferretería,Herramientas,Logística Frontera,Vendedor_16,18,5101.85,15,4336.57,78058.26,Efectivo,Defecto de fábrica,2457.16,41.2
V03216,2024-07-11,Rosarito,Rosarito-Principal,Ropa,Gorras,Proveedor Norte SA,Vendedor_11,4,3432.35,15,2917.5,11670.0,Efectivo,Defecto de fábrica,2314.35,19.7
V03217,2024-01-01,Rosarito,Rosarito-Principal,Hogar,Decoración,Logística Frontera,Vendedor_06,18,2425.32,5,2304.05,41472.9,Transferencia,No,1277.81,30.3
V03218,2024-12-18,Rosarito,Rosarito-Principal,Ferretería,Adhesivos,Importaciones Mex,Vendedor_06,6,6283.25,25,4712.44,28274.64,Efectivo,No,3409.37,20.6
V03219,2024-07-12,Rosarito,Rosarito-Principal,Electrónica,Cargadores,Mayoreo TJ,Vendedor_09,4,6745.58,0,6745.58,26982.32,Transferencia,No,3171.47,47.0
V03220,2024-08-01,Rosarito,Rosarito-Principal,Farmacia,Bebés,Distribuidora BC,Vendedor_29,4,157.0,15,133.45,533.8,Vale Despensa,No,95.58,18.5
V03221,2024-01-23,Tijuana,Tijuana-Playas,Farmacia,Vitaminas,Comercial Baja,Vendedor_09,5,6582.66,0,6582.66,32913.3,Efectivo,Defecto de fábrica,4570.89,44.4
V03222,2024-06-06,Ensenada,Ensenada-Centro,Alimentos,Cereales,Abastos del Pacífico,Vendedor_23,7,4664.79,5,4431.55,31020.85,Vale Despensa,No,2268.72,46.0
V03223,2024-06-03,Rosarito,Rosarito-Principal,Hogar,Cojines,Mayoreo TJ,Vendedor_28,2,4111.88,5,3906.29,7812.58,Tarjeta Débito,No,2469.93,30.0
V03224,2024-03-23,Tijuana,Tijuana-Playas,Hogar,Cojines,Logística Frontera,Vendedor_27,15,3321.17,0,3321.17,49817.55,Efectivo,No cumplió expectativas,1663.56,23.2
V03225,2024-08-15,Ensenada,Ensenada-Centro,Ropa,Ropa Interior,Abastos del Pacífico,Vendedor_19,19,4304.86,0,4304.86,81792.34,Tarjeta Crédito,No,2873.1,32.2
V03226,2024-10-13,Mexicali,Mexicali-Baja,Alimentos,Carnes Frías,Abastos del Pacífico,Vendedor_18,11,718.1,10,646.29,7109.19,Efectivo,No,389.24,45.2
V03227,2025-04-03,Rosarito,Rosarito-Principal,Electrónica,Audífonos,Comercial Baja,Vendedor_29,4,3082.72,5,2928.58,11714.32,Transferencia,No,1989.17,24.6
V03228,2024-09-03,San Quintín,San Quintín-Central,Ropa,Zapatos,Importaciones Mex,Vendedor_04,7,112.29,0,112.29,786.03,Vale Despensa,Duplicado,61.38,45.7
V03229,2024-01-25,Ensenada,Ensenada-Centro,Ferretería,Tornillería,Importaciones Mex,Vendedor_25,1,3990.49,10,3591.44,3591.44,Vale Despensa,Cambio de opinión,2710.45,52.2
V03230,2024-02-13,Tecate,Tecate-Centro,Hogar,Muebles,Comercial Baja,Vendedor_11,13,6503.66,0,6503.66,84547.58,Transferencia,No cumplió expectativas,4119.57,39.2
V03231,2024-02-29,Tecate,Tecate-Centro,Hogar,Muebles,Mayoreo TJ,Vendedor_07,7,2887.54,25,2165.65,15159.55,Tarjeta Débito,No,1936.77,16.7
V03232,2025-04-22,Tecate,Tecate-Centro,Electrónica,Celulares,Distribuidora BC,Vendedor_17,2,2392.11,25,1794.08,3588.16,Transferencia,No,1159.34,15.1
V03233,2024-03-10,Rosarito,Rosarito-Principal,Ropa,Calcetines,Abastos del Pacífico,Vendedor_01,17,3710.13,0,3710.13,63072.21,Efectivo,No,2020.54,50.4
V03234,2025-01-13,Tecate,Tecate-Centro,Ropa,Gorras,Logística Frontera,Vendedor_13,6,4724.55,10,4252.1,25512.6,Tarjeta Crédito,No cumplió expectativas,2720.85,15.9
V03235,2024-04-13,Rosarito,Rosarito-Principal,Farmacia,Termómetros,Comercial Baja,Vendedor_20,10,4794.42,0,4794.42,47944.2,Transferencia,No,2167.54,19.9
V03236,2024-12-20,Rosarito,Rosarito-Principal,Ferretería,Plomería,Logística Frontera,Vendedor_30,20,2152.01,0,2152.01,43040.2,Vale Despensa,Cambio de opinión,1498.92,37.0
V03237,2025-01-21,Tijuana,Tijuana-Playas,Ferretería,Plomería,Mayoreo TJ,Vendedor_13,11,1579.56,20,1263.65,13900.15,Efectivo,No,782.99,23.7
V03238,2024-02-27,San Quintín,San Quintín-Central,Hogar,Almohadas,Comercial Baja,Vendedor_21,10,5994.17,20,4795.34,47953.4,Tarjeta Crédito,No,3030.91,16.0
V03239,2024-09-03,Tecate,Tecate-Centro,Farmacia,Cuidado Personal,Distribuidora BC,Vendedor_05,11,3588.8,0,3588.8,39476.8,Transferencia,No,2274.36,50.0
V03240,2024-11-23,Rosarito,Rosarito-Principal,Electrónica,Audífonos,Distribuidora BC,Vendedor_08,11,7943.98,0,7943.98,87383.78,Transferencia,No,3972.56,18.1
V03241,2025-05-07,Mexicali,Mexicali-Centro,Hogar,Decoración,Logística Frontera,Vendedor_24,9,3132.2,0,3132.2,28189.8,Tarjeta Crédito,No,1602.32,48.4
V03242,2025-05-04,Tecate,Tecate-Centro,Hogar,Cojines,Abastos del Pacífico,Vendedor_05,12,5793.17,0,5793.17,69518.04,Efectivo,No,3371.45,48.0
V03243,2024-12-06,Tecate,Tecate-Centro,Farmacia,Anteojos,Comercial Baja,Vendedor_10,4,2061.88,0,2061.88,8247.52,Transferencia,No,1428.12,20.6
V03244,2024-11-19,Rosarito,Rosarito-Principal,Ferretería,Adhesivos,Logística Frontera,Vendedor_05,5,6747.87,15,5735.69,28678.45,Tarjeta Crédito,No,3600.16,46.5
V03245,2024-06-14,Tecate,Tecate-Centro,Ropa,Vestidos,Abastos del Pacífico,Vendedor_16,15,4601.8,0,4601.8,69027.0,Vale Despensa,No cumplió expectativas,2382.94,32.3
V03246,2024-08-26,Tijuana,Tijuana-Garita,Alimentos,Panadería,Abastos del Pacífico,Vendedor_22,15,878.5,0,878.5,13177.5,Vale Despensa,No,510.76,54.6
V03247,2025-03-09,Rosarito,Rosarito-Principal,Ropa,Calcetines,Abastos del Pacífico,Vendedor_06,9,1145.72,15,973.86,8764.74,Vale Despensa,No,633.66,32.2
V03248,2024-02-23,Tijuana,Tijuana-Garita,Ropa,Ropa Interior,Logística Frontera,Vendedor_07,9,3241.48,25,2431.11,21879.99,Transferencia,No,1986.88,18.2
V03249,2025-02-12,Ensenada,Ensenada-Centro,Hogar,Cobijas,Proveedor Norte SA,Vendedor_24,1,3874.27,15,3293.13,3293.13,Efectivo,Defecto de fábrica,1887.4,32.1
V03250,2024-10-18,Ensenada,Ensenada-Maneadero,Farmacia,Medicamentos,Proveedor Norte SA,Vendedor_19,3,4704.5,20,3763.6,11290.8,Efectivo,No,2124.5,38.9
V03251,2024-02-09,Tecate,Tecate-Centro,Alimentos,Conservas,Distribuidora BC,Vendedor_16,8,2505.8,10,2255.22,18041.76,Vale Despensa,Defecto de fábrica,1672.18,49.2
V03252,2024-11-18,Mexicali,Mexicali-Nueva,Farmacia,Termómetros,Mayoreo TJ,Vendedor_11,1,5831.07,0,5831.07,5831.07,Vale Despensa,No cumplió expectativas,3455.8,52.4
V03253,2024-04-21,Tecate,Tecate-Centro,Electrónica,Cámaras,Abastos del Pacífico,Vendedor_12,6,6201.15,5,5891.09,35346.54,Transferencia,No,3673.48,19.2
V03254,2025-05-21,San Quintín,San Quintín-Central,Electrónica,Cables,Importaciones Mex,Vendedor_22,4,6020.51,0,6020.51,24082.04,Tarjeta Crédito,Talla incorrecta,2710.63,20.9
V03255,2024-09-20,Tijuana,Tijuana-Garita,Hogar,Utensilios,Logística Frontera,Vendedor_27,14,1450.34,25,1087.75,15228.5,Vale Despensa,Duplicado,887.01,45.5
V03256,2024-11-23,Tecate,Tecate-Centro,Ropa,Calcetines,Logística Frontera,Vendedor_16,2,5405.95,15,4595.06,9190.12,Transferencia,Duplicado,3340.76,25.5
V03257,2025-05-25,Tijuana,Tijuana-La Mesa,Electrónica,Celulares,Surtimax,Vendedor_20,7,4091.35,15,3477.65,24343.55,Vale Despensa,No,2345.92,27.7
V03258,2024-06-16,San Quintín,San Quintín-Central,Electrónica,Audífonos,Mayoreo TJ,Vendedor_25,11,5802.92,15,4932.48,54257.28,Tarjeta Débito,No,2683.46,49.5
V03259,2025-05-21,Tecate,Tecate-Centro,Farmacia,Cuidado Personal,Logística Frontera,Vendedor_10,5,212.74,5,202.1,1010.5,Tarjeta Crédito,No,107.82,46.0
V03260,2025-03-14,Mexicali,Mexicali-Nueva,Farmacia,Primeros Auxilios,Logística Frontera,Vendedor_29,17,2793.16,25,2094.87,35612.79,Efectivo,No,1462.87,49.3
V03261,2025-05-07,Tecate,Tecate-Centro,Ropa,Chamarras,Importaciones Mex,Vendedor_22,9,5108.51,20,4086.81,36781.29,Tarjeta Crédito,No cumplió expectativas,2430.09,46.8
V03262,2024-10-25,Tecate,Tecate-Centro,Farmacia,Vitaminas,Mayoreo TJ,Vendedor_20,18,223.18,25,167.38,3012.84,Vale Despensa,Cambio de opinión,109.64,37.8
V03263,2024-05-09,Tijuana,Tijuana-La Mesa,Farmacia,Primeros Auxilios,Surtimax,Vendedor_17,17,1092.52,0,1092.52,18572.84,Tarjeta Crédito,No,753.95,33.8
V03264,2024-03-31,Tijuana,Tijuana-Otay,Alimentos,Bebidas,Logística Frontera,Vendedor_08,16,64.03,15,54.43,870.88,Tarjeta Crédito,No,39.68,29.0
V03265,2024-07-28,Tecate,Tecate-Centro,Electrónica,Celulares,Logística Frontera,Vendedor_02,10,7951.51,5,7553.93,75539.3,Transferencia,Cambio de opinión,4953.35,35.6
V03266,2024-12-02,Tijuana,Tijuana-La Mesa,Farmacia,Cuidado Personal,Logística Frontera,Vendedor_08,19,615.37,5,584.6,11107.4,Tarjeta Crédito,No,420.44,36.6
V03267,2024-06-08,San Quintín,San Quintín-Central,Alimentos,Snacks,Mayoreo TJ,Vendedor_03,4,5952.29,5,5654.68,22618.72,Efectivo,No,3860.28,22.3
V03268,2024-08-10,Ensenada,Ensenada-Centro,Electrónica,Laptops,Comercial Baja,Vendedor_02,16,2588.72,10,2329.85,37277.6,Transferencia,No,1202.62,49.2
V03269,2024-05-13,Tecate,Tecate-Centro,Ferretería,Adhesivos,Importaciones Mex,Vendedor_06,13,7578.67,0,7578.67,98522.71,Transferencia,No,4177.11,52.3
V03270,2025-05-22,San Quintín,San Quintín-Central,Ropa,Calcetines,Proveedor Norte SA,Vendedor_09,1,2710.95,0,2710.95,2710.95,Transferencia,No,1247.1,35.5
V03271,2024-07-14,San Quintín,San Quintín-Central,Hogar,Cortinas,Abastos del Pacífico,Vendedor_27,6,3982.32,15,3384.97,20309.82,Tarjeta Débito,No,2179.13,47.2
V03272,2025-01-06,Rosarito,Rosarito-Principal,Alimentos,Panadería,Mayoreo TJ,Vendedor_17,17,2178.26,5,2069.35,35178.95,Tarjeta Débito,No,1197.92,20.9
V03273,2024-11-19,Rosarito,Rosarito-Principal,Electrónica,Cables,Surtimax,Vendedor_06,4,6436.01,15,5470.61,21882.44,Transferencia,No,4390.19,32.9
V03274,2024-07-28,Rosarito,Rosarito-Principal,Electrónica,Cargadores,Comercial Baja,Vendedor_19,7,5160.11,5,4902.1,34314.7,Tarjeta Débito,Talla incorrecta,2413.94,41.6
V03275,2025-03-09,San Quintín,San Quintín-Central,Hogar,Decoración,Comercial Baja,Vendedor_13,20,7179.11,0,7179.11,143582.2,Tarjeta Crédito,Talla incorrecta,4362.11,20.7
V03276,2024-12-31,Tijuana,Tijuana-Garita,Electrónica,Celulares,Comercial Baja,Vendedor_02,10,4014.76,20,3211.81,32118.1,Efectivo,No,2158.97,40.5
V03277,2024-04-07,Ensenada,Ensenada-Centro,Ferretería,Herramientas,Proveedor Norte SA,Vendedor_11,7,7002.97,20,5602.38,39216.66,Tarjeta Débito,No,4704.46,48.4
V03278,2024-10-20,Tecate,Tecate-Centro,Ropa,Gorras,Mayoreo TJ,Vendedor_06,16,5087.89,0,5087.89,81406.24,Transferencia,No,3448.1,42.1
V03279,2024-09-23,Tecate,Tecate-Centro,Ropa,Pantalones,Comercial Baja,Vendedor_05,6,659.85,15,560.87,3365.22,Efectivo,Duplicado,370.25,32.8
V03280,2024-10-01,Mexicali,Mexicali-Nueva,Electrónica,Audífonos,Abastos del Pacífico,Vendedor_22,9,6895.87,10,6206.28,55856.52,Tarjeta Crédito,Talla incorrecta,3647.18,42.1
V03281,2024-05-24,San Quintín,San Quintín-Central,Ropa,Chamarras,Comercial Baja,Vendedor_22,1,5369.6,10,4832.64,4832.64,Efectivo,No,3549.03,33.0
V03282,2024-03-01,Mexicali,Mexicali-Nueva,Farmacia,Anteojos,Distribuidora BC,Vendedor_29,15,4247.14,0,4247.14,63707.1,Vale Despensa,No,2076.91,18.5
V03283,2024-05-13,Tijuana,Tijuana-Garita,Ropa,Pantalones,Comercial Baja,Vendedor_12,15,5241.59,20,4193.27,62899.05,Vale Despensa,Defecto de fábrica,2496.85,26.1
V03284,2025-02-21,San Quintín,San Quintín-Central,Hogar,Almohadas,Comercial Baja,Vendedor_22,20,7612.55,0,7612.55,152251.0,Transferencia,No,4940.93,53.7
V03285,2024-01-02,San Quintín,San Quintín-Central,Electrónica,Audífonos,Abastos del Pacífico,Vendedor_21,3,1915.0,0,1915.0,5745.0,Tarjeta Crédito,No cumplió expectativas,1025.56,30.1
V03286,2025-04-13,Ensenada,Ensenada-Maneadero,Alimentos,Cereales,Mayoreo TJ,Vendedor_19,12,6761.05,20,5408.84,64906.08,Transferencia,Duplicado,3853.28,27.0
V03287,2024-09-04,Tijuana,Tijuana-Playas,Electrónica,Cables,Proveedor Norte SA,Vendedor_20,5,4181.23,0,4181.23,20906.15,Tarjeta Crédito,Duplicado,2813.13,32.0
V03288,2024-04-10,San Quintín,San Quintín-Central,Electrónica,Audífonos,Surtimax,Vendedor_08,14,5638.64,0,5638.64,78940.96,Transferencia,No,2847.13,48.4
V03289,2024-03-12,Tijuana,Tijuana-Playas,Ropa,Chamarras,Mayoreo TJ,Vendedor_19,16,1361.08,0,1361.08,21777.28,Tarjeta Débito,No,633.72,38.0
V03290,2024-02-21,San Quintín,San Quintín-Central,Electrónica,Cargadores,Abastos del Pacífico,Vendedor_04,4,6947.86,25,5210.89,20843.56,Transferencia,No,4175.49,23.8
V03291,2025-04-25,Tecate,Tecate-Centro,Alimentos,Snacks,Abastos del Pacífico,Vendedor_22,15,2190.09,0,2190.09,32851.35,Tarjeta Débito,No,1042.43,38.0
V03292,2025-04-17,Ensenada,Ensenada-Maneadero,Hogar,Muebles,Abastos del Pacífico,Vendedor_27,2,4563.33,20,3650.66,7301.32,Efectivo,Cambio de opinión,3038.03,21.0
V03293,2025-04-08,Rosarito,Rosarito-Principal,Electrónica,Cámaras,Mayoreo TJ,Vendedor_09,16,4351.39,10,3916.25,62660.0,Tarjeta Débito,No,2453.39,39.9
V03294,2025-05-29,Rosarito,Rosarito-Principal,Ferretería,Selladores,Importaciones Mex,Vendedor_01,9,7970.05,25,5977.54,53797.86,Efectivo,No cumplió expectativas,4722.02,32.6
V03295,2024-04-28,Ensenada,Ensenada-Maneadero,Hogar,Decoración,Importaciones Mex,Vendedor_13,1,4743.76,15,4032.2,4032.2,Transferencia,Duplicado,3152.1,44.1
V03296,2024-01-19,Tijuana,Tijuana-Garita,Alimentos,Cereales,Mayoreo TJ,Vendedor_30,9,3596.32,0,3596.32,32366.88,Vale Despensa,No,1782.44,26.8
V03297,2025-03-06,Tecate,Tecate-Centro,Ferretería,Pinturas,Proveedor Norte SA,Vendedor_19,3,5143.66,25,3857.74,11573.22,Tarjeta Crédito,No,3176.35,21.7
V03298,2025-04-25,Mexicali,Mexicali-Nueva,Electrónica,Cargadores,Distribuidora BC,Vendedor_26,8,7255.23,20,5804.18,46433.44,Tarjeta Débito,No,3479.18,41.1
V03299,2025-01-25,Rosarito,Rosarito-Principal,Alimentos,Bebidas,Proveedor Norte SA,Vendedor_01,8,4125.63,0,4125.63,33005.04,Tarjeta Crédito,No,2787.59,38.8
V03300,2024-12-21,Ensenada,Ensenada-Maneadero,Farmacia,Primeros Auxilios,Distribuidora BC,Vendedor_11,2,2287.31,10,2058.58,4117.16,Efectivo,No,1375.16,23.9
V03301,2024-06-13,Ensenada,Ensenada-Centro,Hogar,Lámparas,Proveedor Norte SA,Vendedor_01,20,7997.28,0,7997.28,159945.6,Vale Despensa,No,4599.5,54.7
V03302,2024-11-11,San Quintín,San Quintín-Central,Farmacia,Anteojos,Abastos del Pacífico,Vendedor_29,10,6623.58,0,6623.58,66235.8,Transferencia,Talla incorrecta,4423.04,30.5
V03303,2024-01-03,Tijuana,Tijuana-La Mesa,Hogar,Cobijas,Comercial Baja,Vendedor_02,6,6690.31,10,6021.28,36127.68,Vale Despensa,No,4631.49,28.7
V03304,2025-05-06,Rosarito,Rosarito-Principal,Ferretería,Tornillería,Surtimax,Vendedor_23,9,2277.04,0,2277.04,20493.36,Transferencia,No,1125.22,54.9
V03305,2025-02-27,Tijuana,Tijuana-Otay,Electrónica,Tabletas,Comercial Baja,Vendedor_12,17,713.93,0,713.93,12136.81,Vale Despensa,Talla incorrecta,420.93,32.4
V03306,2024-09-27,Mexicali,Mexicali-Nueva,Alimentos,Panadería,Logística Frontera,Vendedor_19,14,5087.66,25,3815.74,53420.36,Tarjeta Crédito,Talla incorrecta,3388.18,52.3
V03307,2024-08-25,Mexicali,Mexicali-Baja,Electrónica,Televisores,Logística Frontera,Vendedor_30,13,707.86,0,707.86,9202.18,Vale Despensa,Duplicado,466.31,54.3
V03308,2024-11-09,Tecate,Tecate-Centro,Farmacia,Termómetros,Abastos del Pacífico,Vendedor_17,19,486.18,15,413.25,7851.75,Tarjeta Débito,No cumplió expectativas,247.32,41.3
V03309,2024-07-05,Ensenada,Ensenada-Maneadero,Alimentos,Carnes Frías,Importaciones Mex,Vendedor_17,18,5568.29,10,5011.46,90206.28,Efectivo,Talla incorrecta,2668.87,27.5
V03310,2024-08-03,Ensenada,Ensenada-Maneadero,Hogar,Utensilios,Surtimax,Vendedor_12,4,6240.48,15,5304.41,21217.64,Tarjeta Débito,No,3053.3,52.4
V03311,2025-04-18,Tecate,Tecate-Centro,Electrónica,Tabletas,Mayoreo TJ,Vendedor_27,4,4897.86,5,4652.97,18611.88,Tarjeta Crédito,No,2387.28,54.2
V03312,2024-07-28,Mexicali,Mexicali-Centro,Alimentos,Carnes Frías,Surtimax,Vendedor_26,4,2046.37,0,2046.37,8185.48,Transferencia,No,1325.84,50.4
V03313,2024-01-20,Ensenada,Ensenada-Maneadero,Ropa,Camisas,Abastos del Pacífico,Vendedor_23,12,3952.11,5,3754.5,45054.0,Tarjeta Crédito,Defecto de fábrica,2624.88,28.0
V03314,2025-05-02,Ensenada,Ensenada-Centro,Alimentos,Lácteos,Mayoreo TJ,Vendedor_17,2,4924.15,10,4431.73,8863.46,Transferencia,No,2446.3,44.4
V03315,2025-03-14,Rosarito,Rosarito-Principal,Farmacia,Higiene,Surtimax,Vendedor_28,1,4633.49,25,3475.12,3475.12,Vale Despensa,No cumplió expectativas,3187.55,44.0
V03316,2025-03-04,Tecate,Tecate-Centro,Ferretería,Herramientas,Importaciones Mex,Vendedor_30,5,2969.16,0,2969.16,14845.8,Efectivo,No cumplió expectativas,2057.6,54.7
V03317,2024-01-26,Ensenada,Ensenada-Centro,Electrónica,Laptops,Logística Frontera,Vendedor_25,15,2992.23,0,2992.23,44883.45,Efectivo,Duplicado,1966.97,50.0
V03318,2025-05-14,Tecate,Tecate-Centro,Alimentos,Cereales,Importaciones Mex,Vendedor_15,7,6816.91,20,5453.53,38174.71,Vale Despensa,Talla incorrecta,4069.44,33.9
V03319,2024-03-18,Rosarito,Rosarito-Principal,Farmacia,Bebés,Mayoreo TJ,Vendedor_21,18,2022.98,0,2022.98,36413.64,Tarjeta Débito,No cumplió expectativas,1408.22,49.8
V03320,2024-10-03,Tecate,Tecate-Centro,Hogar,Decoración,Surtimax,Vendedor_04,13,6768.05,25,5076.04,65988.52,Tarjeta Débito,Cambio de opinión,4105.27,52.1
V03321,2025-02-21,Mexicali,Mexicali-Centro,Ropa,Camisas,Logística Frontera,Vendedor_26,9,4356.14,5,4138.33,37244.97,Tarjeta Débito,Cambio de opinión,2600.71,42.5
V03322,2025-03-18,Tecate,Tecate-Centro,Ropa,Camisas,Importaciones Mex,Vendedor_20,2,3608.17,20,2886.54,5773.08,Vale Despensa,No,1860.91,18.0
V03323,2024-05-29,Tecate,Tecate-Centro,Ferretería,Tornillería,Abastos del Pacífico,Vendedor_01,13,4950.01,0,4950.01,64350.13,Tarjeta Crédito,No,3086.35,34.4
V03324,2025-01-03,Ensenada,Ensenada-Maneadero,Electrónica,Televisores,Surtimax,Vendedor_21,1,2001.46,5,1901.39,1901.39,Transferencia,No,1357.45,27.6
V03325,2024-06-21,Tijuana,Tijuana-Zona Río,Hogar,Utensilios,Proveedor Norte SA,Vendedor_22,11,632.88,5,601.24,6613.64,Vale Despensa,No,425.55,45.4
V03326,2024-04-11,Rosarito,Rosarito-Principal,Electrónica,Laptops,Mayoreo TJ,Vendedor_30,15,779.51,0,779.51,11692.65,Tarjeta Débito,Cambio de opinión,487.97,16.0
V03327,2024-10-05,Tecate,Tecate-Centro,Ferretería,Adhesivos,Comercial Baja,Vendedor_05,9,7853.4,10,7068.06,63612.54,Efectivo,Duplicado,5184.06,22.0
V03328,2024-03-18,San Quintín,San Quintín-Central,Hogar,Almohadas,Proveedor Norte SA,Vendedor_26,3,1738.69,5,1651.76,4955.28,Tarjeta Crédito,No,883.66,50.7
V03329,2025-01-19,San Quintín,San Quintín-Central,Electrónica,Cámaras,Logística Frontera,Vendedor_06,11,4581.46,25,3436.1,37797.1,Efectivo,No,2697.71,37.2
V03330,2024-04-03,Tijuana,Tijuana-Garita,Ferretería,Brochas,Distribuidora BC,Vendedor_04,20,2270.22,0,2270.22,45404.4,Tarjeta Débito,Duplicado,1569.02,29.3
V03331,2024-08-05,San Quintín,San Quintín-Central,Alimentos,Cereales,Mayoreo TJ,Vendedor_03,5,108.59,0,108.59,542.95,Transferencia,Talla incorrecta,63.19,32.9
V03332,2024-04-04,Tijuana,Tijuana-Playas,Ropa,Zapatos,Surtimax,Vendedor_20,11,6955.87,25,5216.9,57385.9,Tarjeta Débito,Talla incorrecta,3172.18,23.7
V03333,2025-02-09,Ensenada,Ensenada-Centro,Hogar,Decoración,Distribuidora BC,Vendedor_01,6,1085.79,25,814.34,4886.04,Vale Despensa,Talla incorrecta,582.02,18.9
V03334,2024-03-06,Tijuana,Tijuana-Garita,Electrónica,Cámaras,Abastos del Pacífico,Vendedor_28,11,4835.63,0,4835.63,53191.93,Tarjeta Débito,Duplicado,2364.75,36.7
V03335,2024-04-03,Tijuana,Tijuana-Garita,Ropa,Gorras,Logística Frontera,Vendedor_01,1,7642.17,0,7642.17,7642.17,Efectivo,No,5092.7,45.2
V03336,2025-05-22,Tecate,Tecate-Centro,Electrónica,Tabletas,Comercial Baja,Vendedor_06,15,6536.89,0,6536.89,98053.35,Efectivo,No cumplió expectativas,3975.69,26.3
V03337,2024-08-22,Tijuana,Tijuana-Zona Río,Ferretería,Herramientas,Importaciones Mex,Vendedor_12,12,3499.54,5,3324.56,39894.72,Efectivo,Duplicado,1672.81,31.1
V03338,2024-10-05,Mexicali,Mexicali-Baja,Ropa,Ropa Interior,Distribuidora BC,Vendedor_16,10,7794.36,0,7794.36,77943.6,Tarjeta Débito,No,3576.63,50.8
V03339,2024-01-31,San Quintín,San Quintín-Central,Farmacia,Bebés,Abastos del Pacífico,Vendedor_15,5,848.93,5,806.48,4032.4,Tarjeta Débito,No,393.71,49.6
V03340,2024-12-12,Rosarito,Rosarito-Principal,Alimentos,Snacks,Abastos del Pacífico,Vendedor_14,7,3848.18,0,3848.18,26937.26,Tarjeta Crédito,No,1961.47,37.5
V03341,2024-04-13,Mexicali,Mexicali-Baja,Ropa,Ropa Interior,Surtimax,Vendedor_28,8,3870.1,5,3676.59,29412.72,Vale Despensa,No,1760.35,15.5
V03342,2025-01-04,Rosarito,Rosarito-Principal,Electrónica,Cables,Distribuidora BC,Vendedor_23,16,1175.82,20,940.66,15050.56,Tarjeta Crédito,Defecto de fábrica,655.67,24.6
V03343,2024-09-18,Tijuana,Tijuana-Playas,Hogar,Decoración,Surtimax,Vendedor_17,8,93.24,0,93.24,745.92,Tarjeta Crédito,No,51.01,44.7
V03344,2024-08-06,San Quintín,San Quintín-Central,Electrónica,Laptops,Proveedor Norte SA,Vendedor_04,5,4040.94,0,4040.94,20204.7,Transferencia,No cumplió expectativas,2805.97,19.2
V03345,2024-12-23,Rosarito,Rosarito-Principal,Hogar,Muebles,Comercial Baja,Vendedor_11,16,6752.44,0,6752.44,108039.04,Efectivo,Defecto de fábrica,4590.21,44.7
V03346,2025-02-14,Mexicali,Mexicali-Baja,Hogar,Cortinas,Abastos del Pacífico,Vendedor_21,9,5090.28,0,5090.28,45812.52,Tarjeta Débito,Talla incorrecta,3132.91,41.9
V03347,2024-01-11,Rosarito,Rosarito-Principal,Ropa,Calcetines,Proveedor Norte SA,Vendedor_09,6,2798.92,25,2099.19,12595.14,Vale Despensa,No cumplió expectativas,1944.61,18.2
V03348,2024-10-29,Tijuana,Tijuana-Otay,Hogar,Decoración,Logística Frontera,Vendedor_10,13,1858.49,25,1393.87,18120.31,Tarjeta Débito,Talla incorrecta,1172.05,43.4
V03349,2024-03-06,San Quintín,San Quintín-Central,Electrónica,Cámaras,Surtimax,Vendedor_19,7,7504.41,15,6378.75,44651.25,Tarjeta Crédito,Cambio de opinión,4043.25,53.3
V03350,2025-04-26,Tijuana,Tijuana-Garita,Ropa,Camisas,Surtimax,Vendedor_14,10,7841.5,15,6665.27,66652.7,Tarjeta Crédito,Duplicado,3793.78,33.0
V03351,2024-01-26,Mexicali,Mexicali-Nueva,Alimentos,Carnes Frías,Mayoreo TJ,Vendedor_09,2,3332.01,0,3332.01,6664.02,Tarjeta Crédito,No,1546.62,35.9
V03352,2025-03-04,Ensenada,Ensenada-Maneadero,Farmacia,Primeros Auxilios,Comercial Baja,Vendedor_10,7,3563.53,0,3563.53,24944.71,Efectivo,Defecto de fábrica,2041.89,46.4
V03353,2024-03-23,Tijuana,Tijuana-Otay,Ropa,Ropa Interior,Logística Frontera,Vendedor_24,7,1399.91,15,1189.92,8329.44,Efectivo,Duplicado,787.49,22.5
V03354,2025-01-13,Mexicali,Mexicali-Nueva,Electrónica,Cargadores,Proveedor Norte SA,Vendedor_04,16,2428.39,0,2428.39,38854.24,Transferencia,Cambio de opinión,1242.93,54.1
V03355,2024-07-11,Rosarito,Rosarito-Principal,Alimentos,Panadería,Importaciones Mex,Vendedor_07,15,4458.02,0,4458.02,66870.3,Vale Despensa,No,2834.07,39.7
V03356,2025-03-20,Tijuana,Tijuana-Garita,Ferretería,Tornillería,Mayoreo TJ,Vendedor_26,12,6420.76,20,5136.61,61639.32,Efectivo,Talla incorrecta,4143.7,52.7
V03357,2024-09-22,Ensenada,Ensenada-Maneadero,Alimentos,Cereales,Surtimax,Vendedor_13,13,6701.91,25,5026.43,65343.59,Tarjeta Débito,No,3570.26,16.9
V03358,2024-06-07,Ensenada,Ensenada-Maneadero,Electrónica,Laptops,Comercial Baja,Vendedor_29,8,5207.73,10,4686.96,37495.68,Efectivo,No,3490.0,38.2
V03359,2024-04-19,Mexicali,Mexicali-Nueva,Hogar,Lámparas,Importaciones Mex,Vendedor_17,11,115.86,15,98.48,1083.28,Tarjeta Débito,Cambio de opinión,61.47,28.3
V03360,2024-05-05,Tijuana,Tijuana-Otay,Ropa,Calcetines,Proveedor Norte SA,Vendedor_25,18,2731.91,0,2731.91,49174.38,Tarjeta Crédito,No,1356.17,49.2
V03361,2024-08-12,Rosarito,Rosarito-Principal,Alimentos,Carnes Frías,Importaciones Mex,Vendedor_26,16,170.15,20,136.12,2177.92,Efectivo,Defecto de fábrica,86.22,51.1
V03362,2024-05-25,Ensenada,Ensenada-Centro,Electrónica,Cables,Distribuidora BC,Vendedor_24,13,5116.91,25,3837.68,49889.84,Efectivo,Talla incorrecta,2722.68,48.8
V03363,2024-11-09,Tijuana,Tijuana-Zona Río,Hogar,Muebles,Logística Frontera,Vendedor_01,10,4834.92,25,3626.19,36261.9,Transferencia,No,2890.19,54.5
V03364,2024-11-08,Tijuana,Tijuana-Playas,Ropa,Gorras,Distribuidora BC,Vendedor_25,7,6397.93,25,4798.45,33589.15,Tarjeta Crédito,Duplicado,4070.86,29.9
V03365,2024-06-16,Tecate,Tecate-Centro,Ferretería,Adhesivos,Abastos del Pacífico,Vendedor_06,20,4815.74,25,3611.8,72236.0,Transferencia,No,2439.87,43.6
V03366,2024-03-21,Mexicali,Mexicali-Centro,Alimentos,Carnes Frías,Proveedor Norte SA,Vendedor_11,7,3937.77,0,3937.77,27564.39,Transferencia,No,2171.19,27.8
V03367,2025-02-10,Tijuana,Tijuana-Playas,Electrónica,Tabletas,Importaciones Mex,Vendedor_05,15,2500.12,0,2500.12,37501.8,Vale Despensa,No,1612.69,32.8
V03368,2024-04-15,San Quintín,San Quintín-Central,Farmacia,Anteojos,Proveedor Norte SA,Vendedor_06,3,315.48,15,268.16,804.48,Tarjeta Crédito,No,156.64,24.5
V03369,2024-09-12,San Quintín,San Quintín-Central,Hogar,Utensilios,Proveedor Norte SA,Vendedor_03,15,5844.65,5,5552.42,83286.3,Tarjeta Débito,No,4047.4,36.0
V03370,2025-03-23,Ensenada,Ensenada-Centro,Alimentos,Bebidas,Mayoreo TJ,Vendedor_14,4,1548.12,25,1161.09,4644.36,Efectivo,No,721.96,44.6
V03371,2025-04-17,Ensenada,Ensenada-Maneadero,Hogar,Cobijas,Comercial Baja,Vendedor_29,9,250.12,5,237.61,2138.49,Tarjeta Débito,No,158.39,27.5
V03372,2024-03-06,Ensenada,Ensenada-Maneadero,Alimentos,Cereales,Abastos del Pacífico,Vendedor_17,7,6973.03,25,5229.77,36608.39,Vale Despensa,Talla incorrecta,3707.59,22.0
V03373,2024-07-18,Tecate,Tecate-Centro,Hogar,Muebles,Distribuidora BC,Vendedor_10,8,159.66,10,143.69,1149.52,Vale Despensa,Defecto de fábrica,98.51,34.0
V03374,2024-02-18,San Quintín,San Quintín-Central,Hogar,Decoración,Distribuidora BC,Vendedor_17,17,7220.69,0,7220.69,122751.73,Vale Despensa,Cambio de opinión,3317.45,53.0
V03375,2024-06-23,Mexicali,Mexicali-Baja,Alimentos,Cereales,Distribuidora BC,Vendedor_15,18,6461.11,0,6461.11,116299.98,Tarjeta Débito,No,3331.19,30.1
V03376,2024-07-18,Rosarito,Rosarito-Principal,Ropa,Calcetines,Distribuidora BC,Vendedor_07,9,6684.27,0,6684.27,60158.43,Transferencia,Talla incorrecta,4530.09,45.5
V03377,2024-01-04,Rosarito,Rosarito-Principal,Ferretería,Herramientas,Importaciones Mex,Vendedor_09,8,2478.95,0,2478.95,19831.6,Vale Despensa,No,1184.9,18.2
V03378,2025-02-20,Ensenada,Ensenada-Maneadero,Hogar,Utensilios,Distribuidora BC,Vendedor_07,7,4666.02,25,3499.52,24496.64,Tarjeta Débito,No,3179.71,34.0
V03379,2024-03-17,Mexicali,Mexicali-Nueva,Ropa,Gorras,Surtimax,Vendedor_29,18,6488.16,0,6488.16,116786.88,Tarjeta Débito,No,3988.86,22.4
V03380,2024-03-05,San Quintín,San Quintín-Central,Electrónica,Celulares,Proveedor Norte SA,Vendedor_21,16,752.56,20,602.05,9632.8,Tarjeta Débito,No,384.62,27.4
V03381,2025-05-19,San Quintín,San Quintín-Central,Ferretería,Brochas,Proveedor Norte SA,Vendedor_16,17,3259.13,0,3259.13,55405.21,Tarjeta Débito,Cambio de opinión,1803.63,42.6
V03382,2024-03-31,Ensenada,Ensenada-Centro,Electrónica,Cargadores,Comercial Baja,Vendedor_18,19,5573.93,5,5295.23,100609.37,Efectivo,No,2750.22,35.4
V03383,2024-08-16,Mexicali,Mexicali-Baja,Ferretería,Plomería,Mayoreo TJ,Vendedor_26,19,4833.81,15,4108.74,78066.06,Tarjeta Débito,Defecto de fábrica,3126.44,40.8
V03384,2024-11-20,Rosarito,Rosarito-Principal,Alimentos,Cereales,Abastos del Pacífico,Vendedor_19,19,4598.77,5,4368.83,83007.77,Vale Despensa,Duplicado,2907.71,24.7
V03385,2024-03-28,Mexicali,Mexicali-Centro,Hogar,Cobijas,Abastos del Pacífico,Vendedor_26,4,5077.1,20,4061.68,16246.72,Tarjeta Débito,No,2578.15,17.1
V03386,2025-05-18,San Quintín,San Quintín-Central,Hogar,Muebles,Distribuidora BC,Vendedor_09,13,562.92,10,506.63,6586.19,Efectivo,Defecto de fábrica,372.76,37.5
V03387,2024-07-25,Tijuana,Tijuana-Playas,Alimentos,Condimentos,Mayoreo TJ,Vendedor_10,2,886.29,0,886.29,1772.58,Vale Despensa,No,497.75,35.2
V03388,2025-05-06,Tecate,Tecate-Centro,Ropa,Gorras,Mayoreo TJ,Vendedor_26,3,4379.08,20,3503.26,10509.78,Transferencia,Duplicado,2473.3,31.3
V03389,2024-02-20,San Quintín,San Quintín-Central,Ropa,Ropa Interior,Surtimax,Vendedor_25,14,5142.95,5,4885.8,68401.2,Transferencia,No,2689.48,42.9
V03390,2024-09-06,Rosarito,Rosarito-Principal,Farmacia,Cuidado Personal,Comercial Baja,Vendedor_24,13,7666.44,20,6133.15,79730.95,Tarjeta Crédito,Duplicado,4248.14,18.4
V03391,2025-05-22,Rosarito,Rosarito-Principal,Alimentos,Carnes Frías,Surtimax,Vendedor_19,16,2774.1,25,2080.57,33289.12,Tarjeta Débito,No,1725.48,26.1
V03392,2024-10-25,Ensenada,Ensenada-Centro,Hogar,Lámparas,Mayoreo TJ,Vendedor_07,15,4309.0,5,4093.55,61403.25,Vale Despensa,Cambio de opinión,2894.24,30.1
V03393,2025-02-03,Ensenada,Ensenada-Centro,Alimentos,Panadería,Proveedor Norte SA,Vendedor_05,12,2628.93,0,2628.93,31547.16,Efectivo,No,1831.11,47.5
V03394,2024-08-27,Mexicali,Mexicali-Nueva,Alimentos,Bebidas,Abastos del Pacífico,Vendedor_07,1,7309.45,0,7309.45,7309.45,Tarjeta Débito,No,4365.75,15.1
V03395,2025-03-23,Rosarito,Rosarito-Principal,Alimentos,Carnes Frías,Proveedor Norte SA,Vendedor_17,6,3952.23,0,3952.23,23713.38,Transferencia,No,2093.52,49.3
V03396,2025-05-22,Tijuana,Tijuana-Zona Río,Hogar,Lámparas,Importaciones Mex,Vendedor_20,1,4937.01,25,3702.76,3702.76,Tarjeta Débito,No,3058.99,24.4
V03397,2024-10-24,Rosarito,Rosarito-Principal,Electrónica,Celulares,Surtimax,Vendedor_29,19,5426.17,15,4612.24,87632.56,Efectivo,No cumplió expectativas,2531.25,52.6
V03398,2025-01-22,Ensenada,Ensenada-Maneadero,Alimentos,Conservas,Mayoreo TJ,Vendedor_18,17,2588.78,10,2329.9,39608.3,Efectivo,Duplicado,1794.38,42.4
V03399,2024-12-11,San Quintín,San Quintín-Central,Farmacia,Medicamentos,Comercial Baja,Vendedor_07,2,6284.52,20,5027.62,10055.24,Vale Despensa,No,3954.65,45.5
V03400,2025-01-23,Ensenada,Ensenada-Centro,Electrónica,Cables,Abastos del Pacífico,Vendedor_29,14,102.7,0,102.7,1437.8,Efectivo,Talla incorrecta,63.16,22.7
V03401,2024-10-25,Tijuana,Tijuana-La Mesa,Hogar,Almohadas,Abastos del Pacífico,Vendedor_20,10,215.73,0,215.73,2157.3,Transferencia,No,134.96,18.7
V03402,2025-04-07,Tijuana,Tijuana-Playas,Ropa,Zapatos,Comercial Baja,Vendedor_11,20,6085.22,20,4868.18,97363.6,Tarjeta Crédito,No,3138.24,46.4
V03403,2024-08-29,Tecate,Tecate-Centro,Alimentos,Lácteos,Mayoreo TJ,Vendedor_27,7,3372.47,15,2866.6,20066.2,Tarjeta Crédito,No,2030.23,38.6
V03404,2025-04-22,Tecate,Tecate-Centro,Hogar,Muebles,Proveedor Norte SA,Vendedor_10,17,4396.54,0,4396.54,74741.18,Efectivo,No,2296.23,15.8
V03405,2025-02-03,Tecate,Tecate-Centro,Alimentos,Condimentos,Importaciones Mex,Vendedor_28,5,2117.8,0,2117.8,10589.0,Transferencia,Talla incorrecta,1277.28,49.6
V03406,2024-08-08,Mexicali,Mexicali-Nueva,Farmacia,Cuidado Personal,Mayoreo TJ,Vendedor_03,10,7039.43,10,6335.49,63354.9,Tarjeta Débito,Talla incorrecta,3651.14,49.0
V03407,2024-12-16,Ensenada,Ensenada-Maneadero,Hogar,Muebles,Abastos del Pacífico,Vendedor_26,6,7361.58,25,5521.18,33127.08,Vale Despensa,No,4205.51,52.5
V03408,2024-07-21,Tijuana,Tijuana-La Mesa,Farmacia,Cuidado Personal,Distribuidora BC,Vendedor_21,15,7532.14,15,6402.32,96034.8,Tarjeta Crédito,No,3595.01,46.5
V03409,2025-05-13,Ensenada,Ensenada-Centro,Ropa,Calcetines,Surtimax,Vendedor_26,13,3911.17,25,2933.38,38133.94,Vale Despensa,No,2401.88,40.8
V03410,2024-08-11,San Quintín,San Quintín-Central,Farmacia,Higiene,Distribuidora BC,Vendedor_19,16,2206.91,20,1765.53,28248.48,Transferencia,No,1253.33,28.1
V03411,2024-09-27,Tecate,Tecate-Centro,Ropa,Camisas,Mayoreo TJ,Vendedor_18,11,6708.01,10,6037.21,66409.31,Vale Despensa,Defecto de fábrica,4500.07,26.1
V03412,2024-10-12,Ensenada,Ensenada-Centro,Ferretería,Tornillería,Importaciones Mex,Vendedor_22,13,3047.69,25,2285.77,29715.01,Transferencia,Talla incorrecta,1666.23,25.8
V03413,2025-05-05,Rosarito,Rosarito-Principal,Ferretería,Selladores,Abastos del Pacífico,Vendedor_08,17,4840.06,0,4840.06,82281.02,Vale Despensa,No,3282.66,54.5
V03414,2024-10-19,Ensenada,Ensenada-Centro,Ferretería,Plomería,Proveedor Norte SA,Vendedor_22,20,2622.24,0,2622.24,52444.8,Tarjeta Crédito,No,1697.87,25.4
V03415,2024-10-06,Ensenada,Ensenada-Centro,Hogar,Muebles,Mayoreo TJ,Vendedor_16,10,3649.21,15,3101.83,31018.3,Vale Despensa,No,2017.98,17.4
V03416,2025-04-12,Ensenada,Ensenada-Maneadero,Hogar,Cobijas,Distribuidora BC,Vendedor_28,2,4419.38,10,3977.44,7954.88,Vale Despensa,No,2260.17,20.0
V03417,2024-02-01,Ensenada,Ensenada-Maneadero,Electrónica,Tabletas,Surtimax,Vendedor_14,18,3618.23,0,3618.23,65128.14,Vale Despensa,Duplicado,2487.21,39.4
V03418,2024-01-01,Tijuana,Tijuana-Garita,Ferretería,Adhesivos,Surtimax,Vendedor_01,15,4302.78,25,3227.09,48406.35,Efectivo,No,2142.13,41.2
V03419,2025-05-04,Rosarito,Rosarito-Principal,Ferretería,Tornillería,Abastos del Pacífico,Vendedor_27,15,7881.77,20,6305.42,94581.3,Tarjeta Débito,Cambio de opinión,3728.06,54.3
V03420,2025-02-25,Tecate,Tecate-Centro,Ferretería,Selladores,Abastos del Pacífico,Vendedor_29,15,1491.3,20,1193.04,17895.6,Tarjeta Débito,Talla incorrecta,967.68,45.6
V03421,2025-02-23,Tecate,Tecate-Centro,Ferretería,Pinturas,Logística Frontera,Vendedor_22,5,1972.23,5,1873.62,9368.1,Vale Despensa,No cumplió expectativas,1141.78,27.1
V03422,2025-05-13,Rosarito,Rosarito-Principal,Hogar,Almohadas,Proveedor Norte SA,Vendedor_25,19,2961.83,10,2665.65,50647.35,Tarjeta Crédito,No,1499.42,26.9
V03423,2025-04-21,Mexicali,Mexicali-Baja,Ferretería,Adhesivos,Mayoreo TJ,Vendedor_02,4,2333.75,0,2333.75,9335.0,Vale Despensa,No,1430.68,48.9
V03424,2024-01-10,San Quintín,San Quintín-Central,Ferretería,Plomería,Mayoreo TJ,Vendedor_27,18,7179.03,0,7179.03,129222.54,Efectivo,Defecto de fábrica,3868.33,49.3
V03425,2025-03-04,Ensenada,Ensenada-Centro,Alimentos,Conservas,Proveedor Norte SA,Vendedor_02,20,3225.13,20,2580.1,51602.0,Efectivo,No,1935.97,50.1
V03426,2024-05-05,Mexicali,Mexicali-Centro,Alimentos,Lácteos,Comercial Baja,Vendedor_11,9,6458.87,0,6458.87,58129.83,Vale Despensa,No,4019.86,42.8
V03427,2025-05-06,Mexicali,Mexicali-Baja,Hogar,Almohadas,Importaciones Mex,Vendedor_26,6,7809.68,0,7809.68,46858.08,Tarjeta Débito,No,3955.99,48.2
V03428,2024-11-24,Tecate,Tecate-Centro,Ropa,Camisas,Abastos del Pacífico,Vendedor_13,9,794.75,10,715.27,6437.43,Efectivo,No,439.93,48.1
V03429,2024-03-07,San Quintín,San Quintín-Central,Ferretería,Adhesivos,Importaciones Mex,Vendedor_03,10,471.74,20,377.39,3773.9,Vale Despensa,Defecto de fábrica,248.48,40.5
V03430,2024-08-05,Tecate,Tecate-Centro,Farmacia,Higiene,Abastos del Pacífico,Vendedor_12,5,5125.6,15,4356.76,21783.8,Tarjeta Crédito,Cambio de opinión,2667.16,44.9
V03431,2025-04-10,Mexicali,Mexicali-Nueva,Electrónica,Tabletas,Abastos del Pacífico,Vendedor_09,14,6098.71,10,5488.84,76843.76,Tarjeta Crédito,No cumplió expectativas,3773.37,18.0
V03432,2024-08-05,Rosarito,Rosarito-Principal,Farmacia,Vitaminas,Logística Frontera,Vendedor_27,11,7146.27,5,6788.96,74678.56,Tarjeta Débito,No,3828.35,43.6
V03433,2024-03-27,Tecate,Tecate-Centro,Ferretería,Selladores,Logística Frontera,Vendedor_23,16,6458.52,0,6458.52,103336.32,Transferencia,Duplicado,4190.11,48.9
V03434,2024-03-31,Mexicali,Mexicali-Nueva,Alimentos,Snacks,Surtimax,Vendedor_01,20,3732.43,10,3359.19,67183.8,Tarjeta Crédito,No,2331.65,36.4
V03435,2025-03-03,Mexicali,Mexicali-Nueva,Alimentos,Snacks,Distribuidora BC,Vendedor_05,9,6077.79,15,5166.12,46495.08,Efectivo,No,3345.09,15.9
V03436,2025-04-10,San Quintín,San Quintín-Central,Electrónica,Laptops,Comercial Baja,Vendedor_05,19,5012.68,15,4260.78,80954.82,Tarjeta Crédito,Duplicado,2554.46,15.0
V03437,2024-09-13,Tijuana,Tijuana-Playas,Ferretería,Electricidad,Mayoreo TJ,Vendedor_18,20,3059.75,5,2906.76,58135.2,Efectivo,Cambio de opinión,1903.13,25.2
V03438,2024-12-29,Tijuana,Tijuana-Garita,Ferretería,Tornillería,Comercial Baja,Vendedor_18,4,6248.03,5,5935.63,23742.52,Transferencia,Defecto de fábrica,3191.08,50.2
V03439,2024-08-02,Ensenada,Ensenada-Centro,Ferretería,Herramientas,Mayoreo TJ,Vendedor_29,9,6800.6,5,6460.57,58145.13,Transferencia,No cumplió expectativas,3302.01,50.7
V03440,2024-11-04,San Quintín,San Quintín-Central,Farmacia,Bebés,Comercial Baja,Vendedor_12,5,5669.53,20,4535.62,22678.1,Transferencia,No,3680.46,44.3
V03441,2024-03-14,Tecate,Tecate-Centro,Ropa,Zapatos,Surtimax,Vendedor_03,7,4838.78,10,4354.9,30484.3,Vale Despensa,Defecto de fábrica,2787.84,29.1
V03442,2024-12-14,Tecate,Tecate-Centro,Ferretería,Tornillería,Mayoreo TJ,Vendedor_24,19,6292.44,0,6292.44,119556.36,Vale Despensa,No,3212.68,32.8
V03443,2024-10-26,Mexicali,Mexicali-Centro,Farmacia,Vitaminas,Proveedor Norte SA,Vendedor_27,12,4508.79,20,3607.03,43284.36,Transferencia,No,2878.51,28.7
V03444,2024-01-04,Tecate,Tecate-Centro,Farmacia,Bebés,Mayoreo TJ,Vendedor_15,15,5447.37,20,4357.9,65368.5,Efectivo,Duplicado,3730.49,47.3
V03445,2024-02-02,Rosarito,Rosarito-Principal,Alimentos,Condimentos,Proveedor Norte SA,Vendedor_16,19,6589.15,0,6589.15,125193.85,Tarjeta Crédito,No cumplió expectativas,4424.73,41.5
V03446,2024-10-21,Mexicali,Mexicali-Centro,Alimentos,Cereales,Proveedor Norte SA,Vendedor_21,15,6355.54,0,6355.54,95333.1,Transferencia,Duplicado,4172.23,51.8
V03447,2024-11-01,Ensenada,Ensenada-Maneadero,Hogar,Cojines,Logística Frontera,Vendedor_01,5,4930.33,0,4930.33,24651.65,Transferencia,Cambio de opinión,2508.95,19.0
V03448,2024-07-19,Tecate,Tecate-Centro,Ferretería,Herramientas,Comercial Baja,Vendedor_30,2,1010.3,0,1010.3,2020.6,Tarjeta Débito,No,608.81,53.8
V03449,2025-02-05,Tijuana,Tijuana-La Mesa,Ferretería,Electricidad,Abastos del Pacífico,Vendedor_09,3,7426.1,20,5940.88,17822.64,Transferencia,No,3464.8,16.2
V03450,2024-05-18,San Quintín,San Quintín-Central,Alimentos,Lácteos,Importaciones Mex,Vendedor_04,12,3571.59,20,2857.27,34287.24,Tarjeta Débito,Defecto de fábrica,1617.43,15.2
V03451,2024-02-17,San Quintín,San Quintín-Central,Electrónica,Tabletas,Comercial Baja,Vendedor_10,6,1468.86,15,1248.53,7491.18,Efectivo,Defecto de fábrica,957.45,30.3
V03452,2024-05-31,Tecate,Tecate-Centro,Ropa,Camisas,Importaciones Mex,Vendedor_04,10,4421.23,0,4421.23,44212.3,Transferencia,No,2531.97,23.5
V03453,2024-02-09,Ensenada,Ensenada-Maneadero,Farmacia,Primeros Auxilios,Proveedor Norte SA,Vendedor_26,4,7884.66,25,5913.49,23653.96,Transferencia,No,3668.94,33.2
V03454,2024-09-18,San Quintín,San Quintín-Central,Hogar,Cortinas,Distribuidora BC,Vendedor_02,3,4250.49,0,4250.49,12751.47,Efectivo,Talla incorrecta,2400.6,47.3
V03455,2024-04-07,Tijuana,Tijuana-Zona Río,Farmacia,Primeros Auxilios,Proveedor Norte SA,Vendedor_24,4,3793.85,0,3793.85,15175.4,Tarjeta Crédito,No,2435.08,25.9
V03456,2025-01-08,San Quintín,San Quintín-Central,Farmacia,Bebés,Proveedor Norte SA,Vendedor_29,15,4337.85,15,3687.17,55307.55,Tarjeta Débito,No,2825.63,24.0
V03457,2024-03-26,San Quintín,San Quintín-Central,Farmacia,Bebés,Importaciones Mex,Vendedor_24,16,5084.18,10,4575.76,73212.16,Transferencia,Defecto de fábrica,2960.59,36.6
V03458,2024-11-19,Tecate,Tecate-Centro,Ropa,Zapatos,Importaciones Mex,Vendedor_09,10,6178.76,0,6178.76,61787.6,Tarjeta Débito,Duplicado,2818.76,39.5
V03459,2024-06-06,Rosarito,Rosarito-Principal,Electrónica,Cámaras,Comercial Baja,Vendedor_12,1,6796.83,0,6796.83,6796.83,Tarjeta Crédito,No,3503.58,28.9
V03460,2024-05-22,San Quintín,San Quintín-Central,Alimentos,Bebidas,Distribuidora BC,Vendedor_04,17,7590.4,5,7210.88,122584.96,Transferencia,No,5035.8,20.6
V03461,2024-06-16,San Quintín,San Quintín-Central,Electrónica,Tabletas,Comercial Baja,Vendedor_26,17,6749.36,15,5736.96,97528.32,Tarjeta Débito,Talla incorrecta,4693.92,53.3
V03462,2024-01-14,San Quintín,San Quintín-Central,Electrónica,Televisores,Abastos del Pacífico,Vendedor_29,18,6273.02,10,5645.72,101622.96,Efectivo,No,2991.16,45.9
V03463,2025-02-11,Rosarito,Rosarito-Principal,Alimentos,Panadería,Comercial Baja,Vendedor_30,2,5631.6,5,5350.02,10700.04,Transferencia,No,2712.84,19.0
V03464,2024-04-07,Tecate,Tecate-Centro,Farmacia,Anteojos,Abastos del Pacífico,Vendedor_29,19,4156.43,0,4156.43,78972.17,Transferencia,No,2882.67,51.5
V03465,2025-04-07,Mexicali,Mexicali-Centro,Alimentos,Lácteos,Distribuidora BC,Vendedor_01,7,7460.28,25,5595.21,39166.47,Transferencia,Talla incorrecta,4783.59,52.4
V03466,2024-10-24,Rosarito,Rosarito-Principal,Ferretería,Selladores,Importaciones Mex,Vendedor_12,4,2229.04,10,2006.14,8024.56,Vale Despensa,No,1471.12,32.1
V03467,2024-06-25,Rosarito,Rosarito-Principal,Ropa,Gorras,Comercial Baja,Vendedor_15,11,2369.97,0,2369.97,26069.67,Transferencia,No,1385.47,48.4
V03468,2025-01-17,San Quintín,San Quintín-Central,Farmacia,Termómetros,Abastos del Pacífico,Vendedor_21,19,6499.37,5,6174.4,117313.6,Transferencia,Talla incorrecta,2979.97,44.0
V03469,2024-09-28,San Quintín,San Quintín-Central,Farmacia,Termómetros,Surtimax,Vendedor_23,4,5929.81,0,5929.81,23719.24,Efectivo,Defecto de fábrica,3674.83,46.8
V03470,2024-05-24,Tijuana,Tijuana-Playas,Farmacia,Vitaminas,Proveedor Norte SA,Vendedor_21,8,4986.83,20,3989.46,31915.68,Tarjeta Crédito,Duplicado,2852.05,34.7
V03471,2024-08-23,Ensenada,Ensenada-Maneadero,Electrónica,Laptops,Logística Frontera,Vendedor_03,8,2923.11,15,2484.64,19877.12,Transferencia,No,1407.26,45.3
V03472,2025-02-22,San Quintín,San Quintín-Central,Hogar,Cobijas,Proveedor Norte SA,Vendedor_22,11,4402.96,0,4402.96,48432.56,Tarjeta Débito,No,2010.74,52.2
V03473,2024-07-23,Rosarito,Rosarito-Principal,Alimentos,Bebidas,Importaciones Mex,Vendedor_14,9,5129.29,5,4872.83,43855.47,Tarjeta Débito,Cambio de opinión,2720.74,36.1
V03474,2024-09-23,San Quintín,San Quintín-Central,Hogar,Cojines,Abastos del Pacífico,Vendedor_15,10,2310.78,0,2310.78,23107.8,Transferencia,Talla incorrecta,1123.18,47.0
V03475,2024-11-04,Tecate,Tecate-Centro,Ropa,Camisas,Importaciones Mex,Vendedor_05,16,4957.01,10,4461.31,71380.96,Transferencia,No cumplió expectativas,2885.31,44.2
V03476,2025-03-06,Rosarito,Rosarito-Principal,Electrónica,Celulares,Proveedor Norte SA,Vendedor_18,4,4690.42,15,3986.86,15947.44,Tarjeta Crédito,No cumplió expectativas,2519.28,36.0
V03477,2024-04-14,Mexicali,Mexicali-Baja,Ropa,Gorras,Surtimax,Vendedor_17,8,3840.37,5,3648.35,29186.8,Efectivo,No cumplió expectativas,1853.59,45.7
V03478,2024-04-16,Rosarito,Rosarito-Principal,Hogar,Almohadas,Comercial Baja,Vendedor_28,9,1822.38,0,1822.38,16401.42,Tarjeta Crédito,No,939.09,54.5
V03479,2025-02-14,Tecate,Tecate-Centro,Farmacia,Higiene,Abastos del Pacífico,Vendedor_17,10,6805.76,0,6805.76,68057.6,Tarjeta Crédito,No,4662.08,19.6
V03480,2024-09-10,Rosarito,Rosarito-Principal,Electrónica,Cámaras,Mayoreo TJ,Vendedor_21,4,2997.12,25,2247.84,8991.36,Vale Despensa,No,1571.29,25.4
V03481,2025-03-26,Tecate,Tecate-Centro,Farmacia,Bebés,Surtimax,Vendedor_23,12,106.49,0,106.49,1277.88,Vale Despensa,Cambio de opinión,73.34,34.4
V03482,2024-09-12,Tecate,Tecate-Centro,Ferretería,Brochas,Mayoreo TJ,Vendedor_15,8,4165.37,0,4165.37,33322.96,Transferencia,Talla incorrecta,1922.8,36.4
V03483,2025-01-06,Mexicali,Mexicali-Centro,Alimentos,Panadería,Logística Frontera,Vendedor_27,9,4348.23,0,4348.23,39134.07,Vale Despensa,No cumplió expectativas,2540.18,30.5
V03484,2024-12-27,Tijuana,Tijuana-Otay,Alimentos,Carnes Frías,Abastos del Pacífico,Vendedor_04,14,2508.27,25,1881.2,26336.8,Tarjeta Crédito,Cambio de opinión,1190.62,40.8
V03485,2024-03-22,Rosarito,Rosarito-Principal,Electrónica,Laptops,Importaciones Mex,Vendedor_26,8,2378.56,25,1783.92,14271.36,Tarjeta Crédito,No cumplió expectativas,1379.43,26.3
V03486,2024-05-18,San Quintín,San Quintín-Central,Farmacia,Vitaminas,Comercial Baja,Vendedor_23,3,1120.62,25,840.46,2521.38,Efectivo,No,760.49,30.4
V03487,2024-10-15,Rosarito,Rosarito-Principal,Ropa,Camisas,Comercial Baja,Vendedor_19,15,6672.86,0,6672.86,100092.9,Tarjeta Crédito,Cambio de opinión,3026.16,36.0
V03488,2024-09-24,San Quintín,San Quintín-Central,Electrónica,Celulares,Abastos del Pacífico,Vendedor_11,13,1374.27,0,1374.27,17865.51,Vale Despensa,Talla incorrecta,875.7,16.3
V03489,2024-11-22,San Quintín,San Quintín-Central,Hogar,Almohadas,Comercial Baja,Vendedor_05,14,2052.05,0,2052.05,28728.7,Vale Despensa,No,930.74,21.7
V03490,2024-01-14,Rosarito,Rosarito-Principal,Alimentos,Cereales,Proveedor Norte SA,Vendedor_12,2,1468.44,20,1174.75,2349.5,Vale Despensa,No,860.41,41.8
V03491,2024-01-01,Tijuana,Tijuana-Zona Río,Ferretería,Herramientas,Importaciones Mex,Vendedor_15,1,105.07,5,99.82,99.82,Vale Despensa,No,51.32,53.9
V03492,2024-07-14,Rosarito,Rosarito-Principal,Farmacia,Higiene,Comercial Baja,Vendedor_03,2,6298.51,0,6298.51,12597.02,Efectivo,Defecto de fábrica,4385.41,36.7
V03493,2025-02-04,Tecate,Tecate-Centro,Ropa,Zapatos,Distribuidora BC,Vendedor_12,13,6991.14,25,5243.36,68163.68,Tarjeta Crédito,No cumplió expectativas,3266.78,49.0
V03494,2024-05-17,San Quintín,San Quintín-Central,Ferretería,Herramientas,Mayoreo TJ,Vendedor_27,15,3590.46,0,3590.46,53856.9,Vale Despensa,No,1892.4,47.9
V03495,2024-06-20,Mexicali,Mexicali-Nueva,Ferretería,Selladores,Importaciones Mex,Vendedor_18,10,1772.45,5,1683.83,16838.3,Vale Despensa,No,1139.4,40.5
V03496,2024-03-31,Rosarito,Rosarito-Principal,Farmacia,Primeros Auxilios,Mayoreo TJ,Vendedor_25,20,4945.34,15,4203.54,84070.8,Tarjeta Débito,Defecto de fábrica,3387.74,29.4
V03497,2025-02-13,Rosarito,Rosarito-Principal,Hogar,Cobijas,Distribuidora BC,Vendedor_29,9,7143.21,5,6786.05,61074.45,Transferencia,Duplicado,3360.25,39.0
V03498,2025-02-23,Ensenada,Ensenada-Maneadero,Ferretería,Brochas,Logística Frontera,Vendedor_24,5,2957.14,0,2957.14,14785.7,Vale Despensa,Talla incorrecta,1775.36,45.3
V03499,2024-02-13,San Quintín,San Quintín-Central,Electrónica,Cables,Comercial Baja,Vendedor_20,6,3770.73,15,3205.12,19230.72,Vale Despensa,No cumplió expectativas,2276.71,44.2
V03500,2024-05-03,Tijuana,Tijuana-Playas,Alimentos,Panadería,Mayoreo TJ,Vendedor_17,3,7381.0,0,7381.0,22143.0,Tarjeta Crédito,No,3943.64,35.6
V03501,2024-06-27,Rosarito,Rosarito-Principal,Alimentos,Panadería,Mayoreo TJ,Vendedor_18,19,391.27,0,391.27,7434.13,Vale Despensa,No,270.97,28.9
V03502,2024-01-24,Rosarito,Rosarito-Principal,Hogar,Cobijas,Comercial Baja,Vendedor_26,18,7898.96,0,7898.96,142181.28,Efectivo,No,3713.17,51.1
V03503,2024-05-11,Ensenada,Ensenada-Centro,Farmacia,Bebés,Surtimax,Vendedor_27,20,3598.59,0,3598.59,71971.8,Tarjeta Crédito,No,2404.98,31.9
V03504,2024-04-16,Tijuana,Tijuana-Zona Río,Alimentos,Cereales,Distribuidora BC,Vendedor_05,1,6552.71,0,6552.71,6552.71,Tarjeta Débito,No,3571.52,21.1
V03505,2024-05-18,San Quintín,San Quintín-Central,Alimentos,Panadería,Distribuidora BC,Vendedor_19,1,6288.54,0,6288.54,6288.54,Efectivo,No,3447.92,41.0
V03506,2025-01-03,Mexicali,Mexicali-Baja,Farmacia,Primeros Auxilios,Comercial Baja,Vendedor_29,20,6259.76,0,6259.76,125195.2,Tarjeta Débito,No,4127.74,36.3
V03507,2024-08-05,Tecate,Tecate-Centro,Hogar,Almohadas,Comercial Baja,Vendedor_05,18,1980.39,0,1980.39,35647.02,Vale Despensa,No,1189.83,52.8
V03508,2024-03-23,Tijuana,Tijuana-Garita,Electrónica,Cables,Proveedor Norte SA,Vendedor_27,10,2036.27,25,1527.2,15272.0,Tarjeta Crédito,No,1369.07,20.4
V03509,2025-04-12,San Quintín,San Quintín-Central,Ropa,Zapatos,Importaciones Mex,Vendedor_25,12,172.51,25,129.38,1552.56,Transferencia,Duplicado,120.44,46.0
V03510,2024-12-31,Mexicali,Mexicali-Nueva,Hogar,Almohadas,Mayoreo TJ,Vendedor_11,12,2786.57,25,2089.93,25079.16,Vale Despensa,No,1542.1,28.0
V03511,2025-05-03,Tecate,Tecate-Centro,Electrónica,Cables,Mayoreo TJ,Vendedor_22,17,6109.53,10,5498.58,93475.86,Transferencia,No,3222.59,53.9
V03512,2024-12-26,Tecate,Tecate-Centro,Ropa,Camisas,Abastos del Pacífico,Vendedor_21,11,457.61,0,457.61,5033.71,Tarjeta Crédito,Cambio de opinión,244.89,25.0
V03513,2024-10-20,Ensenada,Ensenada-Maneadero,Ferretería,Adhesivos,Comercial Baja,Vendedor_01,17,1133.04,10,1019.74,17335.58,Tarjeta Crédito,Cambio de opinión,741.65,42.6
V03514,2024-07-19,Ensenada,Ensenada-Maneadero,Electrónica,Cargadores,Proveedor Norte SA,Vendedor_14,7,5347.55,20,4278.04,29946.28,Vale Despensa,No,3622.31,41.0
V03515,2025-03-27,Tijuana,Tijuana-Zona Río,Electrónica,Cables,Surtimax,Vendedor_11,18,5204.24,5,4944.03,88992.54,Vale Despensa,No,2705.44,22.1
V03516,2024-03-19,Rosarito,Rosarito-Principal,Farmacia,Cuidado Personal,Comercial Baja,Vendedor_28,10,2006.9,0,2006.9,20069.0,Transferencia,No,1263.75,18.2
V03517,2024-07-17,Tijuana,Tijuana-Garita,Farmacia,Anteojos,Proveedor Norte SA,Vendedor_27,10,3559.82,25,2669.87,26698.7,Tarjeta Crédito,No,2087.39,53.9
V03518,2025-03-01,Rosarito,Rosarito-Principal,Ferretería,Tornillería,Logística Frontera,Vendedor_16,8,3535.99,10,3182.39,25459.12,Tarjeta Crédito,No,2474.15,23.2
V03519,2025-03-03,San Quintín,San Quintín-Central,Hogar,Almohadas,Abastos del Pacífico,Vendedor_21,17,5593.08,5,5313.43,90328.31,Efectivo,Talla incorrecta,3496.53,36.1
V03520,2024-02-27,Tecate,Tecate-Centro,Hogar,Utensilios,Logística Frontera,Vendedor_07,17,7742.27,15,6580.93,111875.81,Efectivo,No,5011.99,31.6
V03521,2024-02-07,Ensenada,Ensenada-Centro,Farmacia,Vitaminas,Surtimax,Vendedor_07,19,7246.24,25,5434.68,103258.92,Efectivo,Defecto de fábrica,3503.86,31.8
V03522,2024-11-05,Ensenada,Ensenada-Maneadero,Farmacia,Termómetros,Surtimax,Vendedor_18,18,2428.57,0,2428.57,43714.26,Transferencia,No,1349.96,27.8
V03523,2024-02-05,Rosarito,Rosarito-Principal,Farmacia,Higiene,Importaciones Mex,Vendedor_15,8,3355.3,0,3355.3,26842.4,Tarjeta Débito,No,1601.48,35.8
V03524,2024-12-01,San Quintín,San Quintín-Central,Alimentos,Panadería,Mayoreo TJ,Vendedor_07,9,917.45,5,871.58,7844.22,Tarjeta Débito,No,598.84,42.7
V03525,2024-04-14,Tijuana,Tijuana-Otay,Alimentos,Conservas,Mayoreo TJ,Vendedor_26,3,2588.08,25,1941.06,5823.18,Transferencia,No,1339.33,23.3
V03526,2024-05-17,Tijuana,Tijuana-Playas,Ferretería,Tornillería,Proveedor Norte SA,Vendedor_05,7,4138.88,20,3311.1,23177.7,Tarjeta Débito,No,1965.59,25.3
V03527,2025-05-11,Tijuana,Tijuana-Otay,Ferretería,Pinturas,Importaciones Mex,Vendedor_27,1,403.55,20,322.84,322.84,Tarjeta Crédito,No,209.22,23.3
V03528,2024-09-08,San Quintín,San Quintín-Central,Electrónica,Celulares,Abastos del Pacífico,Vendedor_09,7,5213.94,20,4171.15,29198.05,Efectivo,No,3272.2,40.5
V03529,2024-03-31,Rosarito,Rosarito-Principal,Electrónica,Celulares,Importaciones Mex,Vendedor_12,12,2679.65,0,2679.65,32155.8,Efectivo,Cambio de opinión,1523.95,41.0
V03530,2025-01-07,San Quintín,San Quintín-Central,Ferretería,Adhesivos,Abastos del Pacífico,Vendedor_02,18,396.28,10,356.65,6419.7,Tarjeta Débito,No cumplió expectativas,259.76,54.7
V03531,2024-02-06,Ensenada,Ensenada-Maneadero,Farmacia,Termómetros,Surtimax,Vendedor_26,9,1272.43,0,1272.43,11451.87,Tarjeta Débito,No,587.05,31.2
V03532,2024-05-18,Tijuana,Tijuana-Garita,Ropa,Camisas,Surtimax,Vendedor_28,17,83.93,15,71.34,1212.78,Tarjeta Débito,No,41.89,17.1
V03533,2024-12-08,Tecate,Tecate-Centro,Alimentos,Cereales,Surtimax,Vendedor_13,8,4521.15,5,4295.09,34360.72,Tarjeta Débito,No,2609.97,38.6
V03534,2025-02-02,Tijuana,Tijuana-Zona Río,Ropa,Chamarras,Proveedor Norte SA,Vendedor_02,10,7069.53,25,5302.15,53021.5,Tarjeta Crédito,No,4447.74,34.5
V03535,2025-02-01,Mexicali,Mexicali-Centro,Ferretería,Herramientas,Logística Frontera,Vendedor_01,13,3713.75,0,3713.75,48278.75,Tarjeta Crédito,Defecto de fábrica,1905.03,50.4
V03536,2025-02-26,Ensenada,Ensenada-Centro,Electrónica,Cámaras,Surtimax,Vendedor_26,11,6468.07,0,6468.07,71148.77,Tarjeta Crédito,No,3744.73,45.6
V03537,2025-05-23,San Quintín,San Quintín-Central,Farmacia,Anteojos,Mayoreo TJ,Vendedor_07,19,2618.44,20,2094.75,39800.25,Tarjeta Débito,No cumplió expectativas,1367.79,16.7
V03538,2024-04-17,Mexicali,Mexicali-Centro,Electrónica,Cables,Abastos del Pacífico,Vendedor_28,19,1950.67,0,1950.67,37062.73,Vale Despensa,Defecto de fábrica,1106.68,48.8
V03539,2024-11-04,San Quintín,San Quintín-Central,Hogar,Cojines,Proveedor Norte SA,Vendedor_27,3,2752.06,0,2752.06,8256.18,Tarjeta Débito,No cumplió expectativas,1615.18,19.4
V03540,2024-01-03,Mexicali,Mexicali-Centro,Ropa,Calcetines,Logística Frontera,Vendedor_30,9,5450.64,0,5450.64,49055.76,Tarjeta Crédito,No cumplió expectativas,2858.79,20.8
V03541,2024-05-14,San Quintín,San Quintín-Central,Ropa,Chamarras,Proveedor Norte SA,Vendedor_01,8,1956.87,0,1956.87,15654.96,Efectivo,Defecto de fábrica,973.88,32.9
V03542,2024-03-03,Rosarito,Rosarito-Principal,Ferretería,Tornillería,Comercial Baja,Vendedor_19,11,2154.82,5,2047.08,22517.88,Efectivo,No,1354.38,24.3
V03543,2025-02-24,Mexicali,Mexicali-Centro,Ferretería,Adhesivos,Logística Frontera,Vendedor_29,16,7786.76,0,7786.76,124588.16,Vale Despensa,No cumplió expectativas,4038.99,44.4
V03544,2025-01-19,Tecate,Tecate-Centro,Electrónica,Cámaras,Logística Frontera,Vendedor_01,7,3694.06,15,3139.95,21979.65,Vale Despensa,Talla incorrecta,1837.07,40.7
V03545,2024-02-26,Tijuana,Tijuana-Zona Río,Electrónica,Cables,Comercial Baja,Vendedor_07,13,2005.57,5,1905.29,24768.77,Efectivo,No cumplió expectativas,1264.17,28.4
V03546,2024-07-10,Tecate,Tecate-Centro,Hogar,Lámparas,Mayoreo TJ,Vendedor_10,14,3944.57,5,3747.34,52462.76,Tarjeta Crédito,No,2575.46,41.7
V03547,2024-07-05,Rosarito,Rosarito-Principal,Farmacia,Termómetros,Importaciones Mex,Vendedor_17,18,6926.41,5,6580.09,118441.62,Tarjeta Débito,Cambio de opinión,3227.76,32.3
V03548,2024-03-25,Rosarito,Rosarito-Principal,Ropa,Vestidos,Surtimax,Vendedor_06,7,7933.3,5,7536.64,52756.48,Tarjeta Débito,Duplicado,4001.3,39.1
V03549,2024-04-08,Tijuana,Tijuana-La Mesa,Ropa,Gorras,Logística Frontera,Vendedor_03,2,5468.99,10,4922.09,9844.18,Tarjeta Débito,Cambio de opinión,2886.94,52.0
V03550,2024-01-27,Mexicali,Mexicali-Nueva,Ropa,Chamarras,Importaciones Mex,Vendedor_19,15,6497.23,20,5197.78,77966.7,Tarjeta Débito,No,4393.84,42.9
V03551,2025-04-15,Ensenada,Ensenada-Centro,Alimentos,Cereales,Distribuidora BC,Vendedor_12,7,7275.58,5,6911.8,48382.6,Tarjeta Débito,Cambio de opinión,4836.57,37.1
V03552,2024-03-22,San Quintín,San Quintín-Central,Ropa,Gorras,Proveedor Norte SA,Vendedor_11,20,4092.29,15,3478.45,69569.0,Tarjeta Débito,No,2621.57,38.2
V03553,2024-07-08,San Quintín,San Quintín-Central,Alimentos,Condimentos,Comercial Baja,Vendedor_05,2,2923.2,15,2484.72,4969.44,Tarjeta Débito,No,1448.38,42.9
V03554,2025-03-22,Mexicali,Mexicali-Centro,Electrónica,Cámaras,Logística Frontera,Vendedor_17,3,85.6,20,68.48,205.44,Tarjeta Crédito,No,46.95,33.3
V03555,2025-01-24,Tecate,Tecate-Centro,Ropa,Pantalones,Proveedor Norte SA,Vendedor_18,12,2187.57,5,2078.19,24938.28,Transferencia,No,1296.89,41.6
V03556,2025-01-12,Mexicali,Mexicali-Baja,Farmacia,Medicamentos,Distribuidora BC,Vendedor_26,5,5982.92,15,5085.48,25427.4,Efectivo,Cambio de opinión,3808.12,17.5
V03557,2024-05-26,Ensenada,Ensenada-Maneadero,Farmacia,Anteojos,Abastos del Pacífico,Vendedor_15,3,1464.62,10,1318.16,3954.48,Transferencia,No,987.28,35.3
V03558,2024-02-06,San Quintín,San Quintín-Central,Electrónica,Cargadores,Importaciones Mex,Vendedor_14,16,4568.97,10,4112.07,65793.12,Tarjeta Crédito,Duplicado,2250.82,26.6
V03559,2024-08-18,Ensenada,Ensenada-Centro,Farmacia,Higiene,Abastos del Pacífico,Vendedor_21,9,236.52,15,201.04,1809.36,Efectivo,No cumplió expectativas,123.87,23.8
V03560,2024-05-02,Tijuana,Tijuana-Otay,Hogar,Lámparas,Distribuidora BC,Vendedor_11,7,2794.58,10,2515.12,17605.84,Transferencia,Defecto de fábrica,1630.29,41.0
V03561,2024-06-16,Tijuana,Tijuana-Zona Río,Farmacia,Bebés,Mayoreo TJ,Vendedor_24,6,1964.12,0,1964.12,11784.72,Transferencia,No,1019.2,32.8
V03562,2024-10-15,Tecate,Tecate-Centro,Electrónica,Cables,Abastos del Pacífico,Vendedor_21,10,3534.62,20,2827.7,28277.0,Tarjeta Débito,No cumplió expectativas,1623.29,54.3
V03563,2024-04-21,San Quintín,San Quintín-Central,Hogar,Lámparas,Logística Frontera,Vendedor_27,2,5889.6,0,5889.6,11779.2,Tarjeta Crédito,No cumplió expectativas,3421.43,15.4
V03564,2024-01-21,Tecate,Tecate-Centro,Ropa,Pantalones,Logística Frontera,Vendedor_09,10,944.14,25,708.11,7081.1,Vale Despensa,Defecto de fábrica,441.29,17.2
V03565,2024-06-26,San Quintín,San Quintín-Central,Hogar,Cobijas,Logística Frontera,Vendedor_19,10,5604.12,0,5604.12,56041.2,Vale Despensa,Defecto de fábrica,2813.27,43.5
V03566,2025-04-14,Tecate,Tecate-Centro,Electrónica,Audífonos,Logística Frontera,Vendedor_22,2,730.51,0,730.51,1461.02,Tarjeta Débito,Defecto de fábrica,342.43,47.0
V03567,2024-11-20,Ensenada,Ensenada-Centro,Ropa,Pantalones,Abastos del Pacífico,Vendedor_14,18,2947.24,25,2210.43,39787.74,Efectivo,Defecto de fábrica,1894.17,32.8
V03568,2024-03-14,Ensenada,Ensenada-Centro,Alimentos,Bebidas,Abastos del Pacífico,Vendedor_01,12,2155.79,5,2048.0,24576.0,Vale Despensa,No,1159.37,25.6
V03569,2024-08-23,Mexicali,Mexicali-Baja,Hogar,Muebles,Abastos del Pacífico,Vendedor_04,11,5498.13,0,5498.13,60479.43,Efectivo,No,3800.05,19.9
V03570,2025-01-13,Tijuana,Tijuana-La Mesa,Ropa,Gorras,Importaciones Mex,Vendedor_09,7,6776.25,10,6098.62,42690.34,Efectivo,No,3109.89,19.2
V03571,2024-11-21,Tecate,Tecate-Centro,Electrónica,Audífonos,Importaciones Mex,Vendedor_04,6,7632.53,25,5724.4,34346.4,Efectivo,No,4382.56,35.0
V03572,2024-11-09,Tijuana,Tijuana-Otay,Ropa,Camisas,Mayoreo TJ,Vendedor_10,2,3537.76,15,3007.1,6014.2,Efectivo,No,2077.37,32.5
V03573,2025-02-21,Tijuana,Tijuana-Zona Río,Hogar,Cobijas,Distribuidora BC,Vendedor_22,8,2574.93,5,2446.18,19569.44,Efectivo,Defecto de fábrica,1752.73,38.3
V03574,2024-01-27,San Quintín,San Quintín-Central,Electrónica,Laptops,Distribuidora BC,Vendedor_06,2,7554.15,10,6798.73,13597.46,Vale Despensa,No,4252.36,43.3
V03575,2024-03-19,Rosarito,Rosarito-Principal,Farmacia,Higiene,Logística Frontera,Vendedor_20,10,4154.97,25,3116.23,31162.3,Tarjeta Débito,No,2701.27,25.6
V03576,2025-03-12,Mexicali,Mexicali-Baja,Farmacia,Bebés,Mayoreo TJ,Vendedor_16,13,6575.59,0,6575.59,85482.67,Tarjeta Débito,Cambio de opinión,3834.47,43.4
V03577,2024-12-08,San Quintín,San Quintín-Central,Hogar,Utensilios,Mayoreo TJ,Vendedor_19,2,4412.2,0,4412.2,8824.4,Tarjeta Débito,Talla incorrecta,2756.34,33.7
V03578,2024-08-27,Ensenada,Ensenada-Centro,Electrónica,Cables,Comercial Baja,Vendedor_15,20,3967.04,25,2975.28,59505.6,Vale Despensa,No,1851.27,34.7
V03579,2024-03-26,Rosarito,Rosarito-Principal,Alimentos,Snacks,Importaciones Mex,Vendedor_24,12,4051.37,5,3848.8,46185.6,Efectivo,Duplicado,2829.24,33.2
V03580,2024-03-26,Mexicali,Mexicali-Centro,Ferretería,Tornillería,Mayoreo TJ,Vendedor_01,13,5391.08,20,4312.86,56067.18,Efectivo,No,3027.38,54.0
V03581,2024-02-29,Mexicali,Mexicali-Nueva,Alimentos,Bebidas,Abastos del Pacífico,Vendedor_19,13,5449.71,20,4359.77,56677.01,Transferencia,No,3509.46,54.1
V03582,2024-07-03,Tijuana,Tijuana-Zona Río,Alimentos,Snacks,Abastos del Pacífico,Vendedor_29,19,5403.59,0,5403.59,102668.21,Transferencia,No,2723.89,31.5
V03583,2025-02-04,Rosarito,Rosarito-Principal,Ropa,Zapatos,Abastos del Pacífico,Vendedor_21,2,1787.42,15,1519.31,3038.62,Transferencia,No,995.69,46.7
V03584,2024-02-24,Ensenada,Ensenada-Maneadero,Electrónica,Televisores,Importaciones Mex,Vendedor_02,2,5206.41,15,4425.45,8850.9,Transferencia,No,3157.34,22.5
V03585,2024-10-29,Tijuana,Tijuana-Zona Río,Ferretería,Herramientas,Distribuidora BC,Vendedor_19,14,2844.3,15,2417.66,33847.24,Vale Despensa,Cambio de opinión,1812.39,46.0
V03586,2024-01-14,Mexicali,Mexicali-Baja,Ropa,Calcetines,Proveedor Norte SA,Vendedor_15,12,573.37,0,573.37,6880.44,Transferencia,No cumplió expectativas,271.23,19.7
V03587,2025-05-20,San Quintín,San Quintín-Central,Farmacia,Primeros Auxilios,Logística Frontera,Vendedor_20,14,4909.83,5,4664.34,65300.76,Efectivo,No,2500.34,48.5
V03588,2025-05-04,Tijuana,Tijuana-La Mesa,Hogar,Utensilios,Comercial Baja,Vendedor_11,4,4529.76,0,4529.76,18119.04,Tarjeta Crédito,No,2064.77,42.7
V03589,2024-04-17,San Quintín,San Quintín-Central,Alimentos,Carnes Frías,Comercial Baja,Vendedor_12,7,6614.54,15,5622.36,39356.52,Tarjeta Débito,No,4453.46,39.8
V03590,2024-03-01,Tijuana,Tijuana-Zona Río,Ropa,Calcetines,Abastos del Pacífico,Vendedor_16,19,334.44,5,317.72,6036.68,Tarjeta Crédito,Duplicado,196.92,32.7
V03591,2024-11-19,Ensenada,Ensenada-Maneadero,Hogar,Decoración,Logística Frontera,Vendedor_22,3,6834.73,15,5809.52,17428.56,Transferencia,Duplicado,3561.67,38.9
V03592,2024-02-15,Mexicali,Mexicali-Baja,Electrónica,Laptops,Importaciones Mex,Vendedor_16,18,1407.7,25,1055.78,19004.04,Vale Despensa,Defecto de fábrica,664.79,15.1
V03593,2024-06-04,Tijuana,Tijuana-Otay,Farmacia,Higiene,Logística Frontera,Vendedor_30,17,6427.52,0,6427.52,109267.84,Efectivo,Duplicado,4198.36,31.2
V03594,2025-02-14,Rosarito,Rosarito-Principal,Ferretería,Brochas,Distribuidora BC,Vendedor_19,4,2812.6,15,2390.71,9562.84,Efectivo,No,1616.32,30.8
V03595,2024-03-17,Ensenada,Ensenada-Maneadero,Ferretería,Herramientas,Mayoreo TJ,Vendedor_05,13,2281.54,10,2053.39,26694.07,Tarjeta Débito,No,1588.63,42.6
V03596,2024-06-22,Tecate,Tecate-Centro,Hogar,Lámparas,Proveedor Norte SA,Vendedor_24,2,198.3,10,178.47,356.94,Tarjeta Débito,No,115.17,27.1
V03597,2024-11-20,Tecate,Tecate-Centro,Farmacia,Bebés,Abastos del Pacífico,Vendedor_29,17,4698.56,0,4698.56,79875.52,Tarjeta Crédito,No,3140.45,40.0
V03598,2024-03-05,Mexicali,Mexicali-Centro,Farmacia,Termómetros,Proveedor Norte SA,Vendedor_06,7,7834.88,15,6659.65,46617.55,Tarjeta Débito,No,4585.55,37.3
V03599,2025-03-27,Tecate,Tecate-Centro,Farmacia,Primeros Auxilios,Abastos del Pacífico,Vendedor_25,8,2464.1,5,2340.89,18727.12,Efectivo,Duplicado,1491.08,48.8
V03600,2024-11-09,Rosarito,Rosarito-Principal,Hogar,Decoración,Abastos del Pacífico,Vendedor_25,20,1820.66,25,1365.5,27310.0,Tarjeta Débito,No,866.95,43.6
V03601,2024-06-18,San Quintín,San Quintín-Central,Ropa,Camisas,Surtimax,Vendedor_06,19,153.58,10,138.22,2626.18,Tarjeta Débito,No,80.45,44.0
V03602,2025-03-12,San Quintín,San Quintín-Central,Alimentos,Bebidas,Abastos del Pacífico,Vendedor_24,4,6326.47,0,6326.47,25305.88,Efectivo,No,4144.8,52.3
V03603,2025-04-01,Tecate,Tecate-Centro,Electrónica,Televisores,Mayoreo TJ,Vendedor_23,11,3055.85,20,2444.68,26891.48,Tarjeta Crédito,No,1474.02,29.8
V03604,2024-12-03,Tecate,Tecate-Centro,Ferretería,Tornillería,Proveedor Norte SA,Vendedor_21,18,6055.91,5,5753.11,103555.98,Tarjeta Crédito,Cambio de opinión,3818.1,40.0
V03605,2025-01-21,Tijuana,Tijuana-Otay,Ferretería,Selladores,Proveedor Norte SA,Vendedor_17,9,1589.43,5,1509.96,13589.64,Efectivo,No,1112.19,26.8
V03606,2024-08-18,Rosarito,Rosarito-Principal,Electrónica,Celulares,Importaciones Mex,Vendedor_28,11,4859.91,20,3887.93,42767.23,Efectivo,No cumplió expectativas,2605.58,52.4
V03607,2024-02-13,Tijuana,Tijuana-La Mesa,Electrónica,Cámaras,Comercial Baja,Vendedor_17,20,7141.63,0,7141.63,142832.6,Transferencia,Cambio de opinión,4898.82,18.0
V03608,2024-11-22,Tijuana,Tijuana-Zona Río,Farmacia,Cuidado Personal,Mayoreo TJ,Vendedor_20,9,7300.62,5,6935.59,62420.31,Vale Despensa,Talla incorrecta,3557.17,54.7
V03609,2025-05-23,San Quintín,San Quintín-Central,Alimentos,Panadería,Distribuidora BC,Vendedor_10,7,6040.9,5,5738.85,40171.95,Transferencia,No,3855.25,43.3
V03610,2024-05-16,Mexicali,Mexicali-Baja,Electrónica,Cámaras,Importaciones Mex,Vendedor_20,8,6432.03,10,5788.83,46310.64,Tarjeta Crédito,Defecto de fábrica,4222.74,17.4
V03611,2024-01-01,San Quintín,San Quintín-Central,Hogar,Almohadas,Surtimax,Vendedor_07,11,3605.54,15,3064.71,33711.81,Tarjeta Crédito,Defecto de fábrica,2058.91,51.3
V03612,2024-08-01,San Quintín,San Quintín-Central,Farmacia,Medicamentos,Abastos del Pacífico,Vendedor_03,15,5235.87,20,4188.7,62830.5,Tarjeta Crédito,Duplicado,2592.76,25.1
V03613,2024-11-19,Ensenada,Ensenada-Centro,Alimentos,Bebidas,Abastos del Pacífico,Vendedor_23,5,6656.25,5,6323.44,31617.2,Efectivo,No,4062.42,35.3
V03614,2024-12-16,San Quintín,San Quintín-Central,Farmacia,Primeros Auxilios,Comercial Baja,Vendedor_17,10,5238.03,20,4190.42,41904.2,Tarjeta Débito,Talla incorrecta,3267.73,42.2
V03615,2024-09-23,San Quintín,San Quintín-Central,Hogar,Cojines,Proveedor Norte SA,Vendedor_03,3,528.38,20,422.7,1268.1,Transferencia,No,326.23,45.6
V03616,2024-06-07,Rosarito,Rosarito-Principal,Alimentos,Snacks,Abastos del Pacífico,Vendedor_22,2,7190.33,0,7190.33,14380.66,Vale Despensa,No,4655.87,51.2
V03617,2024-09-12,San Quintín,San Quintín-Central,Ferretería,Selladores,Comercial Baja,Vendedor_16,17,6640.43,25,4980.32,84665.44,Transferencia,No,3623.06,25.4
V03618,2024-04-27,Mexicali,Mexicali-Centro,Alimentos,Condimentos,Comercial Baja,Vendedor_09,12,6107.16,10,5496.44,65957.28,Efectivo,Duplicado,3938.44,36.3
V03619,2024-08-16,Mexicali,Mexicali-Baja,Alimentos,Cereales,Comercial Baja,Vendedor_12,19,7714.69,0,7714.69,146579.11,Transferencia,No,3816.35,29.8
V03620,2024-09-09,Ensenada,Ensenada-Maneadero,Farmacia,Primeros Auxilios,Comercial Baja,Vendedor_12,19,160.31,10,144.28,2741.32,Vale Despensa,No,86.49,24.5
V03621,2024-09-25,San Quintín,San Quintín-Central,Farmacia,Higiene,Proveedor Norte SA,Vendedor_11,19,1490.56,0,1490.56,28320.64,Tarjeta Crédito,No,1000.7,34.8
V03622,2025-04-24,Tecate,Tecate-Centro,Ferretería,Plomería,Mayoreo TJ,Vendedor_27,3,4902.16,0,4902.16,14706.48,Transferencia,No,2282.49,49.3
V03623,2024-12-27,Rosarito,Rosarito-Principal,Farmacia,Higiene,Importaciones Mex,Vendedor_09,3,6935.89,25,5201.92,15605.76,Tarjeta Crédito,No,3510.79,20.3
V03624,2024-06-29,Rosarito,Rosarito-Principal,Farmacia,Cuidado Personal,Proveedor Norte SA,Vendedor_05,9,4415.46,10,3973.91,35765.19,Vale Despensa,Cambio de opinión,2977.12,45.8
V03625,2024-02-17,Rosarito,Rosarito-Principal,Alimentos,Cereales,Comercial Baja,Vendedor_13,20,4148.72,20,3318.98,66379.6,Tarjeta Débito,No,2788.33,48.6
V03626,2024-04-24,San Quintín,San Quintín-Central,Hogar,Cobijas,Comercial Baja,Vendedor_18,4,2493.37,25,1870.03,7480.12,Transferencia,No,1242.65,46.3
V03627,2024-03-07,Rosarito,Rosarito-Principal,Alimentos,Cereales,Importaciones Mex,Vendedor_13,6,1024.62,20,819.7,4918.2,Transferencia,No,677.46,24.4
V03628,2024-04-30,Rosarito,Rosarito-Principal,Ropa,Pantalones,Abastos del Pacífico,Vendedor_14,3,2369.52,5,2251.04,6753.12,Efectivo,No,1317.57,27.4
V03629,2024-03-18,San Quintín,San Quintín-Central,Ferretería,Selladores,Mayoreo TJ,Vendedor_06,6,3862.17,20,3089.74,18538.44,Tarjeta Crédito,No,2186.42,53.9
V03630,2024-02-13,San Quintín,San Quintín-Central,Ropa,Chamarras,Distribuidora BC,Vendedor_13,15,3977.58,20,3182.06,47730.9,Transferencia,No,1881.4,25.7
V03631,2024-07-15,San Quintín,San Quintín-Central,Hogar,Cobijas,Mayoreo TJ,Vendedor_20,6,2705.16,15,2299.39,13796.34,Vale Despensa,No,1254.63,54.9
V03632,2024-09-14,Rosarito,Rosarito-Principal,Alimentos,Bebidas,Logística Frontera,Vendedor_05,8,1820.5,25,1365.38,10923.04,Tarjeta Crédito,No,1036.93,49.9
V03633,2024-03-08,Tijuana,Tijuana-Garita,Alimentos,Conservas,Distribuidora BC,Vendedor_27,6,4167.26,0,4167.26,25003.56,Vale Despensa,No,2222.45,32.8
V03634,2024-07-21,Rosarito,Rosarito-Principal,Hogar,Muebles,Importaciones Mex,Vendedor_04,14,3506.54,25,2629.9,36818.6,Transferencia,Talla incorrecta,2368.44,26.9
V03635,2024-12-23,Mexicali,Mexicali-Nueva,Ropa,Zapatos,Proveedor Norte SA,Vendedor_28,6,3231.97,10,2908.77,17452.62,Tarjeta Débito,No,2230.87,24.8
V03636,2024-11-03,San Quintín,San Quintín-Central,Farmacia,Vitaminas,Comercial Baja,Vendedor_11,11,312.86,0,312.86,3441.46,Vale Despensa,No,146.18,38.2
V03637,2025-05-06,San Quintín,San Quintín-Central,Ferretería,Brochas,Surtimax,Vendedor_14,4,3796.25,5,3606.44,14425.76,Vale Despensa,Defecto de fábrica,2332.75,20.0
V03638,2024-12-03,Rosarito,Rosarito-Principal,Ropa,Camisas,Surtimax,Vendedor_13,7,582.44,10,524.2,3669.4,Tarjeta Débito,Cambio de opinión,376.49,50.0
V03639,2024-11-12,Rosarito,Rosarito-Principal,Hogar,Almohadas,Distribuidora BC,Vendedor_01,10,1920.42,10,1728.38,17283.8,Transferencia,No,1311.1,22.8
V03640,2024-01-24,Mexicali,Mexicali-Baja,Hogar,Cojines,Mayoreo TJ,Vendedor_28,13,4538.07,0,4538.07,58994.91,Vale Despensa,Cambio de opinión,2376.28,39.6
V03641,2024-12-15,Mexicali,Mexicali-Centro,Electrónica,Celulares,Abastos del Pacífico,Vendedor_20,7,2167.53,10,1950.78,13655.46,Transferencia,Defecto de fábrica,1268.82,21.8
V03642,2024-05-21,Rosarito,Rosarito-Principal,Ferretería,Brochas,Importaciones Mex,Vendedor_17,4,1118.4,0,1118.4,4473.6,Tarjeta Débito,Defecto de fábrica,705.51,39.6
V03643,2024-12-23,Mexicali,Mexicali-Nueva,Ferretería,Herramientas,Comercial Baja,Vendedor_14,12,883.59,0,883.59,10603.08,Efectivo,Cambio de opinión,493.61,54.5
V03644,2024-02-01,Tijuana,Tijuana-La Mesa,Ferretería,Herramientas,Surtimax,Vendedor_22,10,7602.66,0,7602.66,76026.6,Tarjeta Crédito,Defecto de fábrica,5075.1,35.8
V03645,2024-01-01,Tijuana,Tijuana-Otay,Electrónica,Audífonos,Comercial Baja,Vendedor_09,14,1729.23,5,1642.77,22998.78,Tarjeta Débito,No,858.46,44.4
V03646,2024-03-24,Tijuana,Tijuana-Garita,Alimentos,Panadería,Distribuidora BC,Vendedor_20,19,4615.82,0,4615.82,87700.58,Transferencia,No,3049.27,54.7
V03647,2025-05-16,Rosarito,Rosarito-Principal,Ferretería,Pinturas,Surtimax,Vendedor_23,3,1917.8,10,1726.02,5178.06,Vale Despensa,No,924.78,51.4
V03648,2024-01-28,Ensenada,Ensenada-Maneadero,Ferretería,Plomería,Abastos del Pacífico,Vendedor_27,19,6300.1,0,6300.1,119701.9,Vale Despensa,Talla incorrecta,2856.45,45.3
V03649,2024-08-03,Ensenada,Ensenada-Centro,Farmacia,Anteojos,Logística Frontera,Vendedor_12,10,193.45,20,154.76,1547.6,Tarjeta Débito,No,118.74,50.8
V03650,2024-04-29,Tecate,Tecate-Centro,Ropa,Camisas,Importaciones Mex,Vendedor_11,2,73.71,20,58.97,117.94,Tarjeta Débito,No,47.99,54.4
V03651,2024-06-25,Tijuana,Tijuana-Playas,Ropa,Vestidos,Proveedor Norte SA,Vendedor_28,14,6365.38,15,5410.57,75747.98,Tarjeta Crédito,Cambio de opinión,4446.75,34.8
V03652,2024-08-03,Ensenada,Ensenada-Maneadero,Alimentos,Conservas,Logística Frontera,Vendedor_02,13,2615.49,0,2615.49,34001.37,Tarjeta Crédito,No cumplió expectativas,1760.39,40.5
V03653,2024-07-22,Tecate,Tecate-Centro,Electrónica,Laptops,Distribuidora BC,Vendedor_21,12,7297.7,5,6932.81,83193.72,Efectivo,No,3711.69,40.8
V03654,2025-03-27,Rosarito,Rosarito-Principal,Farmacia,Anteojos,Surtimax,Vendedor_05,16,6523.87,20,5219.1,83505.6,Efectivo,Defecto de fábrica,4537.82,51.6
V03655,2024-09-23,Ensenada,Ensenada-Maneadero,Ferretería,Herramientas,Proveedor Norte SA,Vendedor_02,20,2126.23,5,2019.92,40398.4,Vale Despensa,No cumplió expectativas,1316.61,36.2
V03656,2024-02-16,Mexicali,Mexicali-Baja,Ferretería,Adhesivos,Comercial Baja,Vendedor_01,20,3898.35,5,3703.43,74068.6,Tarjeta Débito,Duplicado,2194.96,23.2
V03657,2024-11-09,Tijuana,Tijuana-Otay,Electrónica,Cargadores,Surtimax,Vendedor_07,19,7738.94,20,6191.15,117631.85,Efectivo,No,4366.53,35.8
V03658,2024-10-07,Rosarito,Rosarito-Principal,Ropa,Chamarras,Surtimax,Vendedor_02,4,7801.68,15,6631.43,26525.72,Efectivo,Defecto de fábrica,4590.42,24.7
V03659,2024-10-09,San Quintín,San Quintín-Central,Electrónica,Cámaras,Surtimax,Vendedor_10,2,7035.2,0,7035.2,14070.4,Efectivo,No,4438.74,45.8
V03660,2024-10-18,San Quintín,San Quintín-Central,Farmacia,Cuidado Personal,Mayoreo TJ,Vendedor_11,1,5340.26,0,5340.26,5340.26,Tarjeta Crédito,No,3583.43,43.0
V03661,2024-04-13,Tecate,Tecate-Centro,Alimentos,Conservas,Comercial Baja,Vendedor_02,9,3479.34,10,3131.41,28182.69,Efectivo,No cumplió expectativas,2358.48,17.3
V03662,2025-05-23,Mexicali,Mexicali-Nueva,Ropa,Pantalones,Distribuidora BC,Vendedor_04,4,2699.95,10,2429.95,9719.8,Efectivo,No,1812.22,27.3
V03663,2025-02-25,Mexicali,Mexicali-Centro,Alimentos,Snacks,Mayoreo TJ,Vendedor_04,5,4811.35,15,4089.65,20448.25,Transferencia,Talla incorrecta,3148.79,31.5
V03664,2024-03-19,San Quintín,San Quintín-Central,Ferretería,Pinturas,Mayoreo TJ,Vendedor_23,1,7339.1,0,7339.1,7339.1,Tarjeta Débito,Talla incorrecta,3704.87,42.8
V03665,2025-04-20,Tijuana,Tijuana-La Mesa,Hogar,Almohadas,Mayoreo TJ,Vendedor_08,13,2731.21,15,2321.53,30179.89,Vale Despensa,Duplicado,1725.43,47.0
V03666,2024-10-15,Mexicali,Mexicali-Baja,Ferretería,Electricidad,Mayoreo TJ,Vendedor_06,10,840.55,5,798.52,7985.2,Vale Despensa,No,383.0,34.5
V03667,2025-01-11,San Quintín,San Quintín-Central,Alimentos,Carnes Frías,Logística Frontera,Vendedor_06,11,4123.89,0,4123.89,45362.79,Vale Despensa,Defecto de fábrica,2516.68,32.4
V03668,2024-03-28,Mexicali,Mexicali-Baja,Ropa,Ropa Interior,Comercial Baja,Vendedor_06,6,7623.37,25,5717.53,34305.18,Transferencia,Defecto de fábrica,3976.89,52.0
V03669,2024-03-27,Tijuana,Tijuana-Playas,Ferretería,Pinturas,Surtimax,Vendedor_11,15,7335.05,15,6234.79,93521.85,Efectivo,No,4312.66,38.7
V03670,2024-05-21,San Quintín,San Quintín-Central,Ropa,Calcetines,Comercial Baja,Vendedor_07,5,2085.08,15,1772.32,8861.6,Tarjeta Débito,Talla incorrecta,1225.87,20.7
V03671,2024-01-24,Rosarito,Rosarito-Principal,Farmacia,Higiene,Distribuidora BC,Vendedor_21,6,4553.87,0,4553.87,27323.22,Transferencia,No cumplió expectativas,3175.17,30.4
V03672,2025-05-17,Tijuana,Tijuana-Otay,Farmacia,Primeros Auxilios,Distribuidora BC,Vendedor_08,11,1207.59,10,1086.83,11955.13,Efectivo,No,631.27,53.4
V03673,2024-05-21,Tecate,Tecate-Centro,Farmacia,Bebés,Distribuidora BC,Vendedor_08,2,1855.72,5,1762.93,3525.86,Efectivo,Cambio de opinión,842.13,19.5
V03674,2024-10-15,Tijuana,Tijuana-Playas,Hogar,Utensilios,Comercial Baja,Vendedor_21,3,6671.06,0,6671.06,20013.18,Transferencia,Duplicado,3839.48,50.0
V03675,2024-01-25,Tijuana,Tijuana-Playas,Alimentos,Lácteos,Abastos del Pacífico,Vendedor_02,16,5924.93,25,4443.7,71099.2,Tarjeta Crédito,No cumplió expectativas,3500.69,31.0
V03676,2025-03-22,San Quintín,San Quintín-Central,Ferretería,Brochas,Distribuidora BC,Vendedor_03,13,5581.86,15,4744.58,61679.54,Tarjeta Débito,Cambio de opinión,2996.99,49.2
V03677,2024-07-13,San Quintín,San Quintín-Central,Alimentos,Cereales,Abastos del Pacífico,Vendedor_17,13,3641.02,25,2730.76,35499.88,Efectivo,Duplicado,2499.17,32.7
V03678,2024-05-11,Tijuana,Tijuana-Zona Río,Alimentos,Condimentos,Distribuidora BC,Vendedor_03,6,2547.72,15,2165.56,12993.36,Tarjeta Débito,Defecto de fábrica,1709.75,46.5
V03679,2024-08-16,Tecate,Tecate-Centro,Farmacia,Primeros Auxilios,Mayoreo TJ,Vendedor_07,19,1181.99,15,1004.69,19089.11,Vale Despensa,Duplicado,557.22,27.2
V03680,2025-04-27,Mexicali,Mexicali-Centro,Hogar,Lámparas,Logística Frontera,Vendedor_30,20,3479.48,20,2783.58,55671.6,Transferencia,Cambio de opinión,2072.22,16.6
V03681,2025-01-13,Tijuana,Tijuana-Garita,Ferretería,Adhesivos,Comercial Baja,Vendedor_05,4,7185.27,0,7185.27,28741.08,Tarjeta Débito,No,4280.44,51.5
V03682,2024-07-05,Tecate,Tecate-Centro,Alimentos,Conservas,Logística Frontera,Vendedor_05,1,7489.46,20,5991.57,5991.57,Tarjeta Débito,No,4125.21,22.1
V03683,2024-03-11,Ensenada,Ensenada-Maneadero,Ferretería,Electricidad,Comercial Baja,Vendedor_21,15,5704.52,5,5419.29,81289.35,Vale Despensa,Cambio de opinión,3275.63,49.6
V03684,2024-09-21,Rosarito,Rosarito-Principal,Alimentos,Condimentos,Logística Frontera,Vendedor_02,16,5035.22,0,5035.22,80563.52,Efectivo,Cambio de opinión,2462.41,34.5
V03685,2024-07-28,Ensenada,Ensenada-Maneadero,Ropa,Chamarras,Abastos del Pacífico,Vendedor_14,15,2489.38,5,2364.91,35473.65,Efectivo,No,1298.58,36.5
V03686,2024-03-10,Tecate,Tecate-Centro,Electrónica,Laptops,Mayoreo TJ,Vendedor_24,14,4331.6,0,4331.6,60642.4,Transferencia,No,2725.49,40.8
V03687,2024-10-25,Ensenada,Ensenada-Maneadero,Hogar,Utensilios,Mayoreo TJ,Vendedor_15,17,4725.56,25,3544.17,60250.89,Tarjeta Débito,No,2943.57,24.7
V03688,2024-10-18,San Quintín,San Quintín-Central,Farmacia,Vitaminas,Importaciones Mex,Vendedor_26,11,2575.3,25,1931.48,21246.28,Tarjeta Crédito,Talla incorrecta,1337.41,45.7
V03689,2024-03-03,San Quintín,San Quintín-Central,Alimentos,Condimentos,Comercial Baja,Vendedor_21,15,4797.52,0,4797.52,71962.8,Efectivo,No,3157.28,40.2
V03690,2024-07-19,Ensenada,Ensenada-Maneadero,Ropa,Camisas,Logística Frontera,Vendedor_04,16,7928.55,0,7928.55,126856.8,Tarjeta Débito,Talla incorrecta,4500.95,53.5
V03691,2025-04-03,Rosarito,Rosarito-Principal,Electrónica,Celulares,Logística Frontera,Vendedor_02,13,4618.86,15,3926.03,51038.39,Tarjeta Crédito,No cumplió expectativas,2501.14,46.5
V03692,2024-12-29,San Quintín,San Quintín-Central,Alimentos,Bebidas,Surtimax,Vendedor_05,18,4009.64,10,3608.68,64956.24,Transferencia,No,2113.11,21.2
V03693,2024-01-25,San Quintín,San Quintín-Central,Ropa,Gorras,Mayoreo TJ,Vendedor_02,5,2497.04,0,2497.04,12485.2,Tarjeta Crédito,No cumplió expectativas,1169.14,31.7
V03694,2024-03-04,Rosarito,Rosarito-Principal,Electrónica,Cámaras,Logística Frontera,Vendedor_17,6,1337.36,15,1136.76,6820.56,Transferencia,Talla incorrecta,742.03,39.9
V03695,2024-09-01,Tecate,Tecate-Centro,Hogar,Cobijas,Distribuidora BC,Vendedor_24,19,3022.76,0,3022.76,57432.44,Vale Despensa,No cumplió expectativas,1619.04,43.8
V03696,2024-12-21,Rosarito,Rosarito-Principal,Ropa,Camisas,Abastos del Pacífico,Vendedor_29,14,3027.14,0,3027.14,42379.96,Vale Despensa,Defecto de fábrica,1656.05,40.1
V03697,2024-08-10,San Quintín,San Quintín-Central,Ferretería,Electricidad,Logística Frontera,Vendedor_19,5,2216.62,15,1884.13,9420.65,Tarjeta Crédito,No,1037.48,51.2
V03698,2025-02-17,Tijuana,Tijuana-Garita,Farmacia,Higiene,Logística Frontera,Vendedor_02,16,313.84,20,251.07,4017.12,Transferencia,Defecto de fábrica,152.51,52.8
V03699,2024-07-02,Tijuana,Tijuana-Playas,Electrónica,Cámaras,Abastos del Pacífico,Vendedor_01,16,2554.61,20,2043.69,32699.04,Tarjeta Crédito,No,1483.6,29.1
V03700,2024-02-03,Tijuana,Tijuana-Playas,Farmacia,Cuidado Personal,Proveedor Norte SA,Vendedor_29,6,2200.34,0,2200.34,13202.04,Tarjeta Crédito,No,1109.52,46.6
V03701,2024-12-06,Tijuana,Tijuana-La Mesa,Hogar,Cobijas,Importaciones Mex,Vendedor_24,9,1369.46,25,1027.1,9243.9,Transferencia,No,782.86,26.7
V03702,2025-04-06,Rosarito,Rosarito-Principal,Electrónica,Laptops,Proveedor Norte SA,Vendedor_04,16,3914.86,20,3131.89,50110.24,Efectivo,Duplicado,1824.07,23.3
V03703,2024-06-17,San Quintín,San Quintín-Central,Ropa,Vestidos,Importaciones Mex,Vendedor_15,12,7562.59,5,7184.46,86213.52,Transferencia,No cumplió expectativas,4037.34,25.8
V03704,2025-02-12,Rosarito,Rosarito-Principal,Hogar,Cojines,Logística Frontera,Vendedor_14,9,5052.0,10,4546.8,40921.2,Efectivo,No,2625.45,19.4
V03705,2024-11-14,San Quintín,San Quintín-Central,Hogar,Lámparas,Comercial Baja,Vendedor_19,11,3198.33,15,2718.58,29904.38,Tarjeta Débito,No cumplió expectativas,1596.28,38.5
V03706,2024-03-20,Tecate,Tecate-Centro,Ropa,Pantalones,Proveedor Norte SA,Vendedor_10,13,7109.13,10,6398.22,83176.86,Transferencia,No,4388.81,17.9
V03707,2024-02-15,Mexicali,Mexicali-Nueva,Hogar,Decoración,Importaciones Mex,Vendedor_16,19,2145.12,0,2145.12,40757.28,Transferencia,Cambio de opinión,1430.19,21.7
V03708,2025-02-27,San Quintín,San Quintín-Central,Hogar,Muebles,Importaciones Mex,Vendedor_15,11,2674.69,5,2540.96,27950.56,Tarjeta Débito,No cumplió expectativas,1859.15,26.0
V03709,2024-03-28,San Quintín,San Quintín-Central,Alimentos,Cereales,Proveedor Norte SA,Vendedor_30,3,126.39,15,107.43,322.29,Transferencia,No,66.99,30.7
V03710,2024-03-19,Mexicali,Mexicali-Centro,Ropa,Calcetines,Surtimax,Vendedor_04,4,3907.49,0,3907.49,15629.96,Tarjeta Débito,No,2097.97,43.5
V03711,2024-05-29,San Quintín,San Quintín-Central,Ropa,Pantalones,Mayoreo TJ,Vendedor_30,5,3273.1,10,2945.79,14728.95,Tarjeta Crédito,No cumplió expectativas,1674.81,25.3
V03712,2025-05-16,Rosarito,Rosarito-Principal,Alimentos,Condimentos,Surtimax,Vendedor_22,3,7734.84,20,6187.87,18563.61,Transferencia,No,3793.55,41.8
V03713,2024-10-16,Ensenada,Ensenada-Centro,Hogar,Almohadas,Importaciones Mex,Vendedor_24,8,161.78,5,153.69,1229.52,Tarjeta Débito,Defecto de fábrica,91.89,23.7
V03714,2025-02-19,San Quintín,San Quintín-Central,Alimentos,Lácteos,Proveedor Norte SA,Vendedor_18,17,6822.6,20,5458.08,92787.36,Efectivo,No,3891.15,29.8
V03715,2025-01-08,Ensenada,Ensenada-Centro,Electrónica,Televisores,Importaciones Mex,Vendedor_23,16,443.22,0,443.22,7091.52,Transferencia,Defecto de fábrica,272.47,15.6
V03716,2025-04-08,Tecate,Tecate-Centro,Ferretería,Tornillería,Logística Frontera,Vendedor_05,8,4504.5,5,4279.27,34234.16,Efectivo,Talla incorrecta,2270.18,33.9
V03717,2025-05-30,Tecate,Tecate-Centro,Hogar,Cojines,Logística Frontera,Vendedor_28,14,4651.34,0,4651.34,65118.76,Vale Despensa,No,2474.2,21.3
V03718,2024-08-07,Tecate,Tecate-Centro,Ferretería,Plomería,Logística Frontera,Vendedor_01,13,5845.03,5,5552.78,72186.14,Transferencia,No cumplió expectativas,2884.32,51.7
V03719,2025-05-28,Tijuana,Tijuana-Zona Río,Alimentos,Bebidas,Proveedor Norte SA,Vendedor_20,3,5063.47,20,4050.78,12152.34,Vale Despensa,Defecto de fábrica,2989.1,17.5
V03720,2024-05-30,Tijuana,Tijuana-Zona Río,Ropa,Zapatos,Logística Frontera,Vendedor_11,15,3182.59,0,3182.59,47738.85,Tarjeta Débito,Cambio de opinión,1579.9,29.4
V03721,2024-07-02,Ensenada,Ensenada-Centro,Hogar,Cortinas,Mayoreo TJ,Vendedor_04,16,1898.93,0,1898.93,30382.88,Tarjeta Crédito,No cumplió expectativas,1327.67,24.5
V03722,2025-03-29,Ensenada,Ensenada-Centro,Electrónica,Cables,Surtimax,Vendedor_04,6,4967.07,5,4718.72,28312.32,Efectivo,Cambio de opinión,3110.16,30.8
V03723,2024-11-28,San Quintín,San Quintín-Central,Hogar,Muebles,Importaciones Mex,Vendedor_07,10,4395.84,0,4395.84,43958.4,Vale Despensa,Talla incorrecta,2445.44,47.5
V03724,2024-11-08,Tijuana,Tijuana-Playas,Hogar,Decoración,Distribuidora BC,Vendedor_22,13,6758.48,20,5406.78,70288.14,Efectivo,No,3906.46,23.5
V03725,2024-03-30,Mexicali,Mexicali-Nueva,Electrónica,Cámaras,Logística Frontera,Vendedor_13,19,1282.6,0,1282.6,24369.4,Tarjeta Crédito,No,874.23,49.4
V03726,2025-04-14,Tecate,Tecate-Centro,Hogar,Decoración,Surtimax,Vendedor_12,13,7975.32,0,7975.32,103679.16,Vale Despensa,No,4822.4,45.1
V03727,2024-07-07,Tijuana,Tijuana-Zona Río,Hogar,Almohadas,Importaciones Mex,Vendedor_13,2,4703.15,20,3762.52,7525.04,Tarjeta Crédito,No cumplió expectativas,3272.74,37.9
V03728,2024-01-05,Rosarito,Rosarito-Principal,Farmacia,Vitaminas,Importaciones Mex,Vendedor_29,15,6787.99,5,6448.59,96728.85,Tarjeta Crédito,Cambio de opinión,4707.19,26.9
V03729,2025-04-25,Tijuana,Tijuana-La Mesa,Ropa,Calcetines,Logística Frontera,Vendedor_05,15,1620.38,25,1215.29,18229.35,Tarjeta Débito,Cambio de opinión,787.96,49.3
V03730,2024-04-04,San Quintín,San Quintín-Central,Ropa,Pantalones,Proveedor Norte SA,Vendedor_30,7,6490.16,25,4867.62,34073.34,Tarjeta Débito,No,3338.17,23.2
V03731,2024-08-30,Tecate,Tecate-Centro,Electrónica,Televisores,Surtimax,Vendedor_01,18,5310.0,15,4513.5,81243.0,Vale Despensa,No,3365.93,24.4
V03732,2024-08-10,Tecate,Tecate-Centro,Electrónica,Audífonos,Abastos del Pacífico,Vendedor_24,3,2546.88,15,2164.85,6494.55,Tarjeta Débito,No,1773.08,43.4
V03733,2024-08-23,Mexicali,Mexicali-Centro,Farmacia,Termómetros,Surtimax,Vendedor_09,13,7706.15,0,7706.15,100179.95,Transferencia,Duplicado,4678.05,43.1
V03734,2025-02-24,Ensenada,Ensenada-Centro,Ropa,Vestidos,Mayoreo TJ,Vendedor_23,16,2622.99,0,2622.99,41967.84,Tarjeta Débito,No,1201.73,51.9
V03735,2024-11-06,Mexicali,Mexicali-Nueva,Farmacia,Primeros Auxilios,Comercial Baja,Vendedor_04,6,2760.89,0,2760.89,16565.34,Vale Despensa,No,1530.65,53.2
V03736,2024-10-27,Tijuana,Tijuana-Zona Río,Farmacia,Vitaminas,Importaciones Mex,Vendedor_04,12,3446.4,0,3446.4,41356.8,Tarjeta Crédito,No,1828.52,44.2
V03737,2024-08-16,Ensenada,Ensenada-Centro,Ropa,Zapatos,Comercial Baja,Vendedor_23,4,7369.13,20,5895.3,23581.2,Tarjeta Crédito,No,4879.66,18.3
V03738,2024-01-21,Tijuana,Tijuana-La Mesa,Electrónica,Cargadores,Importaciones Mex,Vendedor_13,15,2218.0,5,2107.1,31606.5,Transferencia,No,1041.48,34.9
V03739,2024-03-20,Ensenada,Ensenada-Maneadero,Electrónica,Cables,Distribuidora BC,Vendedor_15,8,4863.53,15,4134.0,33072.0,Vale Despensa,No cumplió expectativas,3179.9,38.8
V03740,2024-05-24,Tijuana,Tijuana-La Mesa,Ferretería,Brochas,Logística Frontera,Vendedor_03,15,1166.39,20,933.11,13996.65,Vale Despensa,Defecto de fábrica,650.27,39.5
V03741,2025-01-29,Tijuana,Tijuana-Zona Río,Electrónica,Cables,Comercial Baja,Vendedor_09,11,7116.51,25,5337.38,58711.18,Efectivo,Cambio de opinión,4783.45,50.3
V03742,2024-12-08,Rosarito,Rosarito-Principal,Farmacia,Bebés,Proveedor Norte SA,Vendedor_09,15,2788.94,0,2788.94,41834.1,Transferencia,No,1839.26,32.4
V03743,2025-01-22,Ensenada,Ensenada-Centro,Ferretería,Electricidad,Surtimax,Vendedor_10,5,438.46,25,328.84,1644.2,Tarjeta Crédito,No,245.54,47.7
V03744,2024-03-04,San Quintín,San Quintín-Central,Ferretería,Electricidad,Surtimax,Vendedor_13,12,757.65,0,757.65,9091.8,Tarjeta Débito,No,418.35,44.2
V03745,2024-04-28,Mexicali,Mexicali-Nueva,Alimentos,Conservas,Mayoreo TJ,Vendedor_20,7,1325.69,0,1325.69,9279.83,Vale Despensa,Duplicado,925.24,34.4
V03746,2024-04-20,Mexicali,Mexicali-Baja,Ropa,Ropa Interior,Comercial Baja,Vendedor_29,20,4309.46,15,3663.04,73260.8,Transferencia,No,2380.22,35.5
V03747,2025-05-14,Rosarito,Rosarito-Principal,Farmacia,Higiene,Importaciones Mex,Vendedor_14,8,1176.99,10,1059.29,8474.32,Transferencia,No,581.62,34.9
V03748,2024-12-06,Tijuana,Tijuana-La Mesa,Electrónica,Cables,Importaciones Mex,Vendedor_20,11,2998.77,5,2848.83,31337.13,Tarjeta Crédito,No,2043.1,47.3
V03749,2024-03-03,Tecate,Tecate-Centro,Ferretería,Tornillería,Comercial Baja,Vendedor_23,8,4874.99,20,3899.99,31199.92,Tarjeta Débito,No,2828.12,28.0
V03750,2024-03-28,San Quintín,San Quintín-Central,Electrónica,Cámaras,Distribuidora BC,Vendedor_09,8,4664.08,10,4197.67,33581.36,Tarjeta Débito,Cambio de opinión,3160.7,29.2
V03751,2024-11-14,Ensenada,Ensenada-Centro,Ferretería,Selladores,Surtimax,Vendedor_16,5,3727.76,20,2982.21,14911.05,Tarjeta Crédito,No cumplió expectativas,1708.24,15.9
V03752,2024-07-24,Ensenada,Ensenada-Centro,Farmacia,Termómetros,Logística Frontera,Vendedor_30,1,5111.12,25,3833.34,3833.34,Transferencia,No,2850.73,52.4
V03753,2024-03-19,Mexicali,Mexicali-Centro,Hogar,Cortinas,Proveedor Norte SA,Vendedor_13,11,4584.19,25,3438.14,37819.54,Tarjeta Crédito,Defecto de fábrica,2941.39,53.6
V03754,2025-02-21,Tijuana,Tijuana-Zona Río,Alimentos,Snacks,Surtimax,Vendedor_24,9,3926.94,5,3730.59,33575.31,Efectivo,Talla incorrecta,2034.1,43.5
V03755,2024-05-26,Tijuana,Tijuana-La Mesa,Electrónica,Celulares,Distribuidora BC,Vendedor_25,2,4530.54,0,4530.54,9061.08,Tarjeta Débito,No,2738.92,15.2
V03756,2025-03-27,Rosarito,Rosarito-Principal,Electrónica,Laptops,Comercial Baja,Vendedor_06,10,6275.23,0,6275.23,62752.3,Vale Despensa,Cambio de opinión,3721.51,43.3
V03757,2024-01-29,Ensenada,Ensenada-Maneadero,Ropa,Zapatos,Comercial Baja,Vendedor_12,20,3878.59,5,3684.66,73693.2,Transferencia,Cambio de opinión,2426.3,26.7
V03758,2024-08-03,Tecate,Tecate-Centro,Alimentos,Lácteos,Logística Frontera,Vendedor_29,7,6606.31,5,6275.99,43931.93,Transferencia,Duplicado,3538.75,37.8
V03759,2024-05-21,Tijuana,Tijuana-Otay,Farmacia,Primeros Auxilios,Distribuidora BC,Vendedor_07,18,4513.56,0,4513.56,81244.08,Efectivo,Cambio de opinión,2163.7,46.8
V03760,2025-01-09,Tecate,Tecate-Centro,Farmacia,Primeros Auxilios,Importaciones Mex,Vendedor_28,7,6446.12,0,6446.12,45122.84,Tarjeta Crédito,No,4395.06,19.8
V03761,2025-04-09,Tecate,Tecate-Centro,Farmacia,Cuidado Personal,Mayoreo TJ,Vendedor_27,2,1670.93,5,1587.38,3174.76,Efectivo,Talla incorrecta,1013.23,36.3
V03762,2024-06-17,Tijuana,Tijuana-La Mesa,Farmacia,Medicamentos,Distribuidora BC,Vendedor_17,19,7082.33,5,6728.21,127835.99,Transferencia,Duplicado,4003.83,40.4
V03763,2024-03-03,Rosarito,Rosarito-Principal,Farmacia,Vitaminas,Importaciones Mex,Vendedor_30,18,5308.27,0,5308.27,95548.86,Vale Despensa,No cumplió expectativas,3128.04,50.5
V03764,2024-11-20,Rosarito,Rosarito-Principal,Electrónica,Celulares,Surtimax,Vendedor_14,15,6392.1,15,5433.28,81499.2,Tarjeta Crédito,Duplicado,3308.6,17.6
V03765,2025-02-04,Tijuana,Tijuana-Zona Río,Farmacia,Cuidado Personal,Abastos del Pacífico,Vendedor_06,6,2822.0,25,2116.5,12699.0,Tarjeta Crédito,Duplicado,1839.42,41.5
V03766,2024-08-18,Mexicali,Mexicali-Nueva,Farmacia,Primeros Auxilios,Comercial Baja,Vendedor_21,2,7744.35,0,7744.35,15488.7,Tarjeta Crédito,Talla incorrecta,4691.22,25.5
V03767,2024-05-21,Tijuana,Tijuana-Zona Río,Electrónica,Televisores,Abastos del Pacífico,Vendedor_20,16,5256.43,15,4467.97,71487.52,Tarjeta Débito,No,3173.4,24.4
V03768,2024-08-13,San Quintín,San Quintín-Central,Electrónica,Cables,Mayoreo TJ,Vendedor_15,8,6808.71,25,5106.53,40852.24,Transferencia,Duplicado,4715.36,27.8
V03769,2025-02-02,Mexicali,Mexicali-Baja,Ferretería,Herramientas,Mayoreo TJ,Vendedor_08,19,6879.86,10,6191.87,117645.53,Vale Despensa,No,3718.9,28.8
V03770,2024-11-13,Ensenada,Ensenada-Centro,Electrónica,Laptops,Logística Frontera,Vendedor_18,12,62.84,0,62.84,754.08,Tarjeta Crédito,Cambio de opinión,36.0,20.6
V03771,2024-07-12,Tecate,Tecate-Centro,Electrónica,Cargadores,Mayoreo TJ,Vendedor_04,1,883.54,25,662.65,662.65,Transferencia,No cumplió expectativas,498.37,39.6
V03772,2024-03-17,Tijuana,Tijuana-Otay,Alimentos,Panadería,Importaciones Mex,Vendedor_06,19,5998.3,5,5698.39,108269.41,Efectivo,Defecto de fábrica,3735.65,19.2
V03773,2024-06-02,Tijuana,Tijuana-Otay,Farmacia,Termómetros,Comercial Baja,Vendedor_06,2,1093.36,0,1093.36,2186.72,Vale Despensa,No,585.38,48.3
V03774,2024-02-27,Ensenada,Ensenada-Maneadero,Electrónica,Celulares,Abastos del Pacífico,Vendedor_25,2,3478.98,25,2609.24,5218.48,Tarjeta Débito,No,1746.32,15.9
V03775,2024-06-27,Mexicali,Mexicali-Centro,Alimentos,Bebidas,Mayoreo TJ,Vendedor_16,14,3762.33,20,3009.86,42138.04,Tarjeta Crédito,Talla incorrecta,2086.11,18.9
V03776,2024-06-30,Mexicali,Mexicali-Centro,Alimentos,Conservas,Surtimax,Vendedor_13,18,4637.97,15,3942.27,70960.86,Tarjeta Crédito,No,2548.29,17.6
V03777,2024-11-07,Mexicali,Mexicali-Nueva,Farmacia,Bebés,Distribuidora BC,Vendedor_25,19,6767.59,0,6767.59,128584.21,Tarjeta Crédito,Cambio de opinión,3888.75,51.7
V03778,2025-03-03,Tecate,Tecate-Centro,Ropa,Gorras,Surtimax,Vendedor_18,12,6098.71,0,6098.71,73184.52,Transferencia,Cambio de opinión,4131.49,54.8
V03779,2025-05-12,Tecate,Tecate-Centro,Ferretería,Adhesivos,Surtimax,Vendedor_04,16,7194.29,15,6115.15,97842.4,Vale Despensa,Defecto de fábrica,3969.15,29.6
V03780,2024-04-11,Tijuana,Tijuana-La Mesa,Hogar,Almohadas,Proveedor Norte SA,Vendedor_11,3,7390.88,15,6282.25,18846.75,Vale Despensa,No,3579.68,54.9
V03781,2024-09-25,Ensenada,Ensenada-Maneadero,Ferretería,Brochas,Comercial Baja,Vendedor_20,14,72.08,0,72.08,1009.12,Tarjeta Crédito,No,33.27,44.2
V03782,2024-08-13,Tijuana,Tijuana-Playas,Farmacia,Anteojos,Mayoreo TJ,Vendedor_17,13,3287.49,0,3287.49,42737.37,Tarjeta Crédito,No,1505.39,26.8
V03783,2024-06-10,Tecate,Tecate-Centro,Hogar,Decoración,Surtimax,Vendedor_06,1,50.46,0,50.46,50.46,Efectivo,No cumplió expectativas,25.03,46.0
V03784,2025-01-26,Mexicali,Mexicali-Nueva,Electrónica,Celulares,Comercial Baja,Vendedor_13,9,4667.76,10,4200.98,37808.82,Tarjeta Débito,No cumplió expectativas,2478.79,43.8
V03785,2024-05-14,Ensenada,Ensenada-Maneadero,Alimentos,Condimentos,Surtimax,Vendedor_09,4,5058.86,15,4300.03,17200.12,Tarjeta Crédito,No,3229.82,37.4
V03786,2025-05-27,Mexicali,Mexicali-Nueva,Ferretería,Adhesivos,Distribuidora BC,Vendedor_14,11,1827.65,5,1736.27,19098.97,Vale Despensa,Cambio de opinión,981.2,52.8
V03787,2024-03-22,San Quintín,San Quintín-Central,Ropa,Vestidos,Proveedor Norte SA,Vendedor_19,11,4423.49,25,3317.62,36493.82,Efectivo,No cumplió expectativas,2063.27,18.6
V03788,2024-03-22,San Quintín,San Quintín-Central,Ferretería,Brochas,Abastos del Pacífico,Vendedor_08,4,2032.95,0,2032.95,8131.8,Tarjeta Débito,Cambio de opinión,1130.13,16.0
V03789,2025-02-02,Rosarito,Rosarito-Principal,Electrónica,Cargadores,Comercial Baja,Vendedor_29,11,5372.13,10,4834.92,53184.12,Tarjeta Crédito,Talla incorrecta,2500.18,48.9
V03790,2024-10-06,Ensenada,Ensenada-Maneadero,Alimentos,Carnes Frías,Distribuidora BC,Vendedor_01,12,2130.71,10,1917.64,23011.68,Tarjeta Crédito,No cumplió expectativas,1045.6,42.0
V03791,2024-10-04,Ensenada,Ensenada-Centro,Ferretería,Tornillería,Proveedor Norte SA,Vendedor_27,11,4385.48,20,3508.38,38592.18,Transferencia,No,2573.39,22.0
V03792,2024-02-19,Ensenada,Ensenada-Centro,Farmacia,Bebés,Importaciones Mex,Vendedor_15,4,2521.12,15,2142.95,8571.8,Tarjeta Crédito,No,1660.73,45.4
V03793,2024-04-04,Tijuana,Tijuana-La Mesa,Ferretería,Selladores,Logística Frontera,Vendedor_04,13,5276.08,0,5276.08,68589.04,Tarjeta Débito,No,3377.27,47.7
V03794,2025-01-08,Mexicali,Mexicali-Nueva,Alimentos,Carnes Frías,Mayoreo TJ,Vendedor_16,12,3070.02,15,2609.52,31314.24,Transferencia,No,1947.21,42.7
V03795,2025-02-01,Rosarito,Rosarito-Principal,Ropa,Calcetines,Logística Frontera,Vendedor_20,12,4812.45,0,4812.45,57749.4,Efectivo,No,2688.91,15.8
V03796,2024-08-18,Rosarito,Rosarito-Principal,Hogar,Almohadas,Distribuidora BC,Vendedor_22,6,1039.12,0,1039.12,6234.72,Tarjeta Débito,No,474.65,40.0
V03797,2024-07-29,Ensenada,Ensenada-Maneadero,Ferretería,Selladores,Logística Frontera,Vendedor_29,16,4689.12,15,3985.75,63772.0,Tarjeta Débito,Cambio de opinión,2769.48,52.1
V03798,2024-03-28,San Quintín,San Quintín-Central,Ropa,Zapatos,Comercial Baja,Vendedor_29,19,3839.41,10,3455.47,65653.93,Vale Despensa,Duplicado,2205.75,15.1
V03799,2025-04-29,Rosarito,Rosarito-Principal,Farmacia,Vitaminas,Surtimax,Vendedor_29,8,1003.89,5,953.7,7629.6,Tarjeta Débito,No,504.07,18.8
V03800,2025-04-21,Mexicali,Mexicali-Centro,Alimentos,Bebidas,Mayoreo TJ,Vendedor_16,1,5054.52,25,3790.89,3790.89,Vale Despensa,Talla incorrecta,2887.6,39.1
V03801,2024-03-11,Mexicali,Mexicali-Centro,Farmacia,Termómetros,Mayoreo TJ,Vendedor_06,17,6087.73,0,6087.73,103491.41,Efectivo,Duplicado,4003.5,52.5
V03802,2024-04-24,Mexicali,Mexicali-Centro,Alimentos,Panadería,Comercial Baja,Vendedor_17,11,4176.52,5,3967.69,43644.59,Vale Despensa,No,1981.86,50.2
V03803,2024-05-24,Rosarito,Rosarito-Principal,Hogar,Lámparas,Proveedor Norte SA,Vendedor_01,10,6434.83,0,6434.83,64348.3,Tarjeta Débito,No,3718.06,21.6
V03804,2024-09-01,Ensenada,Ensenada-Centro,Hogar,Muebles,Comercial Baja,Vendedor_22,4,5666.69,5,5383.36,21533.44,Tarjeta Crédito,No,2846.96,16.4
V03805,2025-05-24,Tijuana,Tijuana-Playas,Farmacia,Termómetros,Importaciones Mex,Vendedor_08,3,4613.09,15,3921.13,11763.39,Tarjeta Crédito,Duplicado,2676.23,24.3
V03806,2025-05-13,Rosarito,Rosarito-Principal,Ropa,Camisas,Abastos del Pacífico,Vendedor_18,5,699.5,15,594.57,2972.85,Tarjeta Crédito,No,489.53,31.2
V03807,2024-06-17,Tijuana,Tijuana-Garita,Hogar,Cortinas,Mayoreo TJ,Vendedor_04,14,119.1,0,119.1,1667.4,Tarjeta Débito,Defecto de fábrica,61.57,33.3
V03808,2025-02-02,San Quintín,San Quintín-Central,Hogar,Utensilios,Mayoreo TJ,Vendedor_04,7,5766.32,15,4901.37,34309.59,Tarjeta Débito,No cumplió expectativas,3875.88,28.3
V03809,2024-11-30,San Quintín,San Quintín-Central,Electrónica,Tabletas,Mayoreo TJ,Vendedor_27,18,2203.36,20,1762.69,31728.42,Vale Despensa,Defecto de fábrica,1037.02,48.0
V03810,2025-03-25,Ensenada,Ensenada-Maneadero,Alimentos,Panadería,Surtimax,Vendedor_10,20,5365.38,10,4828.84,96576.8,Transferencia,No cumplió expectativas,3544.69,41.3
V03811,2024-04-20,Tijuana,Tijuana-Playas,Hogar,Utensilios,Surtimax,Vendedor_14,5,6305.73,10,5675.16,28375.8,Tarjeta Débito,No,3734.58,38.5
V03812,2024-11-08,Ensenada,Ensenada-Maneadero,Alimentos,Bebidas,Surtimax,Vendedor_16,9,6990.31,10,6291.28,56621.52,Tarjeta Crédito,No,4048.81,46.9
V03813,2025-01-23,San Quintín,San Quintín-Central,Ropa,Ropa Interior,Proveedor Norte SA,Vendedor_29,10,1120.31,20,896.25,8962.5,Vale Despensa,No,675.09,50.8
V03814,2024-03-19,Ensenada,Ensenada-Centro,Electrónica,Cámaras,Distribuidora BC,Vendedor_08,5,7431.05,10,6687.95,33439.75,Transferencia,Duplicado,4649.8,39.7
V03815,2025-05-10,Tecate,Tecate-Centro,Alimentos,Carnes Frías,Comercial Baja,Vendedor_24,16,4941.21,25,3705.91,59294.56,Efectivo,No cumplió expectativas,3457.16,25.1
V03816,2024-07-27,Mexicali,Mexicali-Centro,Alimentos,Bebidas,Importaciones Mex,Vendedor_09,1,1355.14,15,1151.87,1151.87,Efectivo,No,672.84,34.0
V03817,2025-05-09,Mexicali,Mexicali-Centro,Hogar,Cobijas,Importaciones Mex,Vendedor_27,3,396.36,10,356.72,1070.16,Transferencia,No,183.25,42.0
V03818,2024-08-02,Tecate,Tecate-Centro,Ropa,Zapatos,Surtimax,Vendedor_06,15,4786.3,25,3589.73,53845.95,Efectivo,Duplicado,3341.12,36.2
V03819,2024-08-19,Rosarito,Rosarito-Principal,Farmacia,Termómetros,Distribuidora BC,Vendedor_17,14,2957.36,0,2957.36,41403.04,Vale Despensa,No cumplió expectativas,1538.68,54.5
V03820,2024-04-05,Ensenada,Ensenada-Centro,Farmacia,Medicamentos,Distribuidora BC,Vendedor_30,17,4476.35,15,3804.9,64683.3,Efectivo,No,2908.52,39.1
V03821,2024-05-18,Ensenada,Ensenada-Centro,Ferretería,Pinturas,Abastos del Pacífico,Vendedor_09,10,4000.48,5,3800.46,38004.6,Tarjeta Débito,Defecto de fábrica,2000.71,51.7
V03822,2024-10-17,San Quintín,San Quintín-Central,Alimentos,Carnes Frías,Comercial Baja,Vendedor_23,7,6495.51,5,6170.73,43195.11,Efectivo,No,4171.18,32.8
V03823,2024-10-25,San Quintín,San Quintín-Central,Alimentos,Snacks,Logística Frontera,Vendedor_25,6,6637.77,5,6305.88,37835.28,Tarjeta Débito,No cumplió expectativas,4360.94,53.8
V03824,2024-04-24,Tijuana,Tijuana-Garita,Ferretería,Pinturas,Importaciones Mex,Vendedor_08,8,5461.47,25,4096.1,32768.8,Tarjeta Débito,No,2858.25,24.1
V03825,2024-01-30,San Quintín,San Quintín-Central,Ropa,Chamarras,Distribuidora BC,Vendedor_29,19,2073.21,5,1969.55,37421.45,Tarjeta Débito,No,976.25,51.2
V03826,2024-05-30,Ensenada,Ensenada-Maneadero,Ferretería,Selladores,Distribuidora BC,Vendedor_19,2,7479.6,0,7479.6,14959.2,Vale Despensa,Cambio de opinión,4929.16,41.4
V03827,2024-02-08,Tecate,Tecate-Centro,Alimentos,Panadería,Abastos del Pacífico,Vendedor_19,6,5229.04,15,4444.68,26668.08,Vale Despensa,No,3174.69,18.1
V03828,2024-12-31,Mexicali,Mexicali-Nueva,Ropa,Pantalones,Abastos del Pacífico,Vendedor_13,16,765.69,25,574.27,9188.32,Tarjeta Crédito,Talla incorrecta,508.13,17.3
V03829,2024-05-27,Tijuana,Tijuana-Zona Río,Electrónica,Televisores,Comercial Baja,Vendedor_13,1,3010.85,10,2709.76,2709.76,Efectivo,No,1443.05,49.6
V03830,2024-04-04,Mexicali,Mexicali-Centro,Hogar,Cobijas,Proveedor Norte SA,Vendedor_01,12,2749.06,25,2061.8,24741.6,Tarjeta Débito,Defecto de fábrica,1502.32,31.4
V03831,2024-10-03,Rosarito,Rosarito-Principal,Hogar,Utensilios,Distribuidora BC,Vendedor_24,8,1951.28,25,1463.46,11707.68,Vale Despensa,No,1009.54,51.4
V03832,2024-06-27,Rosarito,Rosarito-Principal,Hogar,Cojines,Distribuidora BC,Vendedor_18,4,6894.86,0,6894.86,27579.44,Tarjeta Débito,No,3433.64,22.7
V03833,2024-03-29,Tecate,Tecate-Centro,Alimentos,Bebidas,Mayoreo TJ,Vendedor_13,7,792.3,0,792.3,5546.1,Tarjeta Débito,Defecto de fábrica,402.58,16.0
V03834,2024-06-12,Tijuana,Tijuana-La Mesa,Hogar,Utensilios,Mayoreo TJ,Vendedor_11,12,4478.1,0,4478.1,53737.2,Tarjeta Crédito,No cumplió expectativas,2965.46,47.1
V03835,2024-04-04,Ensenada,Ensenada-Maneadero,Hogar,Almohadas,Surtimax,Vendedor_12,14,1819.19,0,1819.19,25468.66,Vale Despensa,Cambio de opinión,1251.68,17.1
V03836,2024-07-27,Tecate,Tecate-Centro,Ropa,Ropa Interior,Mayoreo TJ,Vendedor_09,6,7992.36,10,7193.12,43158.72,Transferencia,No,4444.03,49.7
V03837,2024-03-16,San Quintín,San Quintín-Central,Ropa,Calcetines,Logística Frontera,Vendedor_21,13,7296.52,25,5472.39,71141.07,Transferencia,No,4356.1,26.1
V03838,2025-01-03,Ensenada,Ensenada-Maneadero,Ropa,Vestidos,Abastos del Pacífico,Vendedor_09,2,2389.25,0,2389.25,4778.5,Tarjeta Débito,No,1293.91,39.2
V03839,2025-02-11,Rosarito,Rosarito-Principal,Hogar,Utensilios,Importaciones Mex,Vendedor_10,20,1873.82,0,1873.82,37476.4,Vale Despensa,Defecto de fábrica,1134.77,51.5
V03840,2024-12-17,Mexicali,Mexicali-Centro,Electrónica,Cables,Surtimax,Vendedor_06,13,418.78,15,355.96,4627.48,Efectivo,Duplicado,198.49,44.7
V03841,2024-01-24,San Quintín,San Quintín-Central,Alimentos,Lácteos,Importaciones Mex,Vendedor_27,12,2077.79,0,2077.79,24933.48,Transferencia,Cambio de opinión,1252.42,46.6
V03842,2025-01-13,San Quintín,San Quintín-Central,Ferretería,Herramientas,Importaciones Mex,Vendedor_14,11,4273.23,5,4059.57,44655.27,Tarjeta Crédito,No,2265.55,40.3
V03843,2024-05-16,Tecate,Tecate-Centro,Ferretería,Brochas,Logística Frontera,Vendedor_30,9,4616.96,25,3462.72,31164.48,Tarjeta Débito,No,2807.17,40.9
V03844,2025-02-17,Tijuana,Tijuana-Playas,Ropa,Calcetines,Logística Frontera,Vendedor_19,11,4265.07,25,3198.8,35186.8,Transferencia,No,2864.21,36.1
V03845,2024-11-21,Tijuana,Tijuana-La Mesa,Ferretería,Selladores,Proveedor Norte SA,Vendedor_25,6,7263.84,25,5447.88,32687.28,Vale Despensa,Duplicado,3463.02,36.2
V03846,2024-08-15,Rosarito,Rosarito-Principal,Hogar,Utensilios,Logística Frontera,Vendedor_14,20,3016.4,0,3016.4,60328.0,Transferencia,No cumplió expectativas,1410.94,43.6
V03847,2024-01-21,Rosarito,Rosarito-Principal,Hogar,Decoración,Mayoreo TJ,Vendedor_24,4,1410.07,25,1057.55,4230.2,Vale Despensa,Defecto de fábrica,973.42,29.7
V03848,2025-04-08,Rosarito,Rosarito-Principal,Ropa,Ropa Interior,Surtimax,Vendedor_07,12,636.22,25,477.17,5726.04,Tarjeta Débito,Defecto de fábrica,292.91,43.7
V03849,2024-10-07,Tecate,Tecate-Centro,Ropa,Camisas,Comercial Baja,Vendedor_06,14,567.56,10,510.8,7151.2,Vale Despensa,Talla incorrecta,373.35,41.3
V03850,2024-08-15,Tijuana,Tijuana-Garita,Ropa,Calcetines,Logística Frontera,Vendedor_02,13,3969.88,0,3969.88,51608.44,Efectivo,No cumplió expectativas,2739.5,33.2
V03851,2024-09-27,Mexicali,Mexicali-Centro,Ropa,Gorras,Comercial Baja,Vendedor_19,4,272.26,25,204.19,816.76,Efectivo,No,160.08,34.0
V03852,2024-05-26,San Quintín,San Quintín-Central,Hogar,Cojines,Surtimax,Vendedor_20,14,7770.24,0,7770.24,108783.36,Tarjeta Débito,No,4449.12,31.6
V03853,2024-10-26,Tijuana,Tijuana-Garita,Electrónica,Televisores,Proveedor Norte SA,Vendedor_20,16,7757.34,25,5818.01,93088.16,Transferencia,Defecto de fábrica,3597.56,35.5
V03854,2024-01-09,Mexicali,Mexicali-Baja,Farmacia,Anteojos,Distribuidora BC,Vendedor_01,18,3081.15,0,3081.15,55460.7,Vale Despensa,No,2087.79,46.5
V03855,2024-01-07,Tecate,Tecate-Centro,Electrónica,Cámaras,Mayoreo TJ,Vendedor_05,4,545.76,0,545.76,2183.04,Efectivo,No cumplió expectativas,268.69,30.8
V03856,2024-03-19,Mexicali,Mexicali-Nueva,Electrónica,Cargadores,Distribuidora BC,Vendedor_24,4,811.6,0,811.6,3246.4,Transferencia,No,480.12,46.6
V03857,2025-05-03,San Quintín,San Quintín-Central,Electrónica,Cables,Proveedor Norte SA,Vendedor_27,20,7331.35,20,5865.08,117301.6,Efectivo,Talla incorrecta,3815.26,27.2
V03858,2024-04-24,Tijuana,Tijuana-La Mesa,Ropa,Vestidos,Abastos del Pacífico,Vendedor_09,12,4491.21,0,4491.21,53894.52,Tarjeta Débito,No,3045.16,51.7
V03859,2025-05-11,Ensenada,Ensenada-Maneadero,Electrónica,Cables,Mayoreo TJ,Vendedor_27,3,3596.23,0,3596.23,10788.69,Tarjeta Crédito,Defecto de fábrica,1845.93,27.1
V03860,2024-06-09,Rosarito,Rosarito-Principal,Alimentos,Conservas,Mayoreo TJ,Vendedor_30,9,336.47,0,336.47,3028.23,Tarjeta Crédito,Talla incorrecta,221.55,25.5
V03861,2024-06-23,Rosarito,Rosarito-Principal,Alimentos,Condimentos,Mayoreo TJ,Vendedor_09,1,7582.86,15,6445.43,6445.43,Tarjeta Débito,Cambio de opinión,4206.46,24.8
V03862,2025-05-30,Ensenada,Ensenada-Centro,Ropa,Pantalones,Comercial Baja,Vendedor_04,10,5292.74,15,4498.83,44988.3,Tarjeta Débito,No,2585.02,21.2
V03863,2024-08-28,Tecate,Tecate-Centro,Farmacia,Cuidado Personal,Abastos del Pacífico,Vendedor_15,1,4944.11,0,4944.11,4944.11,Transferencia,Talla incorrecta,3252.86,46.4
V03864,2024-01-12,Tecate,Tecate-Centro,Alimentos,Lácteos,Importaciones Mex,Vendedor_20,18,1464.2,25,1098.15,19766.7,Efectivo,No,674.96,48.4
V03865,2025-02-04,Ensenada,Ensenada-Maneadero,Ropa,Camisas,Abastos del Pacífico,Vendedor_06,14,5598.85,20,4479.08,62707.12,Vale Despensa,No,3049.05,40.3
V03866,2024-09-20,San Quintín,San Quintín-Central,Farmacia,Primeros Auxilios,Distribuidora BC,Vendedor_14,2,6762.52,0,6762.52,13525.04,Tarjeta Crédito,No,4432.39,38.8
V03867,2025-04-24,Ensenada,Ensenada-Maneadero,Farmacia,Primeros Auxilios,Distribuidora BC,Vendedor_08,12,5876.62,20,4701.3,56415.6,Transferencia,No,2807.94,22.9
V03868,2025-04-20,Mexicali,Mexicali-Baja,Ferretería,Plomería,Mayoreo TJ,Vendedor_30,17,5103.12,0,5103.12,86753.04,Tarjeta Débito,Duplicado,3324.46,45.7
V03869,2024-10-23,Tecate,Tecate-Centro,Alimentos,Panadería,Logística Frontera,Vendedor_11,20,1068.32,10,961.49,19229.8,Tarjeta Crédito,No,653.72,22.6
V03870,2024-08-27,San Quintín,San Quintín-Central,Farmacia,Medicamentos,Abastos del Pacífico,Vendedor_11,10,1284.82,0,1284.82,12848.2,Vale Despensa,No,672.57,51.0
V03871,2024-09-11,Mexicali,Mexicali-Nueva,Ferretería,Tornillería,Surtimax,Vendedor_24,5,7866.76,5,7473.42,37367.1,Tarjeta Débito,Cambio de opinión,3969.49,30.5
V03872,2024-11-06,Rosarito,Rosarito-Principal,Ropa,Calcetines,Mayoreo TJ,Vendedor_22,12,6536.95,25,4902.71,58832.52,Efectivo,No,4532.06,54.1
V03873,2024-03-15,San Quintín,San Quintín-Central,Electrónica,Tabletas,Distribuidora BC,Vendedor_29,13,1900.44,25,1425.33,18529.29,Tarjeta Crédito,No,1174.47,34.3
V03874,2024-04-20,Tijuana,Tijuana-Garita,Alimentos,Bebidas,Mayoreo TJ,Vendedor_07,12,965.84,0,965.84,11590.08,Efectivo,No,520.02,39.4
V03875,2024-12-11,Mexicali,Mexicali-Nueva,Electrónica,Laptops,Distribuidora BC,Vendedor_13,13,2897.61,25,2173.21,28251.73,Tarjeta Débito,Defecto de fábrica,1954.7,32.9
V03876,2025-01-14,San Quintín,San Quintín-Central,Electrónica,Cargadores,Proveedor Norte SA,Vendedor_21,4,7101.52,0,7101.52,28406.08,Vale Despensa,Talla incorrecta,4183.97,18.7
V03877,2025-04-15,Tijuana,Tijuana-Zona Río,Alimentos,Panadería,Importaciones Mex,Vendedor_05,5,1806.63,0,1806.63,9033.15,Efectivo,No,1118.91,28.4
V03878,2024-01-09,Rosarito,Rosarito-Principal,Ropa,Gorras,Mayoreo TJ,Vendedor_13,18,5163.78,5,4905.59,88300.62,Tarjeta Débito,No,3529.75,49.9
V03879,2024-11-12,Tecate,Tecate-Centro,Farmacia,Cuidado Personal,Distribuidora BC,Vendedor_24,3,5575.06,0,5575.06,16725.18,Efectivo,Duplicado,3148.23,24.1
V03880,2024-10-25,Rosarito,Rosarito-Principal,Electrónica,Audífonos,Importaciones Mex,Vendedor_01,14,914.79,0,914.79,12807.06,Transferencia,No cumplió expectativas,564.94,47.0
V03881,2024-03-05,San Quintín,San Quintín-Central,Electrónica,Audífonos,Comercial Baja,Vendedor_10,17,7526.97,5,7150.62,121560.54,Tarjeta Débito,No,4686.53,44.1
V03882,2024-09-09,Ensenada,Ensenada-Maneadero,Electrónica,Cargadores,Logística Frontera,Vendedor_16,9,4281.8,25,3211.35,28902.15,Tarjeta Crédito,No,2069.8,35.3
V03883,2024-07-01,Rosarito,Rosarito-Principal,Ropa,Chamarras,Logística Frontera,Vendedor_11,19,2703.15,25,2027.36,38519.84,Tarjeta Crédito,No cumplió expectativas,1684.02,16.1
V03884,2025-02-13,San Quintín,San Quintín-Central,Ropa,Pantalones,Distribuidora BC,Vendedor_25,10,219.57,0,219.57,2195.7,Transferencia,Talla incorrecta,123.26,27.9
V03885,2025-01-24,Ensenada,Ensenada-Maneadero,Ropa,Camisas,Mayoreo TJ,Vendedor_24,20,5784.33,25,4338.25,86765.0,Transferencia,No,3462.72,49.0
V03886,2024-05-10,Mexicali,Mexicali-Centro,Ferretería,Adhesivos,Surtimax,Vendedor_07,2,6419.59,0,6419.59,12839.18,Vale Despensa,No,3425.93,41.4
V03887,2024-04-18,San Quintín,San Quintín-Central,Hogar,Cojines,Surtimax,Vendedor_06,7,3662.72,25,2747.04,19229.28,Tarjeta Crédito,No cumplió expectativas,1979.84,43.8
V03888,2025-03-31,Tecate,Tecate-Centro,Electrónica,Tabletas,Distribuidora BC,Vendedor_16,3,7998.51,0,7998.51,23995.53,Tarjeta Débito,No,4933.15,29.6
V03889,2024-12-10,Mexicali,Mexicali-Baja,Ropa,Chamarras,Surtimax,Vendedor_14,4,6666.84,0,6666.84,26667.36,Vale Despensa,Talla incorrecta,3515.13,23.8
V03890,2024-08-08,Tecate,Tecate-Centro,Electrónica,Cámaras,Distribuidora BC,Vendedor_30,11,7457.89,5,7085.0,77935.0,Efectivo,No,5060.15,46.3
V03891,2025-03-10,Ensenada,Ensenada-Centro,Alimentos,Cereales,Importaciones Mex,Vendedor_22,7,1314.44,25,985.83,6900.81,Tarjeta Débito,Cambio de opinión,872.67,32.2
V03892,2025-05-02,Mexicali,Mexicali-Centro,Farmacia,Higiene,Logística Frontera,Vendedor_05,18,7470.02,20,5976.02,107568.36,Transferencia,No,4260.55,19.1
V03893,2025-03-26,Mexicali,Mexicali-Baja,Farmacia,Termómetros,Proveedor Norte SA,Vendedor_27,19,6331.97,0,6331.97,120307.43,Transferencia,No,3443.8,38.7
V03894,2024-12-03,San Quintín,San Quintín-Central,Farmacia,Bebés,Logística Frontera,Vendedor_10,17,7728.18,20,6182.54,105103.18,Efectivo,No,4289.86,47.9
V03895,2024-11-21,Mexicali,Mexicali-Centro,Electrónica,Laptops,Proveedor Norte SA,Vendedor_06,18,742.85,20,594.28,10697.04,Transferencia,Cambio de opinión,473.29,20.0
V03896,2024-06-22,Rosarito,Rosarito-Principal,Hogar,Muebles,Surtimax,Vendedor_24,8,5740.34,20,4592.27,36738.16,Efectivo,Duplicado,3372.25,49.7
V03897,2024-04-05,Mexicali,Mexicali-Nueva,Farmacia,Vitaminas,Proveedor Norte SA,Vendedor_27,13,3448.95,15,2931.61,38110.93,Transferencia,Duplicado,2185.49,24.6
V03898,2024-11-11,Rosarito,Rosarito-Principal,Electrónica,Audífonos,Proveedor Norte SA,Vendedor_01,9,4113.79,15,3496.72,31470.48,Transferencia,Duplicado,2515.31,46.3
V03899,2024-10-27,San Quintín,San Quintín-Central,Farmacia,Termómetros,Surtimax,Vendedor_28,4,3777.58,10,3399.82,13599.28,Efectivo,No,2173.46,18.9
V03900,2024-07-20,Mexicali,Mexicali-Centro,Ropa,Ropa Interior,Surtimax,Vendedor_15,14,1812.44,5,1721.82,24105.48,Tarjeta Crédito,Defecto de fábrica,1025.54,35.2
V03901,2024-01-24,Tecate,Tecate-Centro,Electrónica,Cámaras,Abastos del Pacífico,Vendedor_14,11,7997.03,0,7997.03,87967.33,Transferencia,No,3687.85,30.5
V03902,2024-02-18,San Quintín,San Quintín-Central,Electrónica,Cargadores,Abastos del Pacífico,Vendedor_12,3,5709.1,20,4567.28,13701.84,Tarjeta Crédito,No,3795.86,44.4
V03903,2024-03-06,Mexicali,Mexicali-Baja,Alimentos,Condimentos,Logística Frontera,Vendedor_01,9,2205.59,0,2205.59,19850.31,Tarjeta Crédito,No cumplió expectativas,1100.31,32.4
V03904,2024-06-08,Ensenada,Ensenada-Centro,Alimentos,Cereales,Comercial Baja,Vendedor_04,3,448.17,0,448.17,1344.51,Transferencia,Defecto de fábrica,272.51,36.2
V03905,2024-03-24,Rosarito,Rosarito-Principal,Ferretería,Plomería,Distribuidora BC,Vendedor_17,16,5701.85,0,5701.85,91229.6,Vale Despensa,No,3386.47,23.8
V03906,2025-02-27,Tijuana,Tijuana-Zona Río,Ferretería,Brochas,Proveedor Norte SA,Vendedor_04,4,7008.23,0,7008.23,28032.92,Vale Despensa,No,4827.09,33.6
V03907,2025-03-17,Ensenada,Ensenada-Maneadero,Hogar,Muebles,Surtimax,Vendedor_24,17,865.24,0,865.24,14709.08,Tarjeta Débito,No,416.64,20.2
V03908,2024-04-19,Rosarito,Rosarito-Principal,Alimentos,Lácteos,Abastos del Pacífico,Vendedor_11,6,5504.69,5,5229.46,31376.76,Efectivo,No,3147.98,34.6
V03909,2024-09-02,Tijuana,Tijuana-Otay,Electrónica,Cámaras,Mayoreo TJ,Vendedor_23,4,7211.92,5,6851.32,27405.28,Transferencia,No,4464.84,32.1
V03910,2024-03-05,Mexicali,Mexicali-Baja,Alimentos,Carnes Frías,Mayoreo TJ,Vendedor_11,12,7621.99,20,6097.59,73171.08,Transferencia,Talla incorrecta,4865.6,32.0
V03911,2025-04-25,Ensenada,Ensenada-Centro,Hogar,Cojines,Surtimax,Vendedor_09,6,4789.3,25,3591.98,21551.88,Vale Despensa,Talla incorrecta,2985.21,31.5
V03912,2024-01-25,Rosarito,Rosarito-Principal,Farmacia,Cuidado Personal,Importaciones Mex,Vendedor_10,11,2334.23,5,2217.52,24392.72,Transferencia,Duplicado,1057.63,33.9
V03913,2025-03-14,Rosarito,Rosarito-Principal,Farmacia,Termómetros,Logística Frontera,Vendedor_23,10,2639.82,10,2375.84,23758.4,Tarjeta Crédito,No,1543.53,19.6
V03914,2024-11-29,Tecate,Tecate-Centro,Ferretería,Tornillería,Comercial Baja,Vendedor_16,11,890.57,0,890.57,9796.27,Tarjeta Crédito,No,583.64,51.0
V03915,2025-01-23,Ensenada,Ensenada-Centro,Ropa,Pantalones,Proveedor Norte SA,Vendedor_18,10,2756.51,5,2618.68,26186.8,Transferencia,No,1463.17,31.7
V03916,2025-05-05,Rosarito,Rosarito-Principal,Farmacia,Cuidado Personal,Distribuidora BC,Vendedor_08,10,4386.83,10,3948.15,39481.5,Tarjeta Crédito,No,2069.24,28.6
V03917,2025-03-10,Mexicali,Mexicali-Nueva,Ferretería,Plomería,Comercial Baja,Vendedor_27,1,2145.79,0,2145.79,2145.79,Tarjeta Débito,No,1293.31,44.0
V03918,2025-03-07,Rosarito,Rosarito-Principal,Hogar,Almohadas,Proveedor Norte SA,Vendedor_28,2,2965.14,0,2965.14,5930.28,Tarjeta Débito,No,1995.51,24.3
V03919,2024-02-04,Tecate,Tecate-Centro,Farmacia,Termómetros,Logística Frontera,Vendedor_07,4,3660.46,10,3294.41,13177.64,Vale Despensa,No,2076.51,19.9
V03920,2024-02-06,Tijuana,Tijuana-Zona Río,Ropa,Camisas,Importaciones Mex,Vendedor_11,9,7221.75,5,6860.66,61745.94,Vale Despensa,No,3580.5,44.4
V03921,2024-03-22,Tijuana,Tijuana-La Mesa,Ropa,Vestidos,Abastos del Pacífico,Vendedor_13,7,6533.51,0,6533.51,45734.57,Transferencia,Defecto de fábrica,3399.77,32.4
V03922,2025-04-23,Ensenada,Ensenada-Centro,Ferretería,Electricidad,Logística Frontera,Vendedor_12,20,3825.37,25,2869.03,57380.6,Vale Despensa,No,2319.82,44.0
V03923,2024-03-29,Rosarito,Rosarito-Principal,Hogar,Cortinas,Logística Frontera,Vendedor_14,20,728.15,10,655.34,13106.8,Efectivo,No,445.5,39.5
V03924,2025-05-20,Tecate,Tecate-Centro,Ropa,Ropa Interior,Abastos del Pacífico,Vendedor_13,5,816.65,5,775.82,3879.1,Vale Despensa,No,542.39,36.7
V03925,2024-12-04,San Quintín,San Quintín-Central,Ropa,Camisas,Importaciones Mex,Vendedor_02,13,215.96,0,215.96,2807.48,Tarjeta Crédito,Defecto de fábrica,146.63,25.5
V03926,2024-04-07,Tijuana,Tijuana-Playas,Ropa,Camisas,Importaciones Mex,Vendedor_11,12,5887.95,20,4710.36,56524.32,Tarjeta Débito,Duplicado,3884.8,26.3
V03927,2024-02-01,Ensenada,Ensenada-Maneadero,Hogar,Muebles,Logística Frontera,Vendedor_26,3,2027.23,20,1621.78,4865.34,Vale Despensa,No,995.67,43.7
V03928,2025-03-30,Tecate,Tecate-Centro,Alimentos,Conservas,Distribuidora BC,Vendedor_05,18,1687.76,20,1350.21,24303.78,Vale Despensa,No,948.79,34.6
V03929,2024-03-10,Mexicali,Mexicali-Centro,Farmacia,Cuidado Personal,Importaciones Mex,Vendedor_28,13,2715.41,15,2308.1,30005.3,Efectivo,Cambio de opinión,1455.76,22.9
V03930,2024-03-08,San Quintín,San Quintín-Central,Farmacia,Primeros Auxilios,Proveedor Norte SA,Vendedor_02,8,4489.86,15,3816.38,30531.04,Vale Despensa,No cumplió expectativas,2880.2,38.1
V03931,2025-04-06,Tijuana,Tijuana-Playas,Electrónica,Televisores,Importaciones Mex,Vendedor_13,4,6947.82,10,6253.04,25012.16,Tarjeta Crédito,Defecto de fábrica,3444.95,24.7
V03932,2024-03-05,Tecate,Tecate-Centro,Ropa,Pantalones,Comercial Baja,Vendedor_04,10,1676.23,0,1676.23,16762.3,Vale Despensa,Cambio de opinión,994.15,34.3
V03933,2024-10-28,Tecate,Tecate-Centro,Electrónica,Cámaras,Mayoreo TJ,Vendedor_04,20,6280.13,25,4710.1,94202.0,Efectivo,No cumplió expectativas,4106.65,34.8
V03934,2025-05-06,Tecate,Tecate-Centro,Ferretería,Tornillería,Proveedor Norte SA,Vendedor_24,3,693.21,15,589.23,1767.69,Transferencia,No,430.46,31.9
V03935,2025-02-02,Tijuana,Tijuana-Otay,Ropa,Chamarras,Abastos del Pacífico,Vendedor_23,19,5515.05,10,4963.55,94307.45,Tarjeta Crédito,Talla incorrecta,2608.71,30.9
V03936,2024-11-20,Mexicali,Mexicali-Baja,Electrónica,Audífonos,Abastos del Pacífico,Vendedor_25,14,2839.66,0,2839.66,39755.24,Vale Despensa,No,1587.28,48.4
V03937,2024-04-08,Mexicali,Mexicali-Baja,Ferretería,Adhesivos,Distribuidora BC,Vendedor_06,15,5585.56,25,4189.17,62837.55,Efectivo,No,3316.74,37.8
V03938,2025-05-16,Mexicali,Mexicali-Nueva,Farmacia,Vitaminas,Proveedor Norte SA,Vendedor_05,1,3966.6,25,2974.95,2974.95,Tarjeta Débito,Defecto de fábrica,2426.25,38.1
V03939,2024-10-24,Tecate,Tecate-Centro,Farmacia,Primeros Auxilios,Proveedor Norte SA,Vendedor_23,15,2483.37,0,2483.37,37250.55,Efectivo,Duplicado,1253.74,36.8
V03940,2024-11-10,Rosarito,Rosarito-Principal,Hogar,Utensilios,Distribuidora BC,Vendedor_22,19,3417.89,15,2905.21,55198.99,Vale Despensa,No,1892.32,40.8
V03941,2024-01-08,Ensenada,Ensenada-Maneadero,Farmacia,Primeros Auxilios,Mayoreo TJ,Vendedor_06,6,4837.65,5,4595.77,27574.62,Transferencia,Duplicado,2845.64,52.3
V03942,2025-01-11,Rosarito,Rosarito-Principal,Electrónica,Tabletas,Surtimax,Vendedor_16,16,3789.98,15,3221.48,51543.68,Transferencia,Cambio de opinión,2545.75,23.6
V03943,2024-04-24,Rosarito,Rosarito-Principal,Alimentos,Cereales,Mayoreo TJ,Vendedor_05,17,2338.56,0,2338.56,39755.52,Tarjeta Débito,Duplicado,1254.64,33.4
V03944,2024-09-01,Tijuana,Tijuana-Playas,Electrónica,Celulares,Proveedor Norte SA,Vendedor_19,10,1350.84,20,1080.67,10806.7,Tarjeta Crédito,No,890.98,27.6
V03945,2025-03-08,San Quintín,San Quintín-Central,Ropa,Pantalones,Mayoreo TJ,Vendedor_26,14,2327.44,0,2327.44,32584.16,Tarjeta Crédito,No cumplió expectativas,1333.22,32.1
V03946,2024-02-20,Mexicali,Mexicali-Nueva,Ropa,Camisas,Logística Frontera,Vendedor_11,2,3876.22,0,3876.22,7752.44,Vale Despensa,No cumplió expectativas,2492.92,43.6
V03947,2025-02-02,San Quintín,San Quintín-Central,Alimentos,Bebidas,Comercial Baja,Vendedor_20,20,5050.24,5,4797.73,95954.6,Tarjeta Débito,No,3103.42,45.3
V03948,2025-04-01,San Quintín,San Quintín-Central,Ferretería,Plomería,Importaciones Mex,Vendedor_18,7,2003.88,5,1903.69,13325.83,Transferencia,No,1163.25,46.6
V03949,2025-03-20,Mexicali,Mexicali-Baja,Ferretería,Pinturas,Distribuidora BC,Vendedor_30,18,7678.76,5,7294.82,131306.76,Transferencia,No,4124.63,44.7
V03950,2025-05-17,Mexicali,Mexicali-Baja,Electrónica,Cámaras,Surtimax,Vendedor_05,16,6475.74,5,6151.95,98431.2,Efectivo,Duplicado,3852.68,35.9
V03951,2024-10-23,Tecate,Tecate-Centro,Ferretería,Selladores,Surtimax,Vendedor_02,7,292.32,5,277.7,1943.9,Vale Despensa,No cumplió expectativas,160.38,21.2
V03952,2025-04-05,San Quintín,San Quintín-Central,Hogar,Almohadas,Comercial Baja,Vendedor_15,2,1521.54,0,1521.54,3043.08,Transferencia,No,991.49,36.5
V03953,2024-03-10,Tecate,Tecate-Centro,Farmacia,Cuidado Personal,Proveedor Norte SA,Vendedor_12,3,5624.75,25,4218.56,12655.68,Vale Despensa,No,3146.83,51.3
V03954,2024-02-13,Rosarito,Rosarito-Principal,Ropa,Camisas,Mayoreo TJ,Vendedor_09,9,2924.33,25,2193.25,19739.25,Tarjeta Débito,No,1599.55,17.2
V03955,2024-07-11,Mexicali,Mexicali-Centro,Ropa,Chamarras,Surtimax,Vendedor_04,16,7872.17,25,5904.13,94466.08,Vale Despensa,No,4598.42,46.2
V03956,2024-05-24,Tijuana,Tijuana-Zona Río,Ferretería,Selladores,Logística Frontera,Vendedor_01,7,6046.63,0,6046.63,42326.41,Transferencia,No,3081.09,29.6
V03957,2024-12-22,Tecate,Tecate-Centro,Alimentos,Condimentos,Mayoreo TJ,Vendedor_26,20,3253.5,5,3090.82,61816.4,Transferencia,No,2001.33,35.9
V03958,2024-12-29,Tijuana,Tijuana-Garita,Hogar,Cobijas,Proveedor Norte SA,Vendedor_01,8,4444.41,10,3999.97,31999.76,Vale Despensa,No,2691.0,38.6
V03959,2024-01-17,Rosarito,Rosarito-Principal,Hogar,Cobijas,Distribuidora BC,Vendedor_28,11,6283.82,10,5655.44,62209.84,Tarjeta Crédito,No,3795.97,27.4
V03960,2024-11-25,Tecate,Tecate-Centro,Alimentos,Condimentos,Abastos del Pacífico,Vendedor_27,10,3028.92,5,2877.47,28774.7,Tarjeta Crédito,Duplicado,1831.45,30.7
V03961,2024-05-25,San Quintín,San Quintín-Central,Hogar,Cortinas,Mayoreo TJ,Vendedor_05,15,5786.7,25,4340.02,65100.3,Transferencia,No cumplió expectativas,3048.83,51.3
V03962,2024-05-31,San Quintín,San Quintín-Central,Alimentos,Carnes Frías,Proveedor Norte SA,Vendedor_05,1,1933.69,0,1933.69,1933.69,Transferencia,No,1244.89,44.7
V03963,2024-09-06,Tecate,Tecate-Centro,Ferretería,Brochas,Proveedor Norte SA,Vendedor_29,19,6123.68,20,4898.94,93079.86,Tarjeta Crédito,No,2921.41,29.3
V03964,2024-03-13,Rosarito,Rosarito-Principal,Farmacia,Medicamentos,Proveedor Norte SA,Vendedor_16,17,980.28,20,784.22,13331.74,Tarjeta Crédito,No cumplió expectativas,654.91,17.2
V03965,2024-08-12,Tecate,Tecate-Centro,Alimentos,Conservas,Mayoreo TJ,Vendedor_28,19,4261.45,15,3622.23,68822.37,Tarjeta Débito,No,2840.93,25.2
V03966,2024-11-06,Ensenada,Ensenada-Maneadero,Alimentos,Lácteos,Logística Frontera,Vendedor_09,4,1736.41,0,1736.41,6945.64,Efectivo,No,863.66,47.1
V03967,2024-07-22,Rosarito,Rosarito-Principal,Farmacia,Vitaminas,Proveedor Norte SA,Vendedor_08,19,7284.0,20,5827.2,110716.8,Vale Despensa,Duplicado,3421.91,32.4
V03968,2025-01-13,Ensenada,Ensenada-Centro,Hogar,Muebles,Proveedor Norte SA,Vendedor_27,20,2826.35,20,2261.08,45221.6,Transferencia,Talla incorrecta,1852.83,23.3
V03969,2025-04-09,Tijuana,Tijuana-Garita,Ropa,Gorras,Proveedor Norte SA,Vendedor_22,3,2365.59,0,2365.59,7096.77,Transferencia,Duplicado,1406.29,39.0
V03970,2025-02-10,Rosarito,Rosarito-Principal,Electrónica,Audífonos,Importaciones Mex,Vendedor_01,17,2546.06,25,1909.55,32462.35,Tarjeta Débito,No cumplió expectativas,1497.4,17.3
V03971,2024-07-13,Mexicali,Mexicali-Centro,Ferretería,Adhesivos,Distribuidora BC,Vendedor_05,2,426.31,20,341.05,682.1,Transferencia,Talla incorrecta,197.53,43.1
V03972,2024-10-05,Rosarito,Rosarito-Principal,Farmacia,Anteojos,Proveedor Norte SA,Vendedor_20,18,2641.29,0,2641.29,47543.22,Tarjeta Débito,Cambio de opinión,1547.54,52.6
V03973,2024-02-22,Tecate,Tecate-Centro,Alimentos,Condimentos,Logística Frontera,Vendedor_17,16,601.6,0,601.6,9625.6,Transferencia,No,316.75,33.9
V03974,2025-02-05,Ensenada,Ensenada-Maneadero,Hogar,Cobijas,Logística Frontera,Vendedor_09,12,1839.06,0,1839.06,22068.72,Transferencia,Defecto de fábrica,1228.31,29.4
V03975,2025-02-08,Tijuana,Tijuana-Otay,Farmacia,Cuidado Personal,Abastos del Pacífico,Vendedor_14,14,7339.93,0,7339.93,102759.02,Efectivo,No,4856.17,48.2
V03976,2025-04-13,Tijuana,Tijuana-Playas,Ferretería,Herramientas,Surtimax,Vendedor_16,12,6683.69,15,5681.14,68173.68,Vale Despensa,No,4496.97,23.5
V03977,2024-09-29,Tecate,Tecate-Centro,Ferretería,Pinturas,Comercial Baja,Vendedor_05,16,7417.63,10,6675.87,106813.92,Vale Despensa,Duplicado,4901.81,16.7
V03978,2024-05-07,Mexicali,Mexicali-Baja,Ropa,Pantalones,Mayoreo TJ,Vendedor_15,1,5566.55,20,4453.24,4453.24,Transferencia,Defecto de fábrica,3766.49,25.9
V03979,2024-03-23,Tijuana,Tijuana-Playas,Ropa,Chamarras,Distribuidora BC,Vendedor_27,6,5420.83,5,5149.79,30898.74,Vale Despensa,Talla incorrecta,2506.03,32.5
V03980,2024-09-12,Tecate,Tecate-Centro,Ropa,Gorras,Importaciones Mex,Vendedor_04,8,3627.64,0,3627.64,29021.12,Tarjeta Crédito,Defecto de fábrica,1967.99,21.5
V03981,2025-03-29,Tecate,Tecate-Centro,Ropa,Chamarras,Mayoreo TJ,Vendedor_26,6,3117.72,5,2961.83,17770.98,Tarjeta Crédito,Cambio de opinión,1727.88,31.1
V03982,2024-02-11,Rosarito,Rosarito-Principal,Hogar,Muebles,Proveedor Norte SA,Vendedor_23,18,5995.95,15,5096.56,91738.08,Tarjeta Crédito,Defecto de fábrica,4058.39,38.0
V03983,2024-04-04,Ensenada,Ensenada-Centro,Ferretería,Pinturas,Logística Frontera,Vendedor_08,2,2654.63,15,2256.44,4512.88,Vale Despensa,No,1849.93,44.9
V03984,2025-04-09,Ensenada,Ensenada-Maneadero,Ferretería,Pinturas,Logística Frontera,Vendedor_20,16,4500.55,0,4500.55,72008.8,Efectivo,No,2924.35,50.2
V03985,2025-02-20,Rosarito,Rosarito-Principal,Alimentos,Bebidas,Surtimax,Vendedor_09,14,7643.59,10,6879.23,96309.22,Efectivo,Talla incorrecta,4307.44,16.4
V03986,2025-01-05,Tecate,Tecate-Centro,Hogar,Cobijas,Surtimax,Vendedor_22,14,7290.06,20,5832.05,81648.7,Tarjeta Crédito,Cambio de opinión,3708.72,50.0
V03987,2025-03-19,San Quintín,San Quintín-Central,Ropa,Gorras,Surtimax,Vendedor_20,14,7452.73,25,5589.55,78253.7,Vale Despensa,No,3438.6,41.5
V03988,2024-07-04,Ensenada,Ensenada-Maneadero,Ropa,Zapatos,Abastos del Pacífico,Vendedor_14,14,7157.81,0,7157.81,100209.34,Tarjeta Crédito,No cumplió expectativas,4134.3,27.4
V03989,2024-08-27,San Quintín,San Quintín-Central,Ferretería,Selladores,Importaciones Mex,Vendedor_23,6,818.72,20,654.98,3929.88,Tarjeta Crédito,No,478.44,17.4
V03990,2024-03-20,Ensenada,Ensenada-Centro,Ropa,Pantalones,Surtimax,Vendedor_14,7,5283.17,0,5283.17,36982.19,Efectivo,Duplicado,3454.18,52.8
V03991,2025-04-12,Tijuana,Tijuana-Otay,Hogar,Utensilios,Importaciones Mex,Vendedor_15,10,3824.83,10,3442.35,34423.5,Tarjeta Débito,No,2436.56,24.1
V03992,2024-06-13,Rosarito,Rosarito-Principal,Hogar,Almohadas,Surtimax,Vendedor_17,18,655.34,20,524.27,9436.86,Vale Despensa,No cumplió expectativas,350.79,52.9
V03993,2024-11-07,Ensenada,Ensenada-Centro,Electrónica,Tabletas,Comercial Baja,Vendedor_10,16,5094.99,15,4330.74,69291.84,Transferencia,Defecto de fábrica,2641.59,49.6
V03994,2025-05-13,Mexicali,Mexicali-Nueva,Hogar,Cobijas,Abastos del Pacífico,Vendedor_11,4,4618.91,20,3695.13,14780.52,Transferencia,No,2638.67,37.9
V03995,2024-12-02,Tijuana,Tijuana-La Mesa,Electrónica,Tabletas,Distribuidora BC,Vendedor_17,5,5939.15,10,5345.23,26726.15,Efectivo,Talla incorrecta,3559.51,25.4
V03996,2025-03-18,Ensenada,Ensenada-Centro,Ferretería,Tornillería,Logística Frontera,Vendedor_18,5,2350.67,15,1998.07,9990.35,Tarjeta Crédito,Duplicado,1061.37,53.5
V03997,2024-11-09,Tijuana,Tijuana-La Mesa,Electrónica,Cables,Importaciones Mex,Vendedor_08,10,2052.76,0,2052.76,20527.6,Transferencia,No,1277.38,29.0
V03998,2025-03-21,Mexicali,Mexicali-Centro,Electrónica,Cargadores,Abastos del Pacífico,Vendedor_22,9,3080.3,0,3080.3,27722.7,Tarjeta Crédito,Talla incorrecta,2151.38,29.0
V03999,2024-03-31,Tecate,Tecate-Centro,Ropa,Gorras,Logística Frontera,Vendedor_03,1,3432.4,10,3089.16,3089.16,Transferencia,Duplicado,1979.49,15.6
V04000,2024-12-19,Tijuana,Tijuana-La Mesa,Electrónica,Cargadores,Logística Frontera,Vendedor_19,10,3881.28,0,3881.28,38812.8,Tarjeta Crédito,Talla incorrecta,1842.29,38.3
V04001,2024-02-07,San Quintín,San Quintín-Central,Alimentos,Carnes Frías,Mayoreo TJ,Vendedor_20,13,4363.95,5,4145.75,53894.75,Transferencia,No,2428.91,18.1
V04002,2024-11-14,Rosarito,Rosarito-Principal,Ferretería,Electricidad,Mayoreo TJ,Vendedor_28,13,1967.89,0,1967.89,25582.57,Transferencia,No,1236.58,54.2
V04003,2025-01-29,San Quintín,San Quintín-Central,Ferretería,Herramientas,Logística Frontera,Vendedor_11,10,3672.61,0,3672.61,36726.1,Efectivo,Cambio de opinión,1869.45,41.5
V04004,2024-02-18,Tecate,Tecate-Centro,Alimentos,Conservas,Distribuidora BC,Vendedor_27,20,5719.99,0,5719.99,114399.8,Vale Despensa,No,3259.55,23.4
V04005,2024-07-06,Tijuana,Tijuana-Otay,Hogar,Almohadas,Importaciones Mex,Vendedor_26,15,1951.31,0,1951.31,29269.65,Transferencia,No cumplió expectativas,986.38,32.1
V04006,2024-12-05,Ensenada,Ensenada-Centro,Alimentos,Carnes Frías,Proveedor Norte SA,Vendedor_09,2,1211.83,20,969.46,1938.92,Transferencia,No,616.16,23.4
V04007,2024-12-18,Mexicali,Mexicali-Centro,Hogar,Decoración,Comercial Baja,Vendedor_29,2,2118.4,5,2012.48,4024.96,Tarjeta Débito,Duplicado,1360.47,48.7
V04008,2024-05-28,Tijuana,Tijuana-Otay,Farmacia,Bebés,Proveedor Norte SA,Vendedor_21,10,6484.36,20,5187.49,51874.9,Transferencia,No,4253.69,43.6
V04009,2024-04-01,Rosarito,Rosarito-Principal,Ropa,Gorras,Importaciones Mex,Vendedor_04,11,2079.31,0,2079.31,22872.41,Transferencia,Cambio de opinión,1086.94,46.6
V04010,2024-02-20,Rosarito,Rosarito-Principal,Farmacia,Cuidado Personal,Surtimax,Vendedor_30,10,3501.97,20,2801.58,28015.8,Tarjeta Crédito,No cumplió expectativas,2350.89,21.9
V04011,2024-07-12,Tijuana,Tijuana-Garita,Hogar,Cobijas,Logística Frontera,Vendedor_07,6,4343.15,0,4343.15,26058.9,Tarjeta Crédito,No,2878.35,39.4
V04012,2024-06-20,Rosarito,Rosarito-Principal,Ferretería,Adhesivos,Surtimax,Vendedor_03,12,7394.17,10,6654.75,79857.0,Transferencia,No cumplió expectativas,3842.62,34.4
V04013,2024-11-18,Mexicali,Mexicali-Nueva,Alimentos,Condimentos,Mayoreo TJ,Vendedor_17,12,3694.44,20,2955.55,35466.6,Vale Despensa,Talla incorrecta,2284.27,39.7
V04014,2024-12-21,Ensenada,Ensenada-Maneadero,Ropa,Zapatos,Proveedor Norte SA,Vendedor_07,14,3453.85,20,2763.08,38683.12,Efectivo,No,2189.04,18.1
V04015,2024-08-03,Mexicali,Mexicali-Nueva,Electrónica,Tabletas,Mayoreo TJ,Vendedor_03,12,1834.77,25,1376.08,16512.96,Tarjeta Crédito,Cambio de opinión,957.4,35.5
V04016,2024-08-24,Ensenada,Ensenada-Maneadero,Farmacia,Bebés,Abastos del Pacífico,Vendedor_29,10,6048.45,25,4536.34,45363.4,Vale Despensa,No,4189.43,37.5
V04017,2024-07-15,Mexicali,Mexicali-Baja,Ropa,Ropa Interior,Importaciones Mex,Vendedor_30,2,6947.37,5,6600.0,13200.0,Tarjeta Crédito,No,3426.58,17.6
V04018,2025-03-18,Tijuana,Tijuana-La Mesa,Ropa,Chamarras,Mayoreo TJ,Vendedor_24,1,6328.54,20,5062.83,5062.83,Tarjeta Crédito,No,3591.79,53.5
V04019,2024-02-09,Tecate,Tecate-Centro,Hogar,Lámparas,Proveedor Norte SA,Vendedor_06,3,186.62,0,186.62,559.86,Tarjeta Débito,Duplicado,125.51,43.6
V04020,2024-08-17,Mexicali,Mexicali-Nueva,Alimentos,Conservas,Importaciones Mex,Vendedor_05,14,897.55,0,897.55,12565.7,Vale Despensa,No cumplió expectativas,483.58,25.4
V04021,2024-05-10,Ensenada,Ensenada-Centro,Ropa,Calcetines,Logística Frontera,Vendedor_09,14,6559.77,0,6559.77,91836.78,Tarjeta Crédito,Talla incorrecta,3284.66,34.0
V04022,2025-03-27,Ensenada,Ensenada-Centro,Alimentos,Conservas,Proveedor Norte SA,Vendedor_25,16,1040.86,20,832.69,13323.04,Efectivo,No,645.07,40.6
V04023,2024-07-19,Rosarito,Rosarito-Principal,Ropa,Vestidos,Abastos del Pacífico,Vendedor_07,6,3410.6,10,3069.54,18417.24,Tarjeta Crédito,No cumplió expectativas,1837.74,25.7
V04024,2024-02-05,Rosarito,Rosarito-Principal,Ropa,Zapatos,Comercial Baja,Vendedor_03,3,5752.26,5,5464.65,16393.95,Vale Despensa,No,3242.83,22.0
V04025,2025-04-25,San Quintín,San Quintín-Central,Alimentos,Panadería,Mayoreo TJ,Vendedor_21,15,2758.84,0,2758.84,41382.6,Transferencia,No,1246.03,22.3
V04026,2025-03-19,Mexicali,Mexicali-Baja,Hogar,Utensilios,Distribuidora BC,Vendedor_20,1,224.11,5,212.9,212.9,Tarjeta Crédito,No,101.55,42.8
V04027,2024-04-20,Tecate,Tecate-Centro,Ferretería,Selladores,Distribuidora BC,Vendedor_29,17,4577.55,5,4348.67,73927.39,Vale Despensa,No,2392.22,53.8
V04028,2024-01-09,San Quintín,San Quintín-Central,Alimentos,Cereales,Mayoreo TJ,Vendedor_10,3,985.79,5,936.5,2809.5,Efectivo,Defecto de fábrica,532.89,19.5
V04029,2024-06-18,Ensenada,Ensenada-Maneadero,Ropa,Gorras,Proveedor Norte SA,Vendedor_05,7,1725.4,5,1639.13,11473.91,Vale Despensa,No,1110.8,38.7
V04030,2024-10-02,Tecate,Tecate-Centro,Hogar,Almohadas,Distribuidora BC,Vendedor_03,18,6483.83,15,5511.26,99202.68,Transferencia,Duplicado,3179.62,17.7
V04031,2024-07-30,San Quintín,San Quintín-Central,Alimentos,Bebidas,Abastos del Pacífico,Vendedor_24,15,2472.34,10,2225.11,33376.65,Tarjeta Crédito,No,1535.58,26.6
V04032,2024-02-16,Mexicali,Mexicali-Centro,Electrónica,Cargadores,Proveedor Norte SA,Vendedor_22,3,2861.65,25,2146.24,6438.72,Tarjeta Débito,Duplicado,1617.51,37.9
V04033,2024-07-12,Tijuana,Tijuana-Zona Río,Farmacia,Bebés,Logística Frontera,Vendedor_07,20,4406.64,25,3304.98,66099.6,Tarjeta Crédito,No,2976.27,22.5
V04034,2025-03-19,Ensenada,Ensenada-Maneadero,Alimentos,Lácteos,Abastos del Pacífico,Vendedor_05,12,5947.21,0,5947.21,71366.52,Efectivo,Defecto de fábrica,3801.15,50.8
V04035,2024-05-07,Tijuana,Tijuana-Zona Río,Electrónica,Audífonos,Distribuidora BC,Vendedor_10,11,429.62,0,429.62,4725.82,Efectivo,Cambio de opinión,231.81,17.4
V04036,2024-10-06,Ensenada,Ensenada-Centro,Farmacia,Vitaminas,Abastos del Pacífico,Vendedor_30,16,5647.08,10,5082.37,81317.92,Tarjeta Débito,No cumplió expectativas,3647.45,25.2
V04037,2024-08-12,Mexicali,Mexicali-Centro,Hogar,Utensilios,Mayoreo TJ,Vendedor_10,9,3645.27,15,3098.48,27886.32,Tarjeta Crédito,No,1833.46,52.1
V04038,2024-10-16,Tecate,Tecate-Centro,Alimentos,Lácteos,Mayoreo TJ,Vendedor_12,15,2065.36,0,2065.36,30980.4,Tarjeta Débito,Cambio de opinión,1409.14,43.0
V04039,2025-03-18,San Quintín,San Quintín-Central,Ferretería,Adhesivos,Mayoreo TJ,Vendedor_01,15,6024.18,0,6024.18,90362.7,Vale Despensa,No,2858.32,40.9
V04040,2024-05-05,Tijuana,Tijuana-Otay,Ropa,Chamarras,Mayoreo TJ,Vendedor_25,13,6277.59,20,5022.07,65286.91,Vale Despensa,Cambio de opinión,2886.32,47.2
V04041,2025-03-21,Tijuana,Tijuana-Otay,Electrónica,Cámaras,Surtimax,Vendedor_28,20,4716.0,0,4716.0,94320.0,Efectivo,Duplicado,3101.97,42.5
V04042,2024-04-30,Rosarito,Rosarito-Principal,Electrónica,Cámaras,Proveedor Norte SA,Vendedor_05,8,2765.54,5,2627.26,21018.08,Tarjeta Crédito,No,1863.5,24.6
V04043,2025-05-05,Rosarito,Rosarito-Principal,Electrónica,Cables,Comercial Baja,Vendedor_06,15,458.88,5,435.94,6539.1,Tarjeta Crédito,No,229.25,18.5
V04044,2024-01-26,Mexicali,Mexicali-Centro,Farmacia,Vitaminas,Importaciones Mex,Vendedor_30,8,2620.48,5,2489.46,19915.68,Tarjeta Débito,Defecto de fábrica,1399.77,30.3
V04045,2024-08-29,Tecate,Tecate-Centro,Hogar,Utensilios,Distribuidora BC,Vendedor_12,7,7333.8,0,7333.8,51336.6,Efectivo,Talla incorrecta,4390.83,35.1
V04046,2024-07-21,Rosarito,Rosarito-Principal,Ferretería,Electricidad,Surtimax,Vendedor_10,14,1305.17,20,1044.14,14617.96,Tarjeta Débito,Talla incorrecta,593.08,50.2
V04047,2024-03-18,Rosarito,Rosarito-Principal,Ropa,Chamarras,Abastos del Pacífico,Vendedor_21,8,5546.79,0,5546.79,44374.32,Tarjeta Crédito,No,2767.83,47.8
V04048,2024-07-19,Tecate,Tecate-Centro,Hogar,Lámparas,Distribuidora BC,Vendedor_24,14,1696.89,10,1527.2,21380.8,Tarjeta Crédito,No,901.4,22.4
V04049,2024-11-24,San Quintín,San Quintín-Central,Ropa,Vestidos,Comercial Baja,Vendedor_25,10,7056.75,5,6703.91,67039.1,Vale Despensa,No cumplió expectativas,4177.82,43.5
V04050,2024-12-20,Rosarito,Rosarito-Principal,Alimentos,Condimentos,Distribuidora BC,Vendedor_22,8,3675.8,5,3492.01,27936.08,Vale Despensa,No cumplió expectativas,2110.09,54.2
V04051,2024-03-19,Tecate,Tecate-Centro,Electrónica,Cables,Logística Frontera,Vendedor_02,7,2342.97,0,2342.97,16400.79,Tarjeta Débito,No,1234.85,54.2
V04052,2025-02-13,Rosarito,Rosarito-Principal,Electrónica,Cámaras,Mayoreo TJ,Vendedor_16,4,7125.3,0,7125.3,28501.2,Efectivo,Duplicado,4914.02,41.0
V04053,2025-01-24,Rosarito,Rosarito-Principal,Alimentos,Bebidas,Abastos del Pacífico,Vendedor_07,5,6931.98,15,5892.18,29460.9,Transferencia,No,4738.6,21.7
V04054,2024-11-16,Mexicali,Mexicali-Nueva,Electrónica,Celulares,Importaciones Mex,Vendedor_13,9,7294.15,20,5835.32,52517.88,Transferencia,Cambio de opinión,4044.93,40.9
V04055,2025-02-22,Tecate,Tecate-Centro,Hogar,Utensilios,Proveedor Norte SA,Vendedor_29,13,3149.46,0,3149.46,40942.98,Efectivo,Duplicado,1961.26,23.2
V04056,2024-06-24,Mexicali,Mexicali-Baja,Ferretería,Tornillería,Comercial Baja,Vendedor_04,1,6503.68,25,4877.76,4877.76,Vale Despensa,No,3848.02,17.8
V04057,2024-11-11,Rosarito,Rosarito-Principal,Ferretería,Pinturas,Surtimax,Vendedor_14,4,6864.0,15,5834.4,23337.6,Efectivo,No,4761.34,44.6
V04058,2024-01-30,Mexicali,Mexicali-Nueva,Alimentos,Conservas,Mayoreo TJ,Vendedor_27,13,7798.74,0,7798.74,101383.62,Tarjeta Débito,No,5401.98,33.3
V04059,2025-01-24,Ensenada,Ensenada-Maneadero,Electrónica,Audífonos,Distribuidora BC,Vendedor_22,19,6240.48,0,6240.48,118569.12,Tarjeta Crédito,No,3767.71,39.8
V04060,2024-02-17,Mexicali,Mexicali-Centro,Farmacia,Bebés,Surtimax,Vendedor_26,17,7627.81,25,5720.86,97254.62,Efectivo,No,4240.22,15.6
V04061,2024-07-07,Tijuana,Tijuana-Otay,Alimentos,Condimentos,Mayoreo TJ,Vendedor_16,3,5906.85,0,5906.85,17720.55,Tarjeta Débito,Defecto de fábrica,2694.29,48.7
V04062,2024-05-22,Mexicali,Mexicali-Centro,Ferretería,Adhesivos,Mayoreo TJ,Vendedor_02,4,5125.54,15,4356.71,17426.84,Transferencia,No,2501.84,22.9
V04063,2024-04-18,Mexicali,Mexicali-Centro,Alimentos,Lácteos,Importaciones Mex,Vendedor_21,3,1819.57,15,1546.63,4639.89,Vale Despensa,Talla incorrecta,1083.81,45.5
V04064,2025-04-24,Tecate,Tecate-Centro,Ferretería,Brochas,Comercial Baja,Vendedor_18,18,4832.82,25,3624.61,65242.98,Tarjeta Débito,No,2471.82,15.3
V04065,2024-12-02,Rosarito,Rosarito-Principal,Ropa,Vestidos,Logística Frontera,Vendedor_09,14,4765.59,20,3812.47,53374.58,Tarjeta Crédito,Talla incorrecta,3093.16,30.1
V04066,2025-01-26,Tecate,Tecate-Centro,Ropa,Camisas,Distribuidora BC,Vendedor_10,1,7192.21,0,7192.21,7192.21,Vale Despensa,No,4379.99,47.4
V04067,2024-03-22,Rosarito,Rosarito-Principal,Ferretería,Brochas,Importaciones Mex,Vendedor_01,19,1172.73,0,1172.73,22281.87,Efectivo,Talla incorrecta,679.51,24.5
V04068,2024-04-28,San Quintín,San Quintín-Central,Ferretería,Pinturas,Comercial Baja,Vendedor_19,19,7997.44,0,7997.44,151951.36,Transferencia,Talla incorrecta,4097.06,22.8
V04069,2024-12-13,San Quintín,San Quintín-Central,Electrónica,Cámaras,Logística Frontera,Vendedor_10,19,6036.68,10,5433.01,103227.19,Tarjeta Débito,Defecto de fábrica,3994.63,21.8
V04070,2024-04-24,Tijuana,Tijuana-Zona Río,Ropa,Camisas,Distribuidora BC,Vendedor_22,9,1179.56,10,1061.6,9554.4,Transferencia,No,705.35,54.2
V04071,2025-03-14,Tecate,Tecate-Centro,Alimentos,Snacks,Mayoreo TJ,Vendedor_08,4,4181.02,15,3553.87,14215.48,Vale Despensa,Duplicado,1989.92,34.6
V04072,2025-02-24,San Quintín,San Quintín-Central,Hogar,Utensilios,Mayoreo TJ,Vendedor_14,16,657.84,5,624.95,9999.2,Tarjeta Crédito,No cumplió expectativas,394.87,19.9
V04073,2024-08-27,Ensenada,Ensenada-Centro,Alimentos,Carnes Frías,Comercial Baja,Vendedor_17,14,4234.77,0,4234.77,59286.78,Efectivo,No,2957.25,19.7
V04074,2024-04-18,Ensenada,Ensenada-Maneadero,Farmacia,Anteojos,Mayoreo TJ,Vendedor_22,16,3313.81,10,2982.43,47718.88,Vale Despensa,Duplicado,1539.85,51.1
V04075,2024-04-10,Tijuana,Tijuana-Otay,Ferretería,Pinturas,Surtimax,Vendedor_17,4,7522.22,15,6393.89,25575.56,Efectivo,No,5107.02,48.1
V04076,2024-09-12,Tijuana,Tijuana-Garita,Alimentos,Cereales,Abastos del Pacífico,Vendedor_17,12,412.85,5,392.21,4706.52,Tarjeta Débito,No,238.45,15.6
V04077,2025-03-15,Ensenada,Ensenada-Centro,Ferretería,Pinturas,Distribuidora BC,Vendedor_13,11,6800.44,5,6460.42,71064.62,Transferencia,Duplicado,4449.1,30.8
V04078,2024-10-08,Mexicali,Mexicali-Baja,Electrónica,Cables,Comercial Baja,Vendedor_03,15,4509.79,0,4509.79,67646.85,Vale Despensa,No,2115.89,39.6
V04079,2024-12-22,Rosarito,Rosarito-Principal,Alimentos,Condimentos,Proveedor Norte SA,Vendedor_21,2,5372.48,25,4029.36,8058.72,Tarjeta Crédito,Talla incorrecta,3054.69,54.7
V04080,2024-03-21,San Quintín,San Quintín-Central,Ropa,Vestidos,Mayoreo TJ,Vendedor_10,4,7535.66,5,7158.88,28635.52,Efectivo,Cambio de opinión,4956.6,27.0
V04081,2024-10-30,Mexicali,Mexicali-Centro,Alimentos,Panadería,Surtimax,Vendedor_19,18,2507.61,25,1880.71,33852.78,Transferencia,No cumplió expectativas,1267.01,38.2
V04082,2024-10-10,Tijuana,Tijuana-Garita,Electrónica,Cámaras,Proveedor Norte SA,Vendedor_02,8,3387.36,5,3217.99,25743.92,Tarjeta Crédito,No,1612.38,29.6
V04083,2025-02-03,San Quintín,San Quintín-Central,Ropa,Camisas,Comercial Baja,Vendedor_01,13,1755.09,25,1316.32,17112.16,Transferencia,Talla incorrecta,1098.18,19.3
V04084,2024-05-18,San Quintín,San Quintín-Central,Ferretería,Electricidad,Comercial Baja,Vendedor_05,18,6845.7,10,6161.13,110900.34,Vale Despensa,Defecto de fábrica,3610.29,35.9
V04085,2024-10-14,Tijuana,Tijuana-Zona Río,Electrónica,Cables,Logística Frontera,Vendedor_02,8,4614.04,0,4614.04,36912.32,Tarjeta Crédito,Cambio de opinión,2502.98,20.7
V04086,2025-02-23,Ensenada,Ensenada-Maneadero,Hogar,Cobijas,Abastos del Pacífico,Vendedor_05,19,709.39,5,673.92,12804.48,Efectivo,Duplicado,444.64,38.3
V04087,2025-05-03,Tecate,Tecate-Centro,Farmacia,Primeros Auxilios,Importaciones Mex,Vendedor_03,4,4694.5,10,4225.05,16900.2,Vale Despensa,No cumplió expectativas,2146.06,32.6
V04088,2024-04-12,San Quintín,San Quintín-Central,Hogar,Almohadas,Surtimax,Vendedor_26,5,1980.13,25,1485.1,7425.5,Vale Despensa,No,1176.18,48.7
V04089,2024-02-10,Rosarito,Rosarito-Principal,Farmacia,Medicamentos,Comercial Baja,Vendedor_03,16,6463.15,10,5816.84,93069.44,Tarjeta Débito,No,4252.27,27.7
V04090,2025-02-08,Ensenada,Ensenada-Maneadero,Farmacia,Primeros Auxilios,Abastos del Pacífico,Vendedor_15,11,851.66,20,681.33,7494.63,Efectivo,No,454.61,45.9
V04091,2024-04-17,Tijuana,Tijuana-Garita,Electrónica,Celulares,Proveedor Norte SA,Vendedor_23,1,359.9,25,269.92,269.92,Tarjeta Crédito,No,218.28,45.7
V04092,2024-07-05,Mexicali,Mexicali-Baja,Ferretería,Selladores,Surtimax,Vendedor_05,14,3949.74,0,3949.74,55296.36,Tarjeta Crédito,No,2232.02,18.1
V04093,2024-02-18,Tijuana,Tijuana-Otay,Ropa,Ropa Interior,Abastos del Pacífico,Vendedor_03,18,6980.44,10,6282.4,113083.2,Vale Despensa,No,3893.54,45.4
V04094,2025-05-22,San Quintín,San Quintín-Central,Electrónica,Audífonos,Surtimax,Vendedor_07,6,1673.03,0,1673.03,10038.18,Tarjeta Débito,No,1098.42,20.0
V04095,2024-01-15,San Quintín,San Quintín-Central,Electrónica,Tabletas,Proveedor Norte SA,Vendedor_02,1,1791.04,5,1701.49,1701.49,Tarjeta Débito,Cambio de opinión,1025.37,47.5
V04096,2024-11-07,Tecate,Tecate-Centro,Ferretería,Electricidad,Surtimax,Vendedor_14,4,6677.96,0,6677.96,26711.84,Tarjeta Crédito,Defecto de fábrica,4233.46,20.9
V04097,2024-11-28,Ensenada,Ensenada-Maneadero,Ferretería,Brochas,Proveedor Norte SA,Vendedor_05,20,346.34,0,346.34,6926.8,Transferencia,No,219.53,37.5
V04098,2024-04-24,Ensenada,Ensenada-Maneadero,Ropa,Calcetines,Importaciones Mex,Vendedor_25,20,4856.85,0,4856.85,97137.0,Vale Despensa,No,2695.52,25.7
V04099,2025-02-26,Rosarito,Rosarito-Principal,Hogar,Cobijas,Abastos del Pacífico,Vendedor_15,3,3298.13,20,2638.5,7915.5,Transferencia,Duplicado,2214.25,33.2
V04100,2025-01-28,San Quintín,San Quintín-Central,Alimentos,Lácteos,Distribuidora BC,Vendedor_12,6,4801.93,10,4321.74,25930.44,Tarjeta Crédito,No,3009.99,40.3
V04101,2024-12-01,Tecate,Tecate-Centro,Farmacia,Primeros Auxilios,Comercial Baja,Vendedor_25,9,815.5,0,815.5,7339.5,Transferencia,No cumplió expectativas,374.2,16.5
V04102,2024-09-28,Rosarito,Rosarito-Principal,Alimentos,Conservas,Distribuidora BC,Vendedor_18,6,375.48,20,300.38,1802.28,Vale Despensa,Cambio de opinión,218.99,47.8
V04103,2024-04-25,Tecate,Tecate-Centro,Ferretería,Adhesivos,Importaciones Mex,Vendedor_17,8,6918.36,0,6918.36,55346.88,Transferencia,No,3220.9,51.8
V04104,2024-11-13,San Quintín,San Quintín-Central,Alimentos,Lácteos,Mayoreo TJ,Vendedor_18,9,224.51,5,213.28,1919.52,Efectivo,Duplicado,153.54,27.4
V04105,2025-01-01,Ensenada,Ensenada-Maneadero,Ropa,Chamarras,Mayoreo TJ,Vendedor_07,7,3824.31,20,3059.45,21416.15,Transferencia,No,2355.01,34.3
V04106,2024-11-13,Mexicali,Mexicali-Centro,Electrónica,Televisores,Logística Frontera,Vendedor_26,10,1973.09,15,1677.13,16771.3,Tarjeta Débito,No,1363.5,22.1
V04107,2025-03-04,Tijuana,Tijuana-Garita,Ferretería,Adhesivos,Comercial Baja,Vendedor_15,18,2402.53,20,1922.02,34596.36,Tarjeta Débito,Talla incorrecta,1115.52,51.1
V04108,2025-04-01,Rosarito,Rosarito-Principal,Ferretería,Pinturas,Distribuidora BC,Vendedor_15,13,5575.91,10,5018.32,65238.16,Efectivo,No,3340.94,29.9
V04109,2025-05-09,Tijuana,Tijuana-Garita,Ropa,Ropa Interior,Mayoreo TJ,Vendedor_03,11,3261.55,0,3261.55,35877.05,Efectivo,No,2266.21,44.0
V04110,2024-01-24,Rosarito,Rosarito-Principal,Ropa,Camisas,Proveedor Norte SA,Vendedor_25,12,2804.27,15,2383.63,28603.56,Tarjeta Crédito,Defecto de fábrica,1470.71,17.9
V04111,2024-06-09,Tecate,Tecate-Centro,Farmacia,Cuidado Personal,Surtimax,Vendedor_14,15,378.04,15,321.33,4819.95,Tarjeta Débito,No,245.91,51.2
V04112,2024-08-05,Mexicali,Mexicali-Centro,Ropa,Pantalones,Proveedor Norte SA,Vendedor_11,18,3635.46,0,3635.46,65438.28,Tarjeta Débito,No,2053.57,19.7
V04113,2024-07-08,Mexicali,Mexicali-Nueva,Hogar,Almohadas,Importaciones Mex,Vendedor_05,15,5634.15,0,5634.15,84512.25,Tarjeta Crédito,Defecto de fábrica,3266.98,39.3
V04114,2025-03-06,Mexicali,Mexicali-Centro,Farmacia,Termómetros,Comercial Baja,Vendedor_20,12,7134.78,25,5351.09,64213.08,Tarjeta Crédito,No,4879.33,30.5
V04115,2024-10-16,Rosarito,Rosarito-Principal,Ropa,Vestidos,Abastos del Pacífico,Vendedor_21,17,2254.42,10,2028.98,34492.66,Vale Despensa,No cumplió expectativas,1355.09,53.9
V04116,2024-12-18,San Quintín,San Quintín-Central,Hogar,Cortinas,Surtimax,Vendedor_22,14,2904.07,10,2613.66,36591.24,Transferencia,No,1705.52,30.8
V04117,2024-09-04,Ensenada,Ensenada-Maneadero,Electrónica,Celulares,Abastos del Pacífico,Vendedor_18,19,2252.45,25,1689.34,32097.46,Tarjeta Débito,Cambio de opinión,1490.82,39.7
V04118,2025-05-17,Rosarito,Rosarito-Principal,Electrónica,Cables,Surtimax,Vendedor_04,17,2799.68,0,2799.68,47594.56,Efectivo,Duplicado,1645.35,34.2
V04119,2025-03-27,Tecate,Tecate-Centro,Alimentos,Bebidas,Comercial Baja,Vendedor_14,16,2226.23,25,1669.67,26714.72,Tarjeta Débito,Cambio de opinión,1326.94,41.4
V04120,2025-05-24,Tijuana,Tijuana-Garita,Ropa,Pantalones,Abastos del Pacífico,Vendedor_02,6,4214.8,25,3161.1,18966.6,Transferencia,No,2599.86,35.2
V04121,2024-12-04,Rosarito,Rosarito-Principal,Hogar,Utensilios,Surtimax,Vendedor_16,1,5856.89,0,5856.89,5856.89,Vale Despensa,Defecto de fábrica,4052.83,31.1
V04122,2024-04-04,Mexicali,Mexicali-Centro,Hogar,Cojines,Abastos del Pacífico,Vendedor_28,11,2131.84,20,1705.47,18760.17,Tarjeta Crédito,No,1370.72,28.8
V04123,2024-05-08,Tijuana,Tijuana-Otay,Electrónica,Audífonos,Comercial Baja,Vendedor_20,17,7142.74,5,6785.6,115355.2,Efectivo,No,4163.59,48.2
V04124,2025-02-23,Tecate,Tecate-Centro,Alimentos,Bebidas,Distribuidora BC,Vendedor_16,14,7369.77,10,6632.79,92859.06,Efectivo,Defecto de fábrica,4790.1,44.5
V04125,2025-01-13,Rosarito,Rosarito-Principal,Ferretería,Selladores,Mayoreo TJ,Vendedor_13,11,3731.75,0,3731.75,41049.25,Tarjeta Crédito,No cumplió expectativas,1751.91,20.3
V04126,2025-04-08,Tecate,Tecate-Centro,Alimentos,Lácteos,Surtimax,Vendedor_04,16,5521.82,15,4693.55,75096.8,Transferencia,Duplicado,3234.4,20.6
V04127,2024-02-21,Mexicali,Mexicali-Centro,Hogar,Lámparas,Mayoreo TJ,Vendedor_03,17,706.21,0,706.21,12005.57,Tarjeta Crédito,Defecto de fábrica,423.86,17.1
V04128,2025-04-02,San Quintín,San Quintín-Central,Hogar,Decoración,Importaciones Mex,Vendedor_10,12,6533.55,15,5553.52,66642.24,Tarjeta Débito,No,3184.58,22.2
V04129,2024-09-03,Rosarito,Rosarito-Principal,Ropa,Vestidos,Abastos del Pacífico,Vendedor_19,18,7954.29,0,7954.29,143177.22,Tarjeta Crédito,No,4819.66,25.0
V04130,2024-05-21,Rosarito,Rosarito-Principal,Ferretería,Electricidad,Comercial Baja,Vendedor_29,7,3150.84,25,2363.13,16541.91,Tarjeta Crédito,No,1819.98,45.3
V04131,2024-02-24,Tecate,Tecate-Centro,Hogar,Lámparas,Logística Frontera,Vendedor_30,15,7210.65,5,6850.12,102751.8,Tarjeta Crédito,No cumplió expectativas,3952.11,39.4
V04132,2024-01-29,Ensenada,Ensenada-Maneadero,Ferretería,Herramientas,Logística Frontera,Vendedor_15,13,4835.09,20,3868.07,50284.91,Vale Despensa,No,2415.66,17.2
V04133,2025-05-26,Tecate,Tecate-Centro,Hogar,Utensilios,Logística Frontera,Vendedor_09,17,3273.59,15,2782.55,47303.35,Tarjeta Crédito,No cumplió expectativas,1791.34,53.4
V04134,2024-06-25,Mexicali,Mexicali-Centro,Ropa,Chamarras,Logística Frontera,Vendedor_19,19,6383.69,0,6383.69,121290.11,Tarjeta Débito,No,3966.63,48.1
V04135,2024-03-16,Rosarito,Rosarito-Principal,Farmacia,Vitaminas,Distribuidora BC,Vendedor_05,6,1188.75,0,1188.75,7132.5,Vale Despensa,No,640.13,23.4
V04136,2024-12-05,Rosarito,Rosarito-Principal,Electrónica,Cargadores,Importaciones Mex,Vendedor_16,13,2360.71,0,2360.71,30689.23,Efectivo,No cumplió expectativas,1063.04,36.5
V04137,2024-07-29,Tecate,Tecate-Centro,Hogar,Decoración,Mayoreo TJ,Vendedor_24,2,664.59,0,664.59,1329.18,Transferencia,No cumplió expectativas,303.48,24.7
V04138,2024-11-13,Tecate,Tecate-Centro,Ropa,Vestidos,Logística Frontera,Vendedor_21,18,3437.93,10,3094.14,55694.52,Tarjeta Débito,No,1613.79,17.5
V04139,2024-09-05,Mexicali,Mexicali-Centro,Ropa,Zapatos,Abastos del Pacífico,Vendedor_29,9,4380.83,15,3723.71,33513.39,Transferencia,No,2229.97,44.9
V04140,2024-12-15,Rosarito,Rosarito-Principal,Ferretería,Tornillería,Abastos del Pacífico,Vendedor_18,9,663.41,20,530.73,4776.57,Tarjeta Débito,No,321.52,23.2
V04141,2025-05-28,Mexicali,Mexicali-Nueva,Farmacia,Vitaminas,Importaciones Mex,Vendedor_24,17,1236.59,15,1051.1,17868.7,Vale Despensa,No,608.53,23.2
V04142,2024-01-22,Tecate,Tecate-Centro,Alimentos,Bebidas,Comercial Baja,Vendedor_29,15,1064.47,15,904.8,13572.0,Efectivo,No,600.7,48.3
V04143,2025-04-25,San Quintín,San Quintín-Central,Alimentos,Panadería,Comercial Baja,Vendedor_03,10,7186.27,15,6108.33,61083.3,Efectivo,No,3648.03,19.4
V04144,2024-11-01,San Quintín,San Quintín-Central,Ferretería,Brochas,Abastos del Pacífico,Vendedor_26,5,1726.58,0,1726.58,8632.9,Tarjeta Crédito,No cumplió expectativas,913.92,44.0
V04145,2024-08-06,Tecate,Tecate-Centro,Ferretería,Electricidad,Proveedor Norte SA,Vendedor_26,12,7732.89,10,6959.6,83515.2,Vale Despensa,Talla incorrecta,3507.95,49.3
V04146,2025-04-29,Rosarito,Rosarito-Principal,Ferretería,Brochas,Proveedor Norte SA,Vendedor_27,6,1125.17,5,1068.91,6413.46,Tarjeta Débito,No,644.41,17.8
V04147,2024-08-28,Mexicali,Mexicali-Baja,Alimentos,Lácteos,Comercial Baja,Vendedor_27,6,928.02,0,928.02,5568.12,Tarjeta Débito,No,633.22,35.7
V04148,2025-05-20,Rosarito,Rosarito-Principal,Hogar,Cojines,Abastos del Pacífico,Vendedor_21,10,3505.86,20,2804.69,28046.9,Vale Despensa,Defecto de fábrica,2300.13,38.2
V04149,2024-08-13,Rosarito,Rosarito-Principal,Farmacia,Vitaminas,Surtimax,Vendedor_14,9,4527.44,20,3621.95,32597.55,Tarjeta Débito,Duplicado,2251.16,28.3
V04150,2024-02-15,Tijuana,Tijuana-Otay,Electrónica,Laptops,Proveedor Norte SA,Vendedor_18,1,6903.24,25,5177.43,5177.43,Tarjeta Débito,Defecto de fábrica,3415.0,54.5
V04151,2025-01-02,Ensenada,Ensenada-Centro,Ropa,Vestidos,Proveedor Norte SA,Vendedor_17,19,387.99,5,368.59,7003.21,Vale Despensa,No,225.84,26.7
V04152,2024-10-19,Tecate,Tecate-Centro,Hogar,Lámparas,Mayoreo TJ,Vendedor_09,3,6694.58,0,6694.58,20083.74,Transferencia,No,4392.38,50.9
V04153,2025-03-04,Rosarito,Rosarito-Principal,Electrónica,Cámaras,Proveedor Norte SA,Vendedor_24,13,1572.06,0,1572.06,20436.78,Transferencia,No,909.79,40.2
V04154,2024-07-20,Rosarito,Rosarito-Principal,Hogar,Almohadas,Abastos del Pacífico,Vendedor_01,15,6241.79,0,6241.79,93626.85,Tarjeta Débito,Talla incorrecta,4102.65,28.9
V04155,2025-04-19,Mexicali,Mexicali-Nueva,Alimentos,Conservas,Surtimax,Vendedor_05,5,174.1,5,165.39,826.95,Tarjeta Crédito,Defecto de fábrica,118.17,41.4
V04156,2025-03-01,Tecate,Tecate-Centro,Farmacia,Bebés,Comercial Baja,Vendedor_13,13,3478.6,10,3130.74,40699.62,Tarjeta Crédito,No,1923.44,49.3
V04157,2024-04-22,Tijuana,Tijuana-Playas,Ropa,Chamarras,Comercial Baja,Vendedor_09,1,116.45,0,116.45,116.45,Tarjeta Débito,Duplicado,65.43,25.8
V04158,2024-07-03,San Quintín,San Quintín-Central,Electrónica,Cámaras,Surtimax,Vendedor_28,7,1960.0,0,1960.0,13720.0,Vale Despensa,No cumplió expectativas,1220.0,23.9
V04159,2024-10-02,Tecate,Tecate-Centro,Farmacia,Higiene,Proveedor Norte SA,Vendedor_04,8,6973.85,5,6625.16,53001.28,Tarjeta Crédito,No,3619.33,33.8
V04160,2024-02-13,Tecate,Tecate-Centro,Hogar,Almohadas,Proveedor Norte SA,Vendedor_01,3,7989.58,20,6391.66,19174.98,Tarjeta Crédito,Defecto de fábrica,4790.66,49.1
V04161,2024-09-01,Tijuana,Tijuana-Zona Río,Hogar,Cobijas,Importaciones Mex,Vendedor_21,16,5170.76,10,4653.68,74458.88,Tarjeta Débito,No,3564.03,35.3
V04162,2024-03-29,Rosarito,Rosarito-Principal,Alimentos,Snacks,Surtimax,Vendedor_21,8,1070.74,20,856.59,6852.72,Tarjeta Crédito,No,662.81,16.9
V04163,2024-12-02,Tijuana,Tijuana-Zona Río,Hogar,Decoración,Importaciones Mex,Vendedor_04,15,4011.3,15,3409.61,51144.15,Vale Despensa,Talla incorrecta,2736.68,23.9
V04164,2024-09-19,San Quintín,San Quintín-Central,Ropa,Gorras,Surtimax,Vendedor_01,9,481.05,10,432.94,3896.46,Efectivo,No,296.76,40.2
V04165,2024-11-12,Tijuana,Tijuana-Otay,Ferretería,Adhesivos,Importaciones Mex,Vendedor_06,4,5733.53,10,5160.18,20640.72,Transferencia,No cumplió expectativas,3640.58,54.6
V04166,2024-08-22,Tecate,Tecate-Centro,Electrónica,Cámaras,Proveedor Norte SA,Vendedor_03,8,6901.31,25,5175.98,41407.84,Efectivo,No,3834.08,22.7
V04167,2024-08-26,Tijuana,Tijuana-Playas,Alimentos,Condimentos,Proveedor Norte SA,Vendedor_18,19,709.21,25,531.91,10106.29,Tarjeta Débito,Talla incorrecta,474.89,21.6
V04168,2024-01-23,San Quintín,San Quintín-Central,Hogar,Decoración,Distribuidora BC,Vendedor_17,14,3376.28,0,3376.28,47267.92,Transferencia,Cambio de opinión,2039.47,30.5
V04169,2024-07-10,Rosarito,Rosarito-Principal,Hogar,Almohadas,Mayoreo TJ,Vendedor_28,3,6917.67,0,6917.67,20753.01,Efectivo,No,4334.17,54.5
V04170,2025-05-19,Ensenada,Ensenada-Maneadero,Alimentos,Carnes Frías,Importaciones Mex,Vendedor_07,1,2920.31,5,2774.29,2774.29,Transferencia,No,1458.86,53.3
V04171,2025-02-17,Rosarito,Rosarito-Principal,Ferretería,Selladores,Comercial Baja,Vendedor_11,17,7908.51,0,7908.51,134444.67,Transferencia,Talla incorrecta,4637.3,23.7
V04172,2024-01-30,Ensenada,Ensenada-Maneadero,Ferretería,Selladores,Mayoreo TJ,Vendedor_11,6,7493.51,0,7493.51,44961.06,Tarjeta Crédito,No,4362.55,24.6
V04173,2025-02-19,Tijuana,Tijuana-Otay,Alimentos,Snacks,Logística Frontera,Vendedor_24,12,5327.73,25,3995.8,47949.6,Tarjeta Crédito,Duplicado,3219.42,43.8
V04174,2024-09-02,Tijuana,Tijuana-Zona Río,Ferretería,Adhesivos,Mayoreo TJ,Vendedor_15,18,6750.36,10,6075.32,109355.76,Tarjeta Débito,Talla incorrecta,4616.88,48.8
V04175,2025-05-28,Tecate,Tecate-Centro,Alimentos,Snacks,Distribuidora BC,Vendedor_13,5,3998.77,5,3798.83,18994.15,Transferencia,Talla incorrecta,1885.45,54.0
V04176,2024-02-24,Tecate,Tecate-Centro,Electrónica,Televisores,Importaciones Mex,Vendedor_14,6,1845.96,0,1845.96,11075.76,Efectivo,No,1060.55,27.8
V04177,2024-03-04,Ensenada,Ensenada-Centro,Hogar,Lámparas,Proveedor Norte SA,Vendedor_29,1,4040.66,0,4040.66,4040.66,Efectivo,Defecto de fábrica,2048.27,17.4
V04178,2024-01-09,San Quintín,San Quintín-Central,Farmacia,Vitaminas,Distribuidora BC,Vendedor_24,9,2246.48,0,2246.48,20218.32,Tarjeta Débito,Talla incorrecta,1479.68,45.8
V04179,2024-06-02,Rosarito,Rosarito-Principal,Electrónica,Cargadores,Comercial Baja,Vendedor_05,19,5300.98,0,5300.98,100718.62,Tarjeta Crédito,No,2767.89,40.8
V04180,2024-04-11,San Quintín,San Quintín-Central,Alimentos,Conservas,Importaciones Mex,Vendedor_07,14,3050.47,10,2745.42,38435.88,Transferencia,No,2092.63,39.8
V04181,2025-04-17,Tecate,Tecate-Centro,Hogar,Muebles,Mayoreo TJ,Vendedor_23,10,7447.27,0,7447.27,74472.7,Vale Despensa,Talla incorrecta,4754.86,49.6
V04182,2025-03-08,Mexicali,Mexicali-Centro,Ferretería,Tornillería,Comercial Baja,Vendedor_18,12,6750.4,20,5400.32,64803.84,Vale Despensa,Talla incorrecta,3676.61,50.5
V04183,2024-06-10,Mexicali,Mexicali-Baja,Hogar,Almohadas,Comercial Baja,Vendedor_22,13,5483.89,0,5483.89,71290.57,Efectivo,No,3393.25,35.1
V04184,2025-03-10,San Quintín,San Quintín-Central,Farmacia,Anteojos,Comercial Baja,Vendedor_15,18,2872.95,10,2585.65,46541.7,Tarjeta Crédito,No,1724.1,51.4
V04185,2025-04-18,Tecate,Tecate-Centro,Hogar,Cojines,Proveedor Norte SA,Vendedor_24,2,5550.33,0,5550.33,11100.66,Transferencia,No,3225.41,22.7
V04186,2024-09-01,San Quintín,San Quintín-Central,Hogar,Cojines,Comercial Baja,Vendedor_25,19,6711.01,5,6375.46,121133.74,Tarjeta Crédito,Cambio de opinión,4179.64,52.1
V04187,2025-04-04,San Quintín,San Quintín-Central,Hogar,Cortinas,Comercial Baja,Vendedor_08,11,4521.0,20,3616.8,39784.8,Vale Despensa,Defecto de fábrica,3056.99,29.7
V04188,2024-05-18,Tecate,Tecate-Centro,Farmacia,Bebés,Importaciones Mex,Vendedor_07,7,1285.51,25,964.13,6748.91,Efectivo,Talla incorrecta,783.58,35.6
V04189,2024-12-20,Tecate,Tecate-Centro,Farmacia,Medicamentos,Comercial Baja,Vendedor_13,19,7865.93,0,7865.93,149452.67,Vale Despensa,No,5027.51,17.2
V04190,2024-01-11,Rosarito,Rosarito-Principal,Hogar,Muebles,Mayoreo TJ,Vendedor_07,20,3537.17,0,3537.17,70743.4,Efectivo,No,1897.51,26.3
V04191,2025-04-10,Ensenada,Ensenada-Maneadero,Ferretería,Pinturas,Logística Frontera,Vendedor_18,10,4525.54,25,3394.15,33941.5,Transferencia,Defecto de fábrica,2588.6,19.5
V04192,2024-09-19,Tecate,Tecate-Centro,Alimentos,Conservas,Abastos del Pacífico,Vendedor_12,8,6638.37,20,5310.7,42485.6,Efectivo,Duplicado,4596.94,25.0
V04193,2024-01-12,Tecate,Tecate-Centro,Farmacia,Anteojos,Abastos del Pacífico,Vendedor_06,9,7713.4,0,7713.4,69420.6,Vale Despensa,No,4752.86,17.3
V04194,2025-04-04,San Quintín,San Quintín-Central,Ropa,Pantalones,Distribuidora BC,Vendedor_22,14,3008.87,20,2407.1,33699.4,Vale Despensa,Defecto de fábrica,1411.63,33.6
V04195,2025-05-02,Tecate,Tecate-Centro,Electrónica,Audífonos,Proveedor Norte SA,Vendedor_05,2,6298.98,0,6298.98,12597.96,Tarjeta Débito,Talla incorrecta,2958.58,19.2
V04196,2024-04-21,Rosarito,Rosarito-Principal,Electrónica,Cargadores,Comercial Baja,Vendedor_08,13,327.83,10,295.05,3835.65,Tarjeta Crédito,Talla incorrecta,154.89,54.1
V04197,2024-11-03,San Quintín,San Quintín-Central,Electrónica,Audífonos,Distribuidora BC,Vendedor_26,12,3291.26,15,2797.57,33570.84,Tarjeta Débito,No,2269.6,49.4
V04198,2024-03-30,Ensenada,Ensenada-Maneadero,Ferretería,Pinturas,Abastos del Pacífico,Vendedor_13,20,3349.49,10,3014.54,60290.8,Tarjeta Débito,No,1526.95,22.9
V04199,2024-01-20,Mexicali,Mexicali-Centro,Ferretería,Selladores,Comercial Baja,Vendedor_30,11,5734.12,20,4587.3,50460.3,Tarjeta Crédito,Defecto de fábrica,2955.81,28.0
V04200,2024-09-22,Ensenada,Ensenada-Centro,Electrónica,Laptops,Proveedor Norte SA,Vendedor_26,13,3335.11,5,3168.35,41188.55,Transferencia,No,2043.83,39.5
V04201,2024-03-07,San Quintín,San Quintín-Central,Hogar,Lámparas,Surtimax,Vendedor_05,9,6586.96,5,6257.61,56318.49,Tarjeta Crédito,Cambio de opinión,4525.61,26.0
V04202,2024-12-20,Tecate,Tecate-Centro,Ferretería,Pinturas,Proveedor Norte SA,Vendedor_22,7,5496.36,15,4671.91,32703.37,Tarjeta Crédito,Defecto de fábrica,2743.14,29.0
V04203,2024-06-06,Tijuana,Tijuana-Zona Río,Alimentos,Snacks,Logística Frontera,Vendedor_21,7,7582.78,20,6066.22,42463.54,Transferencia,No,4102.27,46.2
V04204,2024-04-16,Mexicali,Mexicali-Centro,Hogar,Lámparas,Abastos del Pacífico,Vendedor_25,20,440.86,10,396.77,7935.4,Tarjeta Crédito,No cumplió expectativas,306.31,24.4
V04205,2024-06-11,Rosarito,Rosarito-Principal,Hogar,Muebles,Surtimax,Vendedor_02,19,5876.43,0,5876.43,111652.17,Vale Despensa,Defecto de fábrica,2784.05,30.3
V04206,2024-11-21,Mexicali,Mexicali-Centro,Ferretería,Tornillería,Importaciones Mex,Vendedor_05,5,5287.58,20,4230.06,21150.3,Vale Despensa,No,2945.84,34.6
V04207,2024-08-04,Tijuana,Tijuana-Garita,Farmacia,Higiene,Proveedor Norte SA,Vendedor_14,5,5680.87,0,5680.87,28404.35,Tarjeta Débito,Defecto de fábrica,3793.35,45.3
V04208,2025-05-20,Tijuana,Tijuana-Zona Río,Ropa,Vestidos,Distribuidora BC,Vendedor_16,14,2182.62,0,2182.62,30556.68,Transferencia,No,1200.43,42.3
V04209,2025-04-28,Rosarito,Rosarito-Principal,Electrónica,Cámaras,Mayoreo TJ,Vendedor_08,4,4980.35,0,4980.35,19921.4,Tarjeta Débito,No cumplió expectativas,3418.92,43.1
V04210,2024-09-10,Rosarito,Rosarito-Principal,Ropa,Zapatos,Abastos del Pacífico,Vendedor_06,12,2922.94,0,2922.94,35075.28,Vale Despensa,No,1942.48,43.8
V04211,2024-09-16,San Quintín,San Quintín-Central,Alimentos,Snacks,Logística Frontera,Vendedor_26,19,6182.81,0,6182.81,117473.39,Transferencia,Talla incorrecta,3810.35,18.6
V04212,2024-10-19,Tecate,Tecate-Centro,Ferretería,Tornillería,Mayoreo TJ,Vendedor_27,10,666.28,0,666.28,6662.8,Efectivo,No,366.48,30.0
V04213,2024-08-24,Rosarito,Rosarito-Principal,Electrónica,Tabletas,Mayoreo TJ,Vendedor_07,15,4209.32,10,3788.39,56825.85,Tarjeta Débito,No cumplió expectativas,2902.33,25.1
V04214,2024-12-14,Tecate,Tecate-Centro,Hogar,Cojines,Distribuidora BC,Vendedor_10,6,3172.31,0,3172.31,19033.86,Tarjeta Crédito,Cambio de opinión,2219.99,52.4
V04215,2025-04-21,Tecate,Tecate-Centro,Hogar,Decoración,Distribuidora BC,Vendedor_15,9,4907.65,10,4416.89,39752.01,Transferencia,Cambio de opinión,2591.47,25.9
V04216,2024-11-25,Tijuana,Tijuana-Garita,Alimentos,Condimentos,Surtimax,Vendedor_07,13,4710.45,0,4710.45,61235.85,Tarjeta Débito,No cumplió expectativas,2801.57,40.3
V04217,2025-01-12,Ensenada,Ensenada-Maneadero,Alimentos,Carnes Frías,Proveedor Norte SA,Vendedor_25,4,2258.17,15,1919.44,7677.76,Vale Despensa,No,1384.31,39.1
V04218,2025-04-06,Tecate,Tecate-Centro,Alimentos,Condimentos,Abastos del Pacífico,Vendedor_14,11,1133.51,0,1133.51,12468.61,Tarjeta Débito,Defecto de fábrica,608.21,43.5
V04219,2025-03-30,Tijuana,Tijuana-La Mesa,Ropa,Vestidos,Logística Frontera,Vendedor_20,15,258.91,5,245.96,3689.4,Tarjeta Crédito,Talla incorrecta,151.98,34.0
V04220,2024-08-31,Ensenada,Ensenada-Maneadero,Ferretería,Tornillería,Surtimax,Vendedor_25,6,3465.72,15,2945.86,17675.16,Transferencia,Defecto de fábrica,2035.72,44.1
V04221,2024-01-05,Rosarito,Rosarito-Principal,Ferretería,Tornillería,Mayoreo TJ,Vendedor_06,17,219.58,25,164.69,2799.73,Efectivo,No,130.67,20.2
V04222,2024-07-19,Mexicali,Mexicali-Nueva,Electrónica,Televisores,Logística Frontera,Vendedor_16,5,5191.6,10,4672.44,23362.2,Vale Despensa,No,2442.65,17.0
V04223,2024-11-18,Mexicali,Mexicali-Baja,Ferretería,Tornillería,Proveedor Norte SA,Vendedor_01,6,4720.47,0,4720.47,28322.82,Tarjeta Débito,Talla incorrecta,2324.09,38.9
V04224,2024-06-21,Mexicali,Mexicali-Baja,Hogar,Cojines,Proveedor Norte SA,Vendedor_08,7,2697.02,10,2427.32,16991.24,Tarjeta Débito,No,1780.53,27.0
V04225,2024-08-26,Rosarito,Rosarito-Principal,Farmacia,Termómetros,Distribuidora BC,Vendedor_16,1,3815.17,0,3815.17,3815.17,Efectivo,No,2467.43,17.0
V04226,2024-06-14,Tecate,Tecate-Centro,Ropa,Chamarras,Surtimax,Vendedor_04,19,3080.75,15,2618.64,49754.16,Tarjeta Crédito,Defecto de fábrica,1451.24,22.5
V04227,2024-10-14,San Quintín,San Quintín-Central,Hogar,Muebles,Distribuidora BC,Vendedor_25,10,221.21,25,165.91,1659.1,Transferencia,Talla incorrecta,105.63,54.7
V04228,2025-04-27,Tijuana,Tijuana-Otay,Hogar,Utensilios,Surtimax,Vendedor_20,8,6670.95,25,5003.21,40025.68,Efectivo,No cumplió expectativas,4260.8,20.8
V04229,2024-08-22,Rosarito,Rosarito-Principal,Ferretería,Electricidad,Comercial Baja,Vendedor_18,9,4193.05,5,3983.4,35850.6,Transferencia,No cumplió expectativas,2545.92,18.0
V04230,2024-03-24,Ensenada,Ensenada-Centro,Farmacia,Bebés,Logística Frontera,Vendedor_15,16,5401.61,15,4591.37,73461.92,Transferencia,No,2500.42,33.7
V04231,2025-02-15,Tijuana,Tijuana-Zona Río,Electrónica,Televisores,Surtimax,Vendedor_20,8,1895.83,5,1801.04,14408.32,Tarjeta Débito,Duplicado,907.35,52.3
V04232,2024-11-24,Mexicali,Mexicali-Centro,Alimentos,Snacks,Abastos del Pacífico,Vendedor_14,12,7663.44,0,7663.44,91961.28,Tarjeta Débito,No,5015.77,19.4
V04233,2024-04-22,San Quintín,San Quintín-Central,Farmacia,Cuidado Personal,Surtimax,Vendedor_10,13,4358.66,0,4358.66,56662.58,Tarjeta Débito,Talla incorrecta,2896.61,54.9
V04234,2024-05-31,Tijuana,Tijuana-Zona Río,Ferretería,Adhesivos,Surtimax,Vendedor_22,20,4913.97,0,4913.97,98279.4,Vale Despensa,No,2623.82,34.0
V04235,2024-08-16,Mexicali,Mexicali-Baja,Farmacia,Anteojos,Importaciones Mex,Vendedor_26,9,3413.23,0,3413.23,30719.07,Transferencia,Talla incorrecta,2305.02,15.9
V04236,2024-04-20,San Quintín,San Quintín-Central,Farmacia,Vitaminas,Abastos del Pacífico,Vendedor_08,4,4556.23,0,4556.23,18224.92,Vale Despensa,Defecto de fábrica,2237.82,25.9
V04237,2024-11-17,Ensenada,Ensenada-Centro,Ropa,Calcetines,Distribuidora BC,Vendedor_21,19,2811.29,10,2530.16,48073.04,Vale Despensa,Talla incorrecta,1607.44,41.2
V04238,2024-09-01,Ensenada,Ensenada-Maneadero,Electrónica,Cámaras,Proveedor Norte SA,Vendedor_29,10,4805.01,15,4084.26,40842.6,Tarjeta Débito,No,2486.25,39.1
V04239,2024-02-17,Ensenada,Ensenada-Centro,Electrónica,Audífonos,Distribuidora BC,Vendedor_02,17,4955.3,0,4955.3,84240.1,Efectivo,No,2745.73,28.0
V04240,2025-02-11,Rosarito,Rosarito-Principal,Ferretería,Plomería,Mayoreo TJ,Vendedor_13,3,1546.24,5,1468.93,4406.79,Transferencia,No,807.16,45.5
V04241,2024-01-28,San Quintín,San Quintín-Central,Farmacia,Medicamentos,Logística Frontera,Vendedor_01,11,3603.3,0,3603.3,39636.3,Vale Despensa,No,1725.38,30.0
V04242,2024-04-10,Tijuana,Tijuana-Garita,Ferretería,Pinturas,Surtimax,Vendedor_20,12,3560.82,20,2848.66,34183.92,Tarjeta Débito,Defecto de fábrica,2340.93,16.0
V04243,2024-12-31,Tecate,Tecate-Centro,Ropa,Gorras,Importaciones Mex,Vendedor_20,12,2349.96,10,2114.96,25379.52,Tarjeta Débito,No,1107.47,29.6
V04244,2025-04-18,San Quintín,San Quintín-Central,Hogar,Decoración,Distribuidora BC,Vendedor_26,9,2085.88,5,1981.59,17834.31,Tarjeta Débito,No,1339.64,31.4
V04245,2024-06-29,Rosarito,Rosarito-Principal,Electrónica,Cámaras,Distribuidora BC,Vendedor_20,8,5040.42,20,4032.34,32258.72,Transferencia,Defecto de fábrica,2318.36,47.6
V04246,2024-09-12,Tijuana,Tijuana-La Mesa,Farmacia,Vitaminas,Surtimax,Vendedor_11,5,3740.67,20,2992.54,14962.7,Vale Despensa,No cumplió expectativas,2192.29,18.4
V04247,2024-04-07,San Quintín,San Quintín-Central,Ropa,Gorras,Proveedor Norte SA,Vendedor_15,12,3733.74,0,3733.74,44804.88,Vale Despensa,No,2482.62,27.4
V04248,2024-09-17,Ensenada,Ensenada-Maneadero,Hogar,Almohadas,Surtimax,Vendedor_20,2,6276.36,0,6276.36,12552.72,Transferencia,No cumplió expectativas,4207.82,27.6
V04249,2024-11-04,Tijuana,Tijuana-Otay,Alimentos,Panadería,Surtimax,Vendedor_03,18,2421.16,15,2057.99,37043.82,Vale Despensa,No,1326.16,25.2
V04250,2024-11-06,Rosarito,Rosarito-Principal,Electrónica,Audífonos,Logística Frontera,Vendedor_28,11,273.01,0,273.01,3003.11,Vale Despensa,Cambio de opinión,151.71,41.0
V04251,2024-02-19,Ensenada,Ensenada-Centro,Electrónica,Cables,Abastos del Pacífico,Vendedor_13,7,2827.44,25,2120.58,14844.06,Transferencia,No,1615.93,43.1
V04252,2024-11-24,Ensenada,Ensenada-Maneadero,Ropa,Camisas,Comercial Baja,Vendedor_01,4,7740.54,5,7353.51,29414.04,Transferencia,No,5265.63,28.9
V04253,2025-03-24,Rosarito,Rosarito-Principal,Electrónica,Celulares,Importaciones Mex,Vendedor_14,16,2255.76,0,2255.76,36092.16,Tarjeta Débito,No,1199.67,42.0
V04254,2025-04-15,Rosarito,Rosarito-Principal,Farmacia,Medicamentos,Abastos del Pacífico,Vendedor_14,5,7001.45,0,7001.45,35007.25,Tarjeta Débito,Talla incorrecta,3511.78,51.3
V04255,2025-04-17,San Quintín,San Quintín-Central,Alimentos,Lácteos,Mayoreo TJ,Vendedor_28,3,7234.11,0,7234.11,21702.33,Transferencia,No,3876.24,35.2
V04256,2025-04-08,Mexicali,Mexicali-Centro,Hogar,Lámparas,Distribuidora BC,Vendedor_22,5,1559.8,10,1403.82,7019.1,Vale Despensa,Defecto de fábrica,751.83,23.1
V04257,2024-02-14,Mexicali,Mexicali-Nueva,Farmacia,Medicamentos,Abastos del Pacífico,Vendedor_16,8,459.68,15,390.73,3125.84,Tarjeta Crédito,Cambio de opinión,208.82,33.1
V04258,2025-02-17,Rosarito,Rosarito-Principal,Ropa,Zapatos,Importaciones Mex,Vendedor_11,11,949.88,0,949.88,10448.68,Transferencia,Cambio de opinión,469.65,48.6
V04259,2024-08-30,San Quintín,San Quintín-Central,Alimentos,Carnes Frías,Abastos del Pacífico,Vendedor_10,18,5507.19,10,4956.47,89216.46,Vale Despensa,Duplicado,2685.68,28.8
V04260,2025-01-22,San Quintín,San Quintín-Central,Alimentos,Conservas,Importaciones Mex,Vendedor_21,3,7612.35,25,5709.26,17127.78,Vale Despensa,No,3823.76,16.9
V04261,2024-01-04,Mexicali,Mexicali-Centro,Electrónica,Cables,Mayoreo TJ,Vendedor_28,15,6077.36,0,6077.36,91160.4,Efectivo,Talla incorrecta,3998.63,47.9
V04262,2025-01-11,Ensenada,Ensenada-Maneadero,Hogar,Utensilios,Mayoreo TJ,Vendedor_04,5,7752.7,0,7752.7,38763.5,Vale Despensa,Talla incorrecta,4547.24,53.5
V04263,2024-03-15,San Quintín,San Quintín-Central,Alimentos,Snacks,Logística Frontera,Vendedor_09,16,6846.29,0,6846.29,109540.64,Tarjeta Crédito,No,4158.26,50.3
V04264,2025-04-07,Tecate,Tecate-Centro,Ferretería,Selladores,Distribuidora BC,Vendedor_16,14,1246.81,5,1184.47,16582.58,Efectivo,Talla incorrecta,794.78,16.7
V04265,2024-12-14,Ensenada,Ensenada-Maneadero,Farmacia,Termómetros,Surtimax,Vendedor_28,15,5551.07,0,5551.07,83266.05,Vale Despensa,No,3498.72,21.9
V04266,2024-08-24,Tijuana,Tijuana-Garita,Ropa,Vestidos,Distribuidora BC,Vendedor_13,5,2375.78,0,2375.78,11878.9,Transferencia,No,1253.89,54.5
V04267,2024-03-08,San Quintín,San Quintín-Central,Farmacia,Bebés,Distribuidora BC,Vendedor_11,6,7333.09,25,5499.82,32998.92,Tarjeta Débito,Talla incorrecta,5057.21,39.5
V04268,2025-03-15,Tecate,Tecate-Centro,Ferretería,Plomería,Mayoreo TJ,Vendedor_02,16,5817.21,20,4653.77,74460.32,Efectivo,Cambio de opinión,3676.03,18.7
V04269,2024-09-25,San Quintín,San Quintín-Central,Electrónica,Televisores,Proveedor Norte SA,Vendedor_02,1,668.45,0,668.45,668.45,Tarjeta Crédito,No,331.88,51.9
V04270,2024-04-01,Ensenada,Ensenada-Maneadero,Hogar,Almohadas,Importaciones Mex,Vendedor_18,12,4302.0,20,3441.6,41299.2,Vale Despensa,Defecto de fábrica,2321.27,33.9
V04271,2024-07-06,San Quintín,San Quintín-Central,Ropa,Gorras,Proveedor Norte SA,Vendedor_06,19,6191.53,5,5881.95,111757.05,Tarjeta Crédito,No,4007.83,22.3
V04272,2025-04-18,Ensenada,Ensenada-Centro,Hogar,Almohadas,Abastos del Pacífico,Vendedor_11,12,4808.63,20,3846.9,46162.8,Tarjeta Crédito,No,2420.35,29.1
V04273,2024-06-19,Rosarito,Rosarito-Principal,Ferretería,Pinturas,Surtimax,Vendedor_22,3,2087.68,5,1983.3,5949.9,Tarjeta Débito,Cambio de opinión,1074.72,25.5
V04274,2024-05-03,San Quintín,San Quintín-Central,Electrónica,Cables,Mayoreo TJ,Vendedor_05,15,320.8,10,288.72,4330.8,Tarjeta Débito,No,161.48,43.5
V04275,2024-11-07,San Quintín,San Quintín-Central,Farmacia,Primeros Auxilios,Surtimax,Vendedor_26,18,2263.56,10,2037.2,36669.6,Transferencia,No,1459.04,46.6
V04276,2024-04-30,San Quintín,San Quintín-Central,Alimentos,Conservas,Comercial Baja,Vendedor_05,6,688.99,10,620.09,3720.54,Vale Despensa,No,438.01,18.7
V04277,2024-03-28,Mexicali,Mexicali-Baja,Farmacia,Medicamentos,Importaciones Mex,Vendedor_29,7,3863.21,5,3670.05,25690.35,Vale Despensa,Cambio de opinión,1863.66,31.1
V04278,2024-09-27,Ensenada,Ensenada-Maneadero,Electrónica,Celulares,Mayoreo TJ,Vendedor_29,11,1731.92,15,1472.13,16193.43,Tarjeta Crédito,No,1093.01,46.1
V04279,2024-08-10,Mexicali,Mexicali-Baja,Ropa,Camisas,Comercial Baja,Vendedor_18,15,6601.6,25,4951.2,74268.0,Efectivo,Defecto de fábrica,3368.79,39.5
V04280,2025-05-05,San Quintín,San Quintín-Central,Alimentos,Cereales,Importaciones Mex,Vendedor_19,2,4496.5,0,4496.5,8993.0,Efectivo,No,2941.54,18.5
V04281,2024-08-03,San Quintín,San Quintín-Central,Ferretería,Tornillería,Proveedor Norte SA,Vendedor_15,17,4160.13,0,4160.13,70722.21,Tarjeta Débito,No,2519.38,27.1
V04282,2024-05-01,San Quintín,San Quintín-Central,Alimentos,Snacks,Distribuidora BC,Vendedor_22,17,2937.81,20,2350.25,39954.25,Efectivo,No,1516.73,20.3
V04283,2024-06-14,Rosarito,Rosarito-Principal,Hogar,Almohadas,Mayoreo TJ,Vendedor_10,13,1330.27,25,997.7,12970.1,Tarjeta Débito,No,870.67,48.1
V04284,2024-10-01,Ensenada,Ensenada-Maneadero,Alimentos,Cereales,Comercial Baja,Vendedor_11,3,6954.56,15,5911.38,17734.14,Tarjeta Débito,No,4260.01,17.8
V04285,2024-11-28,Ensenada,Ensenada-Maneadero,Farmacia,Cuidado Personal,Surtimax,Vendedor_26,11,1990.69,10,1791.62,19707.82,Efectivo,Cambio de opinión,940.23,41.2
V04286,2024-05-11,Mexicali,Mexicali-Centro,Ferretería,Electricidad,Surtimax,Vendedor_29,3,4500.75,5,4275.71,12827.13,Vale Despensa,Defecto de fábrica,2301.06,37.1
V04287,2024-02-10,Rosarito,Rosarito-Principal,Electrónica,Celulares,Logística Frontera,Vendedor_29,5,5247.1,0,5247.1,26235.5,Efectivo,No cumplió expectativas,3422.96,32.1
V04288,2024-06-11,Rosarito,Rosarito-Principal,Electrónica,Cables,Mayoreo TJ,Vendedor_13,18,6972.8,5,6624.16,119234.88,Transferencia,No,3919.35,17.4
V04289,2025-02-23,Tijuana,Tijuana-Garita,Ferretería,Brochas,Surtimax,Vendedor_22,10,3927.52,15,3338.39,33383.9,Vale Despensa,No cumplió expectativas,2111.08,15.7
V04290,2024-05-01,Tijuana,Tijuana-Otay,Electrónica,Tabletas,Surtimax,Vendedor_08,2,2945.74,5,2798.45,5596.9,Tarjeta Crédito,No cumplió expectativas,1829.73,22.9
V04291,2025-03-12,San Quintín,San Quintín-Central,Hogar,Almohadas,Surtimax,Vendedor_30,2,4672.81,25,3504.61,7009.22,Transferencia,No,2451.41,15.9
V04292,2024-09-23,San Quintín,San Quintín-Central,Alimentos,Lácteos,Comercial Baja,Vendedor_06,20,1508.65,0,1508.65,30173.0,Efectivo,No,1014.47,28.9
V04293,2024-11-20,Ensenada,Ensenada-Centro,Ropa,Pantalones,Mayoreo TJ,Vendedor_13,12,3203.36,15,2722.86,32674.32,Vale Despensa,Defecto de fábrica,1669.86,29.7
V04294,2025-05-29,Ensenada,Ensenada-Centro,Farmacia,Anteojos,Importaciones Mex,Vendedor_19,5,477.57,0,477.57,2387.85,Tarjeta Débito,Cambio de opinión,309.62,48.1
V04295,2024-07-03,San Quintín,San Quintín-Central,Hogar,Muebles,Surtimax,Vendedor_10,11,828.76,20,663.01,7293.11,Tarjeta Crédito,No,525.07,16.3
V04296,2025-03-18,Mexicali,Mexicali-Nueva,Ropa,Calcetines,Comercial Baja,Vendedor_01,4,870.59,10,783.53,3134.12,Transferencia,Duplicado,530.62,34.9
V04297,2024-07-06,Ensenada,Ensenada-Centro,Electrónica,Televisores,Logística Frontera,Vendedor_26,2,7005.87,15,5954.99,11909.98,Efectivo,No,4705.38,32.7
V04298,2024-09-25,Rosarito,Rosarito-Principal,Ferretería,Brochas,Surtimax,Vendedor_19,2,3815.8,0,3815.8,7631.6,Efectivo,No,2612.25,45.9
V04299,2025-04-02,Tijuana,Tijuana-Playas,Alimentos,Lácteos,Logística Frontera,Vendedor_21,18,7062.12,10,6355.91,114406.38,Efectivo,No,3722.29,45.7
V04300,2024-12-23,Tecate,Tecate-Centro,Alimentos,Snacks,Surtimax,Vendedor_23,16,5455.07,25,4091.3,65460.8,Transferencia,Talla incorrecta,3286.51,48.2
V04301,2025-02-11,Mexicali,Mexicali-Nueva,Electrónica,Tabletas,Logística Frontera,Vendedor_22,3,3676.03,0,3676.03,11028.09,Efectivo,No,1937.41,34.1
V04302,2024-04-12,Tecate,Tecate-Centro,Ropa,Camisas,Distribuidora BC,Vendedor_29,16,6256.54,10,5630.89,90094.24,Tarjeta Crédito,Cambio de opinión,3839.12,47.4
V04303,2025-04-12,Mexicali,Mexicali-Nueva,Alimentos,Lácteos,Distribuidora BC,Vendedor_14,16,3764.78,20,3011.82,48189.12,Tarjeta Crédito,Cambio de opinión,1921.93,32.8
V04304,2024-04-13,Tecate,Tecate-Centro,Hogar,Decoración,Logística Frontera,Vendedor_08,15,6627.16,5,6295.8,94437.0,Transferencia,No,3094.99,54.3
V04305,2024-11-14,Tijuana,Tijuana-Garita,Hogar,Decoración,Comercial Baja,Vendedor_04,5,4721.85,15,4013.57,20067.85,Transferencia,Talla incorrecta,2741.22,27.0
V04306,2024-06-26,Rosarito,Rosarito-Principal,Alimentos,Cereales,Distribuidora BC,Vendedor_01,7,5122.89,10,4610.6,32274.2,Efectivo,No,3396.53,16.1
V04307,2024-03-19,San Quintín,San Quintín-Central,Farmacia,Vitaminas,Distribuidora BC,Vendedor_03,9,6290.33,0,6290.33,56612.97,Tarjeta Débito,Defecto de fábrica,2902.12,18.3
V04308,2025-05-01,Tecate,Tecate-Centro,Hogar,Utensilios,Abastos del Pacífico,Vendedor_04,11,5617.14,0,5617.14,61788.54,Vale Despensa,No,3749.2,26.0
V04309,2024-09-20,Mexicali,Mexicali-Centro,Ferretería,Herramientas,Mayoreo TJ,Vendedor_09,6,1529.48,0,1529.48,9176.88,Transferencia,No,974.86,35.4
V04310,2024-10-02,Tijuana,Tijuana-La Mesa,Electrónica,Celulares,Abastos del Pacífico,Vendedor_23,15,3717.67,15,3160.02,47400.3,Tarjeta Crédito,Duplicado,1824.99,26.0
V04311,2024-04-20,San Quintín,San Quintín-Central,Farmacia,Termómetros,Logística Frontera,Vendedor_13,13,533.01,0,533.01,6929.13,Transferencia,No,298.0,40.0
V04312,2024-08-29,Tijuana,Tijuana-La Mesa,Farmacia,Higiene,Comercial Baja,Vendedor_01,5,4595.11,0,4595.11,22975.55,Vale Despensa,Talla incorrecta,3078.04,52.7
V04313,2024-02-17,Mexicali,Mexicali-Centro,Alimentos,Panadería,Mayoreo TJ,Vendedor_19,12,2835.72,25,2126.79,25521.48,Efectivo,No,1763.96,53.2
V04314,2024-01-02,San Quintín,San Quintín-Central,Hogar,Muebles,Comercial Baja,Vendedor_17,9,7653.18,10,6887.86,61990.74,Tarjeta Débito,No cumplió expectativas,4247.32,20.3
V04315,2024-02-26,Tecate,Tecate-Centro,Ferretería,Electricidad,Logística Frontera,Vendedor_15,15,914.9,10,823.41,12351.15,Tarjeta Crédito,Cambio de opinión,430.45,24.4
V04316,2024-05-12,Tecate,Tecate-Centro,Hogar,Muebles,Mayoreo TJ,Vendedor_01,1,6700.19,20,5360.15,5360.15,Efectivo,Duplicado,3038.18,40.5
V04317,2024-05-22,Rosarito,Rosarito-Principal,Ferretería,Herramientas,Abastos del Pacífico,Vendedor_11,18,3398.9,25,2549.18,45885.24,Tarjeta Crédito,Cambio de opinión,1701.6,39.4
V04318,2024-01-22,Mexicali,Mexicali-Centro,Ropa,Pantalones,Surtimax,Vendedor_27,13,1065.88,0,1065.88,13856.44,Vale Despensa,Duplicado,697.96,45.9
V04319,2024-11-08,Mexicali,Mexicali-Nueva,Ropa,Zapatos,Mayoreo TJ,Vendedor_09,8,1373.03,0,1373.03,10984.24,Efectivo,Cambio de opinión,926.32,50.2
V04320,2024-06-19,Tijuana,Tijuana-Zona Río,Ropa,Pantalones,Importaciones Mex,Vendedor_22,18,2071.61,10,1864.45,33560.1,Tarjeta Débito,No cumplió expectativas,997.95,35.1
V04321,2024-02-16,San Quintín,San Quintín-Central,Hogar,Almohadas,Distribuidora BC,Vendedor_25,3,999.72,25,749.79,2249.37,Vale Despensa,No,549.85,20.9
V04322,2024-03-23,Tijuana,Tijuana-Otay,Farmacia,Cuidado Personal,Surtimax,Vendedor_22,6,3596.44,15,3056.97,18341.82,Tarjeta Crédito,Cambio de opinión,2360.53,25.3
V04323,2025-05-19,Mexicali,Mexicali-Centro,Hogar,Muebles,Logística Frontera,Vendedor_06,17,5729.62,10,5156.66,87663.22,Tarjeta Débito,Cambio de opinión,3520.32,39.5
V04324,2024-08-05,Tecate,Tecate-Centro,Electrónica,Tabletas,Logística Frontera,Vendedor_28,2,3958.36,15,3364.61,6729.22,Tarjeta Débito,No,1924.81,17.0
V04325,2025-04-10,Tijuana,Tijuana-La Mesa,Farmacia,Medicamentos,Importaciones Mex,Vendedor_14,1,6654.31,5,6321.59,6321.59,Transferencia,No,3797.92,29.5
V04326,2025-04-24,Rosarito,Rosarito-Principal,Ferretería,Brochas,Importaciones Mex,Vendedor_08,11,7243.27,0,7243.27,79675.97,Tarjeta Crédito,Duplicado,5062.72,35.1
V04327,2024-11-30,Tecate,Tecate-Centro,Ropa,Zapatos,Logística Frontera,Vendedor_22,2,4296.62,10,3866.96,7733.92,Transferencia,No,2341.46,19.2
V04328,2025-02-14,Rosarito,Rosarito-Principal,Hogar,Lámparas,Logística Frontera,Vendedor_18,15,1269.44,0,1269.44,19041.6,Efectivo,No cumplió expectativas,850.3,46.9
V04329,2025-03-12,Ensenada,Ensenada-Centro,Ropa,Chamarras,Comercial Baja,Vendedor_23,11,5273.32,25,3954.99,43504.89,Tarjeta Débito,Talla incorrecta,3556.8,32.9
V04330,2024-12-04,Tijuana,Tijuana-Garita,Hogar,Muebles,Abastos del Pacífico,Vendedor_15,11,555.95,25,416.96,4586.56,Transferencia,No,371.44,34.2
V04331,2024-09-23,Ensenada,Ensenada-Centro,Electrónica,Cables,Proveedor Norte SA,Vendedor_26,10,3653.71,10,3288.34,32883.4,Transferencia,No,2511.19,43.0
V04332,2024-05-18,Tecate,Tecate-Centro,Ferretería,Herramientas,Proveedor Norte SA,Vendedor_30,10,1918.59,0,1918.59,19185.9,Efectivo,Duplicado,1132.0,24.0
V04333,2024-07-19,Tijuana,Tijuana-Zona Río,Hogar,Lámparas,Importaciones Mex,Vendedor_02,1,6246.21,15,5309.28,5309.28,Tarjeta Débito,No,3606.49,49.2
V04334,2024-08-13,Tijuana,Tijuana-Otay,Alimentos,Panadería,Mayoreo TJ,Vendedor_30,15,1686.09,5,1601.79,24026.85,Vale Despensa,Talla incorrecta,914.34,42.8
V04335,2024-05-21,Ensenada,Ensenada-Centro,Ferretería,Brochas,Mayoreo TJ,Vendedor_28,8,5629.06,25,4221.8,33774.4,Transferencia,No cumplió expectativas,3272.15,39.9
V04336,2025-03-05,Mexicali,Mexicali-Nueva,Ropa,Calcetines,Proveedor Norte SA,Vendedor_09,2,1724.78,0,1724.78,3449.56,Transferencia,No cumplió expectativas,1134.25,37.5
V04337,2024-09-20,Mexicali,Mexicali-Centro,Ropa,Pantalones,Abastos del Pacífico,Vendedor_16,19,6820.23,0,6820.23,129584.37,Efectivo,No,3866.55,30.2
V04338,2024-12-25,Rosarito,Rosarito-Principal,Alimentos,Panadería,Proveedor Norte SA,Vendedor_04,4,6611.68,0,6611.68,26446.72,Tarjeta Crédito,Talla incorrecta,3409.52,21.7
V04339,2024-02-17,Mexicali,Mexicali-Baja,Alimentos,Condimentos,Comercial Baja,Vendedor_05,17,1867.01,0,1867.01,31739.17,Tarjeta Crédito,No,1075.01,22.0
V04340,2025-05-11,Mexicali,Mexicali-Centro,Ropa,Vestidos,Mayoreo TJ,Vendedor_04,6,5143.18,25,3857.39,23144.34,Tarjeta Crédito,No,3397.83,21.7
V04341,2024-10-21,San Quintín,San Quintín-Central,Ropa,Pantalones,Abastos del Pacífico,Vendedor_13,8,6928.99,10,6236.09,49888.72,Tarjeta Débito,Talla incorrecta,4057.17,31.7
V04342,2024-04-22,Tecate,Tecate-Centro,Ferretería,Brochas,Logística Frontera,Vendedor_14,15,1098.23,25,823.67,12355.05,Efectivo,No,591.0,43.1
V04343,2024-03-03,Ensenada,Ensenada-Maneadero,Farmacia,Bebés,Abastos del Pacífico,Vendedor_26,10,5125.41,25,3844.06,38440.6,Vale Despensa,No,2604.05,42.6
V04344,2024-06-11,Rosarito,Rosarito-Principal,Farmacia,Termómetros,Mayoreo TJ,Vendedor_19,13,796.1,10,716.49,9314.37,Efectivo,No,510.16,34.2
V04345,2024-03-06,Mexicali,Mexicali-Baja,Electrónica,Cargadores,Proveedor Norte SA,Vendedor_01,18,1969.39,0,1969.39,35449.02,Efectivo,Talla incorrecta,1123.6,43.1
V04346,2024-09-13,Rosarito,Rosarito-Principal,Electrónica,Celulares,Comercial Baja,Vendedor_22,16,5872.96,5,5579.31,89268.96,Efectivo,Talla incorrecta,2947.9,22.3
V04347,2024-06-02,Ensenada,Ensenada-Centro,Farmacia,Vitaminas,Comercial Baja,Vendedor_28,20,5014.72,5,4763.98,95279.6,Tarjeta Crédito,No cumplió expectativas,3069.59,49.9
V04348,2025-03-30,Ensenada,Ensenada-Maneadero,Farmacia,Primeros Auxilios,Comercial Baja,Vendedor_23,6,6161.35,25,4621.01,27726.06,Vale Despensa,No,4060.96,26.6
V04349,2025-01-31,Tecate,Tecate-Centro,Electrónica,Cámaras,Logística Frontera,Vendedor_05,13,2528.9,20,2023.12,26300.56,Efectivo,No,1568.57,30.0
V04350,2024-05-14,Mexicali,Mexicali-Baja,Hogar,Cobijas,Importaciones Mex,Vendedor_30,3,1569.02,20,1255.22,3765.66,Efectivo,No,919.68,35.7
V04351,2024-03-25,Tecate,Tecate-Centro,Ferretería,Pinturas,Abastos del Pacífico,Vendedor_07,6,1455.46,0,1455.46,8732.76,Tarjeta Crédito,No cumplió expectativas,945.33,53.6
V04352,2025-02-02,Rosarito,Rosarito-Principal,Alimentos,Cereales,Mayoreo TJ,Vendedor_23,6,3852.14,0,3852.14,23112.84,Tarjeta Crédito,No cumplió expectativas,2461.46,44.4
V04353,2024-08-23,Rosarito,Rosarito-Principal,Ropa,Ropa Interior,Mayoreo TJ,Vendedor_26,10,3383.36,10,3045.02,30450.2,Vale Despensa,No,1677.81,51.5
V04354,2024-02-29,Ensenada,Ensenada-Centro,Farmacia,Vitaminas,Logística Frontera,Vendedor_08,5,6942.4,15,5901.04,29505.2,Tarjeta Débito,Defecto de fábrica,3204.9,54.2
V04355,2025-02-10,Rosarito,Rosarito-Principal,Ferretería,Pinturas,Abastos del Pacífico,Vendedor_30,20,1270.18,25,952.63,19052.6,Transferencia,No,734.5,16.0
V04356,2024-12-24,Tijuana,Tijuana-La Mesa,Ropa,Chamarras,Importaciones Mex,Vendedor_16,16,449.11,5,426.65,6826.4,Transferencia,Talla incorrecta,301.64,42.3
V04357,2024-04-12,Ensenada,Ensenada-Centro,Alimentos,Bebidas,Logística Frontera,Vendedor_27,16,5718.25,20,4574.6,73193.6,Tarjeta Crédito,No,2670.83,21.1
V04358,2024-09-25,Rosarito,Rosarito-Principal,Ferretería,Selladores,Surtimax,Vendedor_30,3,2834.68,15,2409.48,7228.44,Transferencia,Defecto de fábrica,1657.98,45.2
V04359,2025-04-17,Ensenada,Ensenada-Centro,Farmacia,Primeros Auxilios,Mayoreo TJ,Vendedor_18,2,483.33,0,483.33,966.66,Transferencia,No,303.03,54.0
V04360,2024-11-24,Rosarito,Rosarito-Principal,Ropa,Vestidos,Mayoreo TJ,Vendedor_30,16,6916.68,15,5879.18,94066.88,Tarjeta Débito,Defecto de fábrica,3694.07,24.9
V04361,2024-06-21,San Quintín,San Quintín-Central,Farmacia,Higiene,Logística Frontera,Vendedor_29,16,7094.8,0,7094.8,113516.8,Tarjeta Crédito,No,4394.25,37.8
V04362,2024-11-20,Ensenada,Ensenada-Maneadero,Farmacia,Medicamentos,Mayoreo TJ,Vendedor_11,15,2015.82,0,2015.82,30237.3,Tarjeta Crédito,No,1301.02,33.8
V04363,2024-07-14,Tecate,Tecate-Centro,Ropa,Calcetines,Proveedor Norte SA,Vendedor_15,17,3561.76,25,2671.32,45412.44,Tarjeta Crédito,No,2398.79,31.3
V04364,2024-11-02,Rosarito,Rosarito-Principal,Hogar,Almohadas,Proveedor Norte SA,Vendedor_15,20,1489.09,25,1116.82,22336.4,Tarjeta Débito,Defecto de fábrica,843.85,20.4
V04365,2025-02-13,Rosarito,Rosarito-Principal,Hogar,Almohadas,Logística Frontera,Vendedor_21,7,2230.07,0,2230.07,15610.49,Tarjeta Crédito,Talla incorrecta,1172.85,16.0
V04366,2024-12-06,San Quintín,San Quintín-Central,Ferretería,Pinturas,Surtimax,Vendedor_24,13,7307.26,15,6211.17,80745.21,Vale Despensa,Defecto de fábrica,3801.19,27.0
V04367,2025-02-15,San Quintín,San Quintín-Central,Ferretería,Tornillería,Mayoreo TJ,Vendedor_05,11,6472.61,5,6148.98,67638.78,Vale Despensa,Defecto de fábrica,3291.48,29.3
V04368,2025-03-01,Tijuana,Tijuana-Garita,Farmacia,Termómetros,Importaciones Mex,Vendedor_30,7,6197.51,20,4958.01,34706.07,Vale Despensa,No,3928.09,29.0
V04369,2024-12-11,Ensenada,Ensenada-Maneadero,Electrónica,Cámaras,Comercial Baja,Vendedor_12,8,97.48,10,87.73,701.84,Vale Despensa,Talla incorrecta,48.53,32.5
V04370,2024-09-13,Tecate,Tecate-Centro,Electrónica,Audífonos,Abastos del Pacífico,Vendedor_04,3,2646.5,5,2514.17,7542.51,Tarjeta Débito,No,1470.02,17.0
V04371,2025-04-29,Rosarito,Rosarito-Principal,Alimentos,Conservas,Comercial Baja,Vendedor_18,7,4069.8,15,3459.33,24215.31,Vale Despensa,No,2685.19,32.0
V04372,2025-04-01,Tecate,Tecate-Centro,Ferretería,Selladores,Logística Frontera,Vendedor_23,19,2673.74,0,2673.74,50801.06,Transferencia,Cambio de opinión,1332.95,22.2
V04373,2025-05-03,Tecate,Tecate-Centro,Ferretería,Adhesivos,Proveedor Norte SA,Vendedor_13,10,2382.32,25,1786.74,17867.4,Efectivo,No,1382.29,40.5
V04374,2024-10-17,Ensenada,Ensenada-Maneadero,Ferretería,Plomería,Mayoreo TJ,Vendedor_28,14,2530.89,15,2151.26,30117.64,Transferencia,Duplicado,1585.62,27.3
V04375,2024-03-27,Tijuana,Tijuana-Playas,Hogar,Decoración,Abastos del Pacífico,Vendedor_06,2,1245.17,25,933.88,1867.76,Transferencia,No,685.14,45.3
V04376,2024-06-02,Rosarito,Rosarito-Principal,Ferretería,Herramientas,Proveedor Norte SA,Vendedor_18,15,6586.65,0,6586.65,98799.75,Tarjeta Crédito,Defecto de fábrica,3383.63,24.5
V04377,2025-02-13,Tijuana,Tijuana-La Mesa,Farmacia,Primeros Auxilios,Logística Frontera,Vendedor_19,2,7461.73,20,5969.38,11938.76,Tarjeta Débito,No,4965.93,24.6
V04378,2024-08-20,Ensenada,Ensenada-Maneadero,Farmacia,Cuidado Personal,Logística Frontera,Vendedor_19,8,4146.16,5,3938.85,31510.8,Tarjeta Débito,Talla incorrecta,2540.42,29.3
V04379,2025-02-07,Ensenada,Ensenada-Maneadero,Ferretería,Tornillería,Abastos del Pacífico,Vendedor_11,1,4038.51,0,4038.51,4038.51,Tarjeta Débito,No,2078.51,39.4
V04380,2024-02-10,San Quintín,San Quintín-Central,Electrónica,Televisores,Importaciones Mex,Vendedor_29,1,220.46,0,220.46,220.46,Tarjeta Débito,Defecto de fábrica,140.41,31.0
V04381,2024-11-11,Tijuana,Tijuana-La Mesa,Ferretería,Herramientas,Distribuidora BC,Vendedor_13,9,4089.63,20,3271.7,29445.3,Tarjeta Débito,No,2815.09,42.8
V04382,2024-12-28,Tecate,Tecate-Centro,Electrónica,Celulares,Distribuidora BC,Vendedor_05,6,6915.68,10,6224.11,37344.66,Tarjeta Débito,Defecto de fábrica,4517.64,38.0
V04383,2024-03-15,Ensenada,Ensenada-Centro,Alimentos,Carnes Frías,Comercial Baja,Vendedor_28,16,3679.22,0,3679.22,58867.52,Transferencia,No,2341.19,51.3
V04384,2024-01-26,Tecate,Tecate-Centro,Alimentos,Lácteos,Proveedor Norte SA,Vendedor_25,7,4868.0,5,4624.6,32372.2,Transferencia,Talla incorrecta,3264.86,16.8
V04385,2025-01-19,Tecate,Tecate-Centro,Alimentos,Panadería,Distribuidora BC,Vendedor_16,10,3200.13,5,3040.12,30401.2,Tarjeta Crédito,Cambio de opinión,1447.68,36.9
V04386,2024-10-06,Mexicali,Mexicali-Centro,Ropa,Zapatos,Comercial Baja,Vendedor_13,8,1819.91,15,1546.92,12375.36,Tarjeta Débito,No,865.85,34.6
V04387,2024-04-19,Tijuana,Tijuana-Garita,Farmacia,Cuidado Personal,Logística Frontera,Vendedor_18,10,3647.63,0,3647.63,36476.3,Transferencia,No,2274.96,36.1
V04388,2025-03-31,Rosarito,Rosarito-Principal,Ropa,Gorras,Abastos del Pacífico,Vendedor_02,5,5408.05,5,5137.65,25688.25,Tarjeta Débito,No,3531.76,26.6
V04389,2024-03-10,Rosarito,Rosarito-Principal,Ropa,Ropa Interior,Distribuidora BC,Vendedor_22,1,2962.66,15,2518.26,2518.26,Vale Despensa,No cumplió expectativas,1830.03,37.7
V04390,2025-01-09,Tijuana,Tijuana-Playas,Farmacia,Bebés,Proveedor Norte SA,Vendedor_03,11,1077.05,5,1023.2,11255.2,Vale Despensa,Duplicado,589.05,25.9
V04391,2025-01-04,San Quintín,San Quintín-Central,Electrónica,Cargadores,Distribuidora BC,Vendedor_09,9,6343.25,10,5708.93,51380.37,Tarjeta Crédito,No,3088.87,52.2
V04392,2025-04-07,Tijuana,Tijuana-Otay,Electrónica,Tabletas,Importaciones Mex,Vendedor_27,1,4059.85,25,3044.89,3044.89,Transferencia,Talla incorrecta,1849.44,26.5
V04393,2024-10-20,Mexicali,Mexicali-Centro,Ropa,Pantalones,Comercial Baja,Vendedor_20,2,6445.7,0,6445.7,12891.4,Transferencia,No,3470.48,18.2
V04394,2024-12-05,Tijuana,Tijuana-Zona Río,Alimentos,Cereales,Abastos del Pacífico,Vendedor_27,12,2544.05,0,2544.05,30528.6,Tarjeta Débito,No,1261.09,39.7
V04395,2024-01-19,San Quintín,San Quintín-Central,Alimentos,Panadería,Abastos del Pacífico,Vendedor_16,3,6460.86,25,4845.64,14536.92,Tarjeta Débito,No,3877.42,20.7
V04396,2024-01-10,Mexicali,Mexicali-Nueva,Farmacia,Anteojos,Logística Frontera,Vendedor_22,15,6044.77,0,6044.77,90671.55,Vale Despensa,No,3696.56,20.7
V04397,2025-04-18,Mexicali,Mexicali-Baja,Ferretería,Plomería,Mayoreo TJ,Vendedor_02,3,7578.56,15,6441.78,19325.34,Tarjeta Crédito,No,4290.69,15.9
V04398,2024-05-12,Ensenada,Ensenada-Centro,Farmacia,Medicamentos,Importaciones Mex,Vendedor_29,13,5512.43,25,4134.32,53746.16,Tarjeta Débito,No,2979.39,23.5
V04399,2025-02-08,Mexicali,Mexicali-Baja,Farmacia,Primeros Auxilios,Mayoreo TJ,Vendedor_11,5,1767.14,5,1678.78,8393.9,Efectivo,No cumplió expectativas,983.25,46.4
V04400,2024-01-03,Ensenada,Ensenada-Centro,Hogar,Cojines,Logística Frontera,Vendedor_29,8,7216.24,0,7216.24,57729.92,Transferencia,Talla incorrecta,3710.25,34.3
V04401,2024-03-28,Tijuana,Tijuana-Otay,Ferretería,Herramientas,Surtimax,Vendedor_23,10,6361.91,15,5407.62,54076.2,Tarjeta Débito,No,2960.99,38.4
V04402,2024-08-11,Tijuana,Tijuana-Garita,Electrónica,Televisores,Surtimax,Vendedor_25,7,2246.19,10,2021.57,14150.99,Efectivo,Defecto de fábrica,1338.68,17.1
V04403,2024-02-26,Rosarito,Rosarito-Principal,Alimentos,Snacks,Comercial Baja,Vendedor_29,1,5325.69,20,4260.55,4260.55,Transferencia,No,3067.36,41.7
V04404,2025-04-20,Tecate,Tecate-Centro,Alimentos,Panadería,Abastos del Pacífico,Vendedor_17,6,1286.16,15,1093.24,6559.44,Tarjeta Crédito,No,729.11,29.6
V04405,2024-12-15,Tecate,Tecate-Centro,Alimentos,Lácteos,Distribuidora BC,Vendedor_20,16,4671.47,25,3503.6,56057.6,Tarjeta Débito,Defecto de fábrica,2273.17,29.4
V04406,2024-06-26,San Quintín,San Quintín-Central,Hogar,Utensilios,Abastos del Pacífico,Vendedor_13,6,4897.8,0,4897.8,29386.8,Efectivo,Talla incorrecta,2954.74,50.7
V04407,2024-10-21,Mexicali,Mexicali-Centro,Ferretería,Pinturas,Proveedor Norte SA,Vendedor_24,3,7805.39,25,5854.04,17562.12,Tarjeta Débito,No cumplió expectativas,4809.19,33.3
V04408,2024-10-23,Tecate,Tecate-Centro,Ferretería,Plomería,Importaciones Mex,Vendedor_17,2,1005.64,10,905.08,1810.16,Transferencia,No,631.34,23.5
V04409,2024-08-11,Mexicali,Mexicali-Centro,Electrónica,Cámaras,Importaciones Mex,Vendedor_21,7,2736.59,15,2326.1,16282.7,Tarjeta Crédito,No,1856.01,54.3
V04410,2024-12-30,San Quintín,San Quintín-Central,Ropa,Camisas,Mayoreo TJ,Vendedor_15,11,6992.56,20,5594.05,61534.55,Transferencia,No,4879.54,27.0
V04411,2024-01-30,San Quintín,San Quintín-Central,Ferretería,Pinturas,Comercial Baja,Vendedor_25,8,2795.13,25,2096.35,16770.8,Vale Despensa,Duplicado,1905.45,55.0
V04412,2024-07-23,Tijuana,Tijuana-Playas,Farmacia,Primeros Auxilios,Comercial Baja,Vendedor_14,19,5118.5,0,5118.5,97251.5,Efectivo,No,3101.89,33.4
V04413,2025-01-07,Tijuana,Tijuana-Playas,Hogar,Lámparas,Proveedor Norte SA,Vendedor_16,12,838.2,15,712.47,8549.64,Tarjeta Crédito,Talla incorrecta,546.21,40.0
V04414,2024-03-29,Tijuana,Tijuana-Zona Río,Ferretería,Selladores,Proveedor Norte SA,Vendedor_03,4,6372.08,20,5097.66,20390.64,Transferencia,No,2981.99,35.1
V04415,2024-08-06,Mexicali,Mexicali-Nueva,Hogar,Muebles,Surtimax,Vendedor_25,14,6598.04,0,6598.04,92372.56,Transferencia,Talla incorrecta,3247.36,49.9
V04416,2025-02-17,Mexicali,Mexicali-Centro,Hogar,Muebles,Comercial Baja,Vendedor_14,4,3025.55,0,3025.55,12102.2,Vale Despensa,No,1369.44,25.6
V04417,2024-10-31,Ensenada,Ensenada-Centro,Hogar,Cobijas,Distribuidora BC,Vendedor_19,20,5888.81,0,5888.81,117776.2,Efectivo,No,3669.38,41.6
V04418,2024-05-09,Mexicali,Mexicali-Baja,Farmacia,Vitaminas,Comercial Baja,Vendedor_12,8,305.73,25,229.3,1834.4,Vale Despensa,No,201.15,19.8
V04419,2025-02-23,Mexicali,Mexicali-Centro,Electrónica,Tabletas,Importaciones Mex,Vendedor_29,11,6891.76,0,6891.76,75809.36,Efectivo,Cambio de opinión,3864.31,46.0
V04420,2024-03-09,Tijuana,Tijuana-Garita,Farmacia,Primeros Auxilios,Abastos del Pacífico,Vendedor_25,7,6731.44,20,5385.15,37696.05,Transferencia,Talla incorrecta,4495.84,41.1
V04421,2024-10-29,Rosarito,Rosarito-Principal,Ferretería,Plomería,Importaciones Mex,Vendedor_04,10,2831.0,15,2406.35,24063.5,Vale Despensa,No,1349.4,53.9
V04422,2024-09-19,Mexicali,Mexicali-Baja,Alimentos,Condimentos,Importaciones Mex,Vendedor_12,7,78.31,25,58.73,411.11,Efectivo,Talla incorrecta,53.49,26.1
V04423,2025-01-28,Tijuana,Tijuana-La Mesa,Hogar,Utensilios,Logística Frontera,Vendedor_07,4,6022.14,25,4516.61,18066.44,Transferencia,No cumplió expectativas,3535.49,19.4
V04424,2024-01-09,Tijuana,Tijuana-Playas,Alimentos,Carnes Frías,Mayoreo TJ,Vendedor_25,18,6041.82,10,5437.64,97877.52,Efectivo,No,3955.05,32.6
V04425,2024-11-04,Rosarito,Rosarito-Principal,Farmacia,Bebés,Mayoreo TJ,Vendedor_05,11,5348.18,10,4813.36,52946.96,Tarjeta Débito,Defecto de fábrica,2999.64,34.3
V04426,2025-03-20,Tecate,Tecate-Centro,Ropa,Pantalones,Mayoreo TJ,Vendedor_11,14,4454.36,0,4454.36,62361.04,Tarjeta Débito,No,2504.16,22.7
V04427,2024-02-09,San Quintín,San Quintín-Central,Alimentos,Panadería,Comercial Baja,Vendedor_16,19,2839.49,0,2839.49,53950.31,Tarjeta Crédito,No,1732.57,17.6
V04428,2024-07-23,Tijuana,Tijuana-Zona Río,Ropa,Camisas,Distribuidora BC,Vendedor_01,10,3356.28,10,3020.65,30206.5,Vale Despensa,No,1725.29,28.3
V04429,2024-12-11,San Quintín,San Quintín-Central,Alimentos,Lácteos,Logística Frontera,Vendedor_19,8,6499.49,25,4874.62,38996.96,Transferencia,Duplicado,3128.78,27.5
V04430,2024-12-10,Rosarito,Rosarito-Principal,Ferretería,Plomería,Mayoreo TJ,Vendedor_06,8,1368.65,15,1163.35,9306.8,Transferencia,Defecto de fábrica,935.51,25.5
V04431,2024-08-12,Tecate,Tecate-Centro,Ropa,Zapatos,Proveedor Norte SA,Vendedor_11,4,4166.69,25,3125.02,12500.08,Vale Despensa,No,2793.49,50.2
V04432,2024-06-13,San Quintín,San Quintín-Central,Farmacia,Bebés,Proveedor Norte SA,Vendedor_24,3,1166.06,0,1166.06,3498.18,Tarjeta Crédito,Defecto de fábrica,528.29,21.0
V04433,2024-11-04,San Quintín,San Quintín-Central,Ropa,Camisas,Importaciones Mex,Vendedor_12,7,1542.55,25,1156.91,8098.37,Efectivo,No,1000.28,20.0
V04434,2024-10-13,Ensenada,Ensenada-Maneadero,Ropa,Zapatos,Abastos del Pacífico,Vendedor_28,19,3253.21,20,2602.57,49448.83,Tarjeta Crédito,Duplicado,1876.9,44.2
V04435,2024-08-13,Ensenada,Ensenada-Centro,Ferretería,Brochas,Logística Frontera,Vendedor_26,4,4358.95,15,3705.11,14820.44,Tarjeta Crédito,Cambio de opinión,2752.41,24.9
V04436,2024-11-15,Mexicali,Mexicali-Nueva,Hogar,Cortinas,Importaciones Mex,Vendedor_03,11,4003.73,25,3002.8,33030.8,Vale Despensa,No cumplió expectativas,2449.6,36.0
V04437,2024-07-08,Tecate,Tecate-Centro,Hogar,Almohadas,Proveedor Norte SA,Vendedor_20,10,3230.43,5,3068.91,30689.1,Efectivo,No,1532.36,25.4
V04438,2024-01-06,Tijuana,Tijuana-La Mesa,Ferretería,Tornillería,Logística Frontera,Vendedor_22,15,2397.84,25,1798.38,26975.7,Vale Despensa,No,1147.26,52.0
V04439,2025-02-10,San Quintín,San Quintín-Central,Electrónica,Cables,Distribuidora BC,Vendedor_06,16,3001.4,10,2701.26,43220.16,Transferencia,No,1712.66,40.6
V04440,2024-04-13,San Quintín,San Quintín-Central,Ferretería,Herramientas,Importaciones Mex,Vendedor_09,12,3691.29,5,3506.73,42080.76,Tarjeta Crédito,Duplicado,2042.42,47.9
V04441,2024-12-08,Mexicali,Mexicali-Centro,Alimentos,Conservas,Mayoreo TJ,Vendedor_05,4,3404.56,15,2893.88,11575.52,Tarjeta Débito,No,2252.02,38.8
V04442,2025-02-22,Ensenada,Ensenada-Maneadero,Hogar,Muebles,Abastos del Pacífico,Vendedor_03,15,2770.04,20,2216.03,33240.45,Tarjeta Débito,No,1435.68,51.6
V04443,2025-05-12,San Quintín,San Quintín-Central,Ropa,Chamarras,Abastos del Pacífico,Vendedor_19,13,2103.02,10,1892.72,24605.36,Tarjeta Débito,No,1214.1,21.0
V04444,2024-08-06,San Quintín,San Quintín-Central,Ferretería,Pinturas,Mayoreo TJ,Vendedor_20,16,6469.14,5,6145.68,98330.88,Efectivo,No,3750.88,24.0
V04445,2024-09-27,San Quintín,San Quintín-Central,Farmacia,Anteojos,Comercial Baja,Vendedor_17,15,5522.8,20,4418.24,66273.6,Transferencia,Cambio de opinión,3636.42,51.7
V04446,2025-02-17,Mexicali,Mexicali-Centro,Electrónica,Cámaras,Logística Frontera,Vendedor_09,4,553.32,0,553.32,2213.28,Efectivo,No,340.73,54.4
V04447,2024-04-26,Tecate,Tecate-Centro,Farmacia,Vitaminas,Importaciones Mex,Vendedor_24,2,4059.57,25,3044.68,6089.36,Vale Despensa,No,2391.19,33.5
V04448,2024-11-22,Tijuana,Tijuana-Playas,Alimentos,Bebidas,Distribuidora BC,Vendedor_30,20,4642.44,10,4178.2,83564.0,Transferencia,Talla incorrecta,2424.12,30.6
V04449,2024-03-24,Ensenada,Ensenada-Centro,Ropa,Gorras,Mayoreo TJ,Vendedor_17,12,2516.85,10,2265.16,27181.92,Tarjeta Crédito,No cumplió expectativas,1668.79,48.9
V04450,2024-08-29,Rosarito,Rosarito-Principal,Farmacia,Termómetros,Comercial Baja,Vendedor_22,2,288.13,0,288.13,576.26,Tarjeta Crédito,No,145.78,18.5
V04451,2025-02-15,Rosarito,Rosarito-Principal,Electrónica,Televisores,Distribuidora BC,Vendedor_29,9,2525.54,0,2525.54,22729.86,Tarjeta Débito,Defecto de fábrica,1478.75,29.4
V04452,2024-12-08,San Quintín,San Quintín-Central,Ropa,Calcetines,Distribuidora BC,Vendedor_01,4,6208.61,5,5898.18,23592.72,Vale Despensa,Defecto de fábrica,3468.78,32.7
V04453,2024-01-19,Tijuana,Tijuana-Playas,Farmacia,Higiene,Surtimax,Vendedor_09,15,5911.69,15,5024.94,75374.1,Efectivo,Duplicado,3887.27,30.5
V04454,2025-05-27,Mexicali,Mexicali-Nueva,Farmacia,Higiene,Comercial Baja,Vendedor_13,19,1816.61,15,1544.12,29338.28,Vale Despensa,Cambio de opinión,1118.5,36.5
V04455,2024-06-01,Tecate,Tecate-Centro,Ferretería,Electricidad,Logística Frontera,Vendedor_19,3,653.12,0,653.12,1959.36,Transferencia,Duplicado,299.61,39.1
V04456,2024-05-26,San Quintín,San Quintín-Central,Hogar,Muebles,Surtimax,Vendedor_05,15,5663.12,0,5663.12,84946.8,Transferencia,Duplicado,2931.18,53.5
V04457,2024-11-24,Mexicali,Mexicali-Baja,Electrónica,Laptops,Distribuidora BC,Vendedor_29,2,2003.96,25,1502.97,3005.94,Transferencia,No,982.79,39.8
V04458,2024-02-23,Ensenada,Ensenada-Maneadero,Farmacia,Bebés,Abastos del Pacífico,Vendedor_09,2,7334.31,25,5500.73,11001.46,Transferencia,No,3516.55,30.0
V04459,2024-02-15,Rosarito,Rosarito-Principal,Ferretería,Plomería,Abastos del Pacífico,Vendedor_26,13,7872.56,15,6691.68,86991.84,Transferencia,Talla incorrecta,4532.75,37.2
V04460,2025-04-06,Tecate,Tecate-Centro,Hogar,Decoración,Importaciones Mex,Vendedor_20,10,1884.99,0,1884.99,18849.9,Tarjeta Débito,No,867.66,40.7
V04461,2025-02-10,Tijuana,Tijuana-Zona Río,Ferretería,Plomería,Surtimax,Vendedor_24,8,1050.81,0,1050.81,8406.48,Transferencia,Talla incorrecta,703.77,46.8
V04462,2024-01-09,Ensenada,Ensenada-Centro,Farmacia,Cuidado Personal,Comercial Baja,Vendedor_03,15,6926.91,5,6580.56,98708.4,Transferencia,Duplicado,3243.14,32.3
V04463,2024-02-10,Rosarito,Rosarito-Principal,Hogar,Utensilios,Abastos del Pacífico,Vendedor_11,5,7650.44,0,7650.44,38252.2,Tarjeta Crédito,Cambio de opinión,4067.31,27.7
V04464,2024-07-18,Tecate,Tecate-Centro,Farmacia,Anteojos,Distribuidora BC,Vendedor_07,13,6006.19,5,5705.88,74176.44,Vale Despensa,No,2917.45,41.4
V04465,2024-02-28,Mexicali,Mexicali-Centro,Ropa,Camisas,Comercial Baja,Vendedor_20,4,7247.19,0,7247.19,28988.76,Vale Despensa,Duplicado,4255.89,22.4
V04466,2024-02-17,Tijuana,Tijuana-Playas,Farmacia,Termómetros,Mayoreo TJ,Vendedor_08,16,4524.37,5,4298.15,68770.4,Tarjeta Débito,Talla incorrecta,2415.06,32.9
V04467,2024-01-08,San Quintín,San Quintín-Central,Farmacia,Termómetros,Mayoreo TJ,Vendedor_20,20,5056.93,15,4298.39,85967.8,Tarjeta Débito,Talla incorrecta,3021.08,42.2
V04468,2024-01-15,Mexicali,Mexicali-Nueva,Ropa,Camisas,Surtimax,Vendedor_29,15,590.03,5,560.53,8407.95,Transferencia,Cambio de opinión,395.66,43.5
V04469,2024-08-19,San Quintín,San Quintín-Central,Electrónica,Cámaras,Mayoreo TJ,Vendedor_18,3,5661.92,0,5661.92,16985.76,Tarjeta Débito,No,2825.72,54.3
V04470,2024-08-17,Rosarito,Rosarito-Principal,Farmacia,Primeros Auxilios,Importaciones Mex,Vendedor_18,14,5004.5,0,5004.5,70063.0,Efectivo,Talla incorrecta,3112.43,43.6
V04471,2024-07-22,Mexicali,Mexicali-Centro,Ferretería,Plomería,Distribuidora BC,Vendedor_10,15,6653.24,20,5322.59,79838.85,Efectivo,No,3466.1,41.9
V04472,2024-11-23,Tijuana,Tijuana-Zona Río,Alimentos,Conservas,Distribuidora BC,Vendedor_17,3,7115.57,20,5692.46,17077.38,Efectivo,No,4349.76,15.5
V04473,2024-08-29,San Quintín,San Quintín-Central,Farmacia,Higiene,Comercial Baja,Vendedor_24,6,6400.05,0,6400.05,38400.3,Vale Despensa,Talla incorrecta,3807.11,51.5
V04474,2024-03-17,Ensenada,Ensenada-Centro,Farmacia,Higiene,Comercial Baja,Vendedor_06,18,383.14,0,383.14,6896.52,Tarjeta Débito,Defecto de fábrica,186.58,46.9
V04475,2024-11-12,San Quintín,San Quintín-Central,Alimentos,Condimentos,Distribuidora BC,Vendedor_01,3,4174.72,0,4174.72,12524.16,Vale Despensa,Cambio de opinión,2866.48,23.1
V04476,2024-09-30,Ensenada,Ensenada-Maneadero,Ropa,Ropa Interior,Logística Frontera,Vendedor_03,5,2022.82,10,1820.54,9102.7,Transferencia,No,1163.71,37.0
V04477,2024-07-13,Tecate,Tecate-Centro,Electrónica,Celulares,Proveedor Norte SA,Vendedor_20,17,1760.4,0,1760.4,29926.8,Efectivo,Talla incorrecta,956.86,51.5
V04478,2024-06-28,Rosarito,Rosarito-Principal,Electrónica,Audífonos,Logística Frontera,Vendedor_29,19,5147.82,25,3860.86,73356.34,Efectivo,Duplicado,2352.74,44.9
V04479,2024-04-18,Mexicali,Mexicali-Baja,Ropa,Ropa Interior,Abastos del Pacífico,Vendedor_25,7,416.22,20,332.98,2330.86,Tarjeta Débito,Defecto de fábrica,231.4,37.4
V04480,2025-02-28,Ensenada,Ensenada-Centro,Ferretería,Brochas,Comercial Baja,Vendedor_30,14,6356.54,25,4767.4,66743.6,Transferencia,Talla incorrecta,3867.55,32.5
V04481,2024-06-23,Mexicali,Mexicali-Nueva,Hogar,Cobijas,Comercial Baja,Vendedor_12,10,5804.83,0,5804.83,58048.3,Vale Despensa,No,3524.1,17.3
V04482,2024-07-02,Tijuana,Tijuana-Playas,Electrónica,Televisores,Proveedor Norte SA,Vendedor_13,12,5793.1,0,5793.1,69517.2,Tarjeta Crédito,Duplicado,2746.91,34.2
V04483,2024-01-27,Rosarito,Rosarito-Principal,Alimentos,Bebidas,Logística Frontera,Vendedor_20,17,2593.87,0,2593.87,44095.79,Transferencia,Defecto de fábrica,1777.86,48.0
V04484,2024-11-03,Ensenada,Ensenada-Maneadero,Ferretería,Herramientas,Surtimax,Vendedor_22,17,3018.47,0,3018.47,51313.99,Efectivo,No,1716.55,51.7
V04485,2025-03-26,Ensenada,Ensenada-Centro,Electrónica,Audífonos,Comercial Baja,Vendedor_11,17,3860.98,0,3860.98,65636.66,Tarjeta Débito,No,2110.54,21.4
V04486,2024-02-25,San Quintín,San Quintín-Central,Alimentos,Bebidas,Distribuidora BC,Vendedor_02,11,1901.8,5,1806.71,19873.81,Tarjeta Débito,No cumplió expectativas,1084.18,34.1
V04487,2024-12-04,Tijuana,Tijuana-Otay,Ropa,Zapatos,Abastos del Pacífico,Vendedor_06,7,2575.38,0,2575.38,18027.66,Transferencia,Defecto de fábrica,1358.65,18.3
V04488,2024-09-27,Ensenada,Ensenada-Maneadero,Electrónica,Tabletas,Abastos del Pacífico,Vendedor_04,2,1380.45,20,1104.36,2208.72,Tarjeta Crédito,Talla incorrecta,698.77,48.6
V04489,2024-12-20,Mexicali,Mexicali-Nueva,Alimentos,Bebidas,Comercial Baja,Vendedor_24,10,5735.66,0,5735.66,57356.6,Tarjeta Crédito,No,3514.48,40.0
V04490,2024-02-15,San Quintín,San Quintín-Central,Ropa,Zapatos,Distribuidora BC,Vendedor_17,7,498.82,0,498.82,3491.74,Efectivo,No,269.4,35.5
V04491,2024-06-04,Ensenada,Ensenada-Centro,Alimentos,Snacks,Proveedor Norte SA,Vendedor_24,5,6844.32,20,5475.46,27377.3,Vale Despensa,No,4455.34,26.0
V04492,2024-08-31,Tijuana,Tijuana-Zona Río,Farmacia,Primeros Auxilios,Distribuidora BC,Vendedor_06,7,6200.31,25,4650.23,32551.61,Vale Despensa,Duplicado,4141.41,42.9
V04493,2024-06-09,Tecate,Tecate-Centro,Alimentos,Cereales,Proveedor Norte SA,Vendedor_21,2,6217.11,15,5284.54,10569.08,Vale Despensa,No cumplió expectativas,2825.74,22.6
V04494,2024-08-05,San Quintín,San Quintín-Central,Hogar,Cobijas,Logística Frontera,Vendedor_13,3,3626.79,15,3082.77,9248.31,Tarjeta Crédito,No cumplió expectativas,1700.98,22.6
V04495,2024-04-27,Ensenada,Ensenada-Centro,Alimentos,Cereales,Proveedor Norte SA,Vendedor_24,2,950.75,0,950.75,1901.5,Transferencia,Cambio de opinión,567.98,35.3
V04496,2025-03-07,Mexicali,Mexicali-Baja,Electrónica,Televisores,Distribuidora BC,Vendedor_24,3,3625.22,25,2718.91,8156.73,Efectivo,Defecto de fábrica,2140.34,47.2
V04497,2024-06-28,Mexicali,Mexicali-Centro,Hogar,Cojines,Surtimax,Vendedor_12,7,2506.55,20,2005.24,14036.68,Tarjeta Débito,Talla incorrecta,1535.59,24.6
V04498,2025-01-19,Rosarito,Rosarito-Principal,Alimentos,Carnes Frías,Mayoreo TJ,Vendedor_30,5,858.76,15,729.95,3649.75,Tarjeta Débito,Talla incorrecta,441.27,15.9
V04499,2024-12-08,San Quintín,San Quintín-Central,Electrónica,Celulares,Distribuidora BC,Vendedor_18,16,2536.65,5,2409.82,38557.12,Tarjeta Débito,No,1359.43,40.6
V04500,2025-05-17,Mexicali,Mexicali-Centro,Ferretería,Brochas,Comercial Baja,Vendedor_23,1,7627.38,10,6864.64,6864.64,Vale Despensa,No,4810.03,49.8
V04501,2024-11-14,Mexicali,Mexicali-Baja,Electrónica,Televisores,Distribuidora BC,Vendedor_21,14,5675.2,0,5675.2,79452.8,Tarjeta Crédito,No cumplió expectativas,3384.42,49.9
V04502,2025-05-17,San Quintín,San Quintín-Central,Electrónica,Cables,Mayoreo TJ,Vendedor_16,10,5789.49,10,5210.54,52105.4,Vale Despensa,No,3207.49,46.5
V04503,2025-01-10,San Quintín,San Quintín-Central,Ferretería,Tornillería,Proveedor Norte SA,Vendedor_26,3,95.51,15,81.18,243.54,Tarjeta Crédito,No,62.39,49.7
V04504,2024-10-05,Mexicali,Mexicali-Nueva,Farmacia,Cuidado Personal,Distribuidora BC,Vendedor_12,9,138.31,5,131.39,1182.51,Vale Despensa,No,81.68,35.5
V04505,2025-05-19,Mexicali,Mexicali-Nueva,Hogar,Cortinas,Distribuidora BC,Vendedor_09,8,2377.13,5,2258.27,18066.16,Efectivo,Duplicado,1154.56,15.8
V04506,2024-04-02,Tijuana,Tijuana-Garita,Ferretería,Pinturas,Distribuidora BC,Vendedor_21,8,6338.11,0,6338.11,50704.88,Tarjeta Crédito,Talla incorrecta,2871.9,28.8
V04507,2024-09-15,Rosarito,Rosarito-Principal,Ferretería,Selladores,Logística Frontera,Vendedor_24,7,1387.33,20,1109.86,7769.02,Tarjeta Crédito,No,705.55,17.4
V04508,2024-05-31,Mexicali,Mexicali-Baja,Alimentos,Condimentos,Mayoreo TJ,Vendedor_17,1,7781.05,15,6613.89,6613.89,Vale Despensa,Duplicado,4587.55,52.0
V04509,2024-01-30,Tijuana,Tijuana-Otay,Hogar,Lámparas,Importaciones Mex,Vendedor_26,17,4670.68,15,3970.08,67491.36,Tarjeta Débito,No,3163.82,19.9
V04510,2025-02-28,Tecate,Tecate-Centro,Alimentos,Conservas,Comercial Baja,Vendedor_06,14,2389.03,10,2150.13,30101.82,Efectivo,Duplicado,1200.06,49.7
V04511,2024-11-15,Mexicali,Mexicali-Nueva,Ropa,Vestidos,Logística Frontera,Vendedor_08,2,6029.18,25,4521.89,9043.78,Tarjeta Débito,No,3431.98,42.8
V04512,2024-07-03,Tijuana,Tijuana-Otay,Hogar,Decoración,Surtimax,Vendedor_18,20,2775.69,15,2359.34,47186.8,Efectivo,Cambio de opinión,1363.9,43.8
V04513,2024-01-25,Mexicali,Mexicali-Centro,Electrónica,Laptops,Distribuidora BC,Vendedor_09,18,4059.76,10,3653.78,65768.04,Tarjeta Débito,No,2496.14,35.9
V04514,2024-02-17,Mexicali,Mexicali-Baja,Ropa,Gorras,Logística Frontera,Vendedor_22,19,5104.36,10,4593.92,87284.48,Tarjeta Crédito,No,2931.63,18.6
V04515,2024-02-09,San Quintín,San Quintín-Central,Farmacia,Cuidado Personal,Mayoreo TJ,Vendedor_29,10,6622.87,0,6622.87,66228.7,Efectivo,No,4176.16,53.8
V04516,2025-04-28,Tijuana,Tijuana-Otay,Ropa,Ropa Interior,Mayoreo TJ,Vendedor_28,8,2122.03,5,2015.93,16127.44,Tarjeta Crédito,Defecto de fábrica,1125.78,45.2
V04517,2024-04-27,San Quintín,San Quintín-Central,Ropa,Chamarras,Comercial Baja,Vendedor_15,9,5061.36,0,5061.36,45552.24,Efectivo,No,3536.06,17.3
V04518,2025-03-15,Tecate,Tecate-Centro,Ferretería,Tornillería,Surtimax,Vendedor_05,20,1194.98,5,1135.23,22704.6,Vale Despensa,No,727.22,43.1
V04519,2024-10-11,San Quintín,San Quintín-Central,Electrónica,Televisores,Comercial Baja,Vendedor_09,15,4124.37,0,4124.37,61865.55,Tarjeta Crédito,No,2280.25,49.3
V04520,2025-05-01,Rosarito,Rosarito-Principal,Alimentos,Snacks,Abastos del Pacífico,Vendedor_10,8,3928.34,5,3731.92,29855.36,Tarjeta Débito,Duplicado,2134.83,52.9
V04521,2025-05-26,Tecate,Tecate-Centro,Ropa,Pantalones,Proveedor Norte SA,Vendedor_20,2,2371.51,5,2252.93,4505.86,Tarjeta Crédito,Defecto de fábrica,1381.67,47.2
V04522,2024-02-20,Ensenada,Ensenada-Centro,Ferretería,Selladores,Abastos del Pacífico,Vendedor_12,3,1774.79,5,1686.05,5058.15,Tarjeta Crédito,No cumplió expectativas,1216.86,34.9
V04523,2025-05-17,Tecate,Tecate-Centro,Farmacia,Primeros Auxilios,Surtimax,Vendedor_05,13,4845.38,20,3876.3,50391.9,Efectivo,Duplicado,2665.02,35.8
V04524,2024-08-04,Ensenada,Ensenada-Centro,Ropa,Gorras,Importaciones Mex,Vendedor_09,20,6447.57,0,6447.57,128951.4,Vale Despensa,No,4015.44,42.5
V04525,2024-06-16,Ensenada,Ensenada-Maneadero,Ferretería,Plomería,Surtimax,Vendedor_10,13,2942.56,15,2501.18,32515.34,Tarjeta Débito,Talla incorrecta,1842.75,31.7
V04526,2024-04-01,Tecate,Tecate-Centro,Electrónica,Celulares,Abastos del Pacífico,Vendedor_03,2,7441.92,25,5581.44,11162.88,Vale Despensa,Duplicado,3520.5,30.5
V04527,2024-12-23,Mexicali,Mexicali-Centro,Ropa,Pantalones,Logística Frontera,Vendedor_26,15,5630.32,25,4222.74,63341.1,Efectivo,No,2953.77,34.5
V04528,2025-01-31,San Quintín,San Quintín-Central,Electrónica,Audífonos,Comercial Baja,Vendedor_20,15,2765.97,5,2627.67,39415.05,Efectivo,No,1725.95,20.5
V04529,2024-08-14,Tecate,Tecate-Centro,Alimentos,Carnes Frías,Proveedor Norte SA,Vendedor_15,13,4626.12,0,4626.12,60139.56,Vale Despensa,Defecto de fábrica,2695.46,52.9
V04530,2025-01-08,Mexicali,Mexicali-Nueva,Ropa,Pantalones,Importaciones Mex,Vendedor_20,7,3817.42,25,2863.07,20041.49,Tarjeta Débito,No,1788.7,35.1
V04531,2024-08-13,Tecate,Tecate-Centro,Farmacia,Anteojos,Distribuidora BC,Vendedor_30,15,1178.68,25,884.01,13260.15,Efectivo,No,634.5,42.4
V04532,2024-12-17,San Quintín,San Quintín-Central,Ropa,Chamarras,Proveedor Norte SA,Vendedor_20,17,2435.77,20,1948.62,33126.54,Tarjeta Crédito,Defecto de fábrica,1369.12,42.1
V04533,2025-02-01,Tecate,Tecate-Centro,Ferretería,Plomería,Mayoreo TJ,Vendedor_30,4,6830.98,20,5464.78,21859.12,Vale Despensa,No,4687.89,36.8
V04534,2025-03-13,Rosarito,Rosarito-Principal,Ferretería,Selladores,Comercial Baja,Vendedor_27,8,4340.48,20,3472.38,27779.04,Transferencia,No,2203.52,30.0
V04535,2025-04-08,Mexicali,Mexicali-Baja,Ropa,Gorras,Surtimax,Vendedor_01,1,1947.53,0,1947.53,1947.53,Tarjeta Crédito,No,880.79,37.4
V04536,2024-03-08,Tijuana,Tijuana-Otay,Ferretería,Plomería,Surtimax,Vendedor_30,4,6257.58,0,6257.58,25030.32,Tarjeta Débito,No,4057.78,40.8
V04537,2025-05-29,Tijuana,Tijuana-La Mesa,Ferretería,Herramientas,Abastos del Pacífico,Vendedor_04,19,7883.12,25,5912.34,112334.46,Vale Despensa,No,3890.67,31.6
V04538,2024-01-04,Tijuana,Tijuana-La Mesa,Hogar,Utensilios,Proveedor Norte SA,Vendedor_05,18,369.07,0,369.07,6643.26,Tarjeta Débito,No cumplió expectativas,249.66,22.2
V04539,2024-04-04,Ensenada,Ensenada-Maneadero,Hogar,Almohadas,Surtimax,Vendedor_18,11,712.99,20,570.39,6274.29,Transferencia,No,391.79,54.7
V04540,2024-07-24,Tecate,Tecate-Centro,Hogar,Muebles,Mayoreo TJ,Vendedor_07,18,2424.72,5,2303.48,41462.64,Vale Despensa,Duplicado,1251.8,39.9
V04541,2025-02-18,San Quintín,San Quintín-Central,Ropa,Calcetines,Surtimax,Vendedor_15,15,7126.29,0,7126.29,106894.35,Transferencia,Cambio de opinión,4944.73,26.9
V04542,2024-11-25,Tecate,Tecate-Centro,Alimentos,Panadería,Comercial Baja,Vendedor_05,1,7611.97,25,5708.98,5708.98,Efectivo,Cambio de opinión,4857.8,20.3
V04543,2024-09-14,Ensenada,Ensenada-Maneadero,Farmacia,Bebés,Distribuidora BC,Vendedor_17,15,6461.51,20,5169.21,77538.15,Vale Despensa,No,4266.11,18.1
V04544,2024-01-30,Tecate,Tecate-Centro,Ferretería,Herramientas,Comercial Baja,Vendedor_19,2,3946.43,0,3946.43,7892.86,Transferencia,Talla incorrecta,2239.47,30.3
V04545,2025-03-16,San Quintín,San Quintín-Central,Electrónica,Celulares,Mayoreo TJ,Vendedor_07,8,1323.21,0,1323.21,10585.68,Vale Despensa,Cambio de opinión,650.61,24.9
V04546,2024-09-23,Ensenada,Ensenada-Centro,Ropa,Camisas,Abastos del Pacífico,Vendedor_06,6,4839.25,0,4839.25,29035.5,Efectivo,No,2356.56,50.3
V04547,2024-09-15,Tijuana,Tijuana-Otay,Alimentos,Panadería,Distribuidora BC,Vendedor_29,19,7999.11,0,7999.11,151983.09,Tarjeta Débito,Talla incorrecta,4737.85,31.1
V04548,2025-02-02,Ensenada,Ensenada-Maneadero,Ropa,Ropa Interior,Abastos del Pacífico,Vendedor_23,15,5571.6,0,5571.6,83574.0,Vale Despensa,No,3287.94,31.9
V04549,2025-05-17,Rosarito,Rosarito-Principal,Electrónica,Celulares,Proveedor Norte SA,Vendedor_24,12,3290.5,25,2467.88,29614.56,Tarjeta Débito,No cumplió expectativas,2066.14,19.0
V04550,2025-05-27,San Quintín,San Quintín-Central,Electrónica,Cables,Logística Frontera,Vendedor_15,6,854.21,5,811.5,4869.0,Efectivo,No,512.46,38.3
V04551,2025-04-28,Tijuana,Tijuana-La Mesa,Ferretería,Pinturas,Proveedor Norte SA,Vendedor_09,8,4438.41,0,4438.41,35507.28,Tarjeta Crédito,Talla incorrecta,2639.18,34.8
V04552,2025-04-23,San Quintín,San Quintín-Central,Ropa,Calcetines,Surtimax,Vendedor_18,13,2068.55,0,2068.55,26891.15,Efectivo,No,1028.78,19.0
V04553,2024-03-18,San Quintín,San Quintín-Central,Hogar,Muebles,Surtimax,Vendedor_07,11,2723.95,25,2042.96,22472.56,Tarjeta Crédito,No,1880.08,54.6
V04554,2024-07-26,Rosarito,Rosarito-Principal,Farmacia,Medicamentos,Proveedor Norte SA,Vendedor_28,16,1877.6,25,1408.2,22531.2,Efectivo,Duplicado,963.58,18.6
V04555,2024-05-06,San Quintín,San Quintín-Central,Ropa,Calcetines,Logística Frontera,Vendedor_25,10,5844.21,10,5259.79,52597.9,Tarjeta Débito,Defecto de fábrica,4007.82,47.6
V04556,2024-07-13,Tijuana,Tijuana-Garita,Farmacia,Anteojos,Logística Frontera,Vendedor_18,6,2945.95,20,2356.76,14140.56,Transferencia,Duplicado,1711.51,39.6
V04557,2025-02-10,Ensenada,Ensenada-Centro,Electrónica,Laptops,Surtimax,Vendedor_28,10,7198.44,25,5398.83,53988.3,Transferencia,No,3634.23,43.1
V04558,2024-07-13,Tijuana,Tijuana-Playas,Electrónica,Cargadores,Mayoreo TJ,Vendedor_09,15,7066.61,0,7066.61,105999.15,Tarjeta Débito,Talla incorrecta,3444.33,44.2
V04559,2025-04-18,Tecate,Tecate-Centro,Alimentos,Condimentos,Proveedor Norte SA,Vendedor_08,4,6491.93,20,5193.54,20774.16,Tarjeta Crédito,Cambio de opinión,3954.65,23.2
V04560,2025-04-04,Tijuana,Tijuana-Garita,Alimentos,Cereales,Comercial Baja,Vendedor_07,4,4189.66,10,3770.69,15082.76,Tarjeta Crédito,No cumplió expectativas,1943.76,37.6
V04561,2024-07-17,Tecate,Tecate-Centro,Alimentos,Bebidas,Distribuidora BC,Vendedor_26,13,1856.06,0,1856.06,24128.78,Tarjeta Crédito,Defecto de fábrica,1265.97,51.4
V04562,2024-03-18,Rosarito,Rosarito-Principal,Ropa,Zapatos,Importaciones Mex,Vendedor_29,5,406.37,0,406.37,2031.85,Transferencia,Duplicado,185.97,41.7
V04563,2024-11-01,San Quintín,San Quintín-Central,Ropa,Calcetines,Proveedor Norte SA,Vendedor_14,6,7775.24,25,5831.43,34988.58,Tarjeta Débito,Duplicado,4478.24,22.5
V04564,2025-03-28,Ensenada,Ensenada-Maneadero,Electrónica,Celulares,Surtimax,Vendedor_11,20,4609.16,0,4609.16,92183.2,Vale Despensa,No cumplió expectativas,2516.19,40.0
V04565,2025-03-11,Mexicali,Mexicali-Centro,Hogar,Muebles,Logística Frontera,Vendedor_18,16,5180.68,0,5180.68,82890.88,Transferencia,Duplicado,3387.1,46.1
V04566,2024-12-22,Ensenada,Ensenada-Maneadero,Farmacia,Vitaminas,Mayoreo TJ,Vendedor_29,14,1109.73,0,1109.73,15536.22,Efectivo,No,528.62,42.9
V04567,2025-01-26,Rosarito,Rosarito-Principal,Ropa,Pantalones,Comercial Baja,Vendedor_23,11,3211.8,0,3211.8,35329.8,Vale Despensa,No,1995.24,39.5
V04568,2024-05-30,Tijuana,Tijuana-Otay,Alimentos,Bebidas,Distribuidora BC,Vendedor_01,20,951.87,0,951.87,19037.4,Tarjeta Crédito,No,468.45,23.5
V04569,2025-01-01,San Quintín,San Quintín-Central,Farmacia,Higiene,Surtimax,Vendedor_02,11,2065.37,20,1652.3,18175.3,Vale Despensa,Cambio de opinión,1096.47,25.4
V04570,2024-09-03,Rosarito,Rosarito-Principal,Ferretería,Herramientas,Comercial Baja,Vendedor_17,10,3126.56,0,3126.56,31265.6,Vale Despensa,No,1828.94,39.2
V04571,2024-02-09,Rosarito,Rosarito-Principal,Ferretería,Electricidad,Abastos del Pacífico,Vendedor_19,13,6151.08,0,6151.08,79964.04,Efectivo,No cumplió expectativas,3646.18,29.6
V04572,2024-01-01,Ensenada,Ensenada-Centro,Alimentos,Lácteos,Comercial Baja,Vendedor_16,6,887.04,0,887.04,5322.24,Tarjeta Débito,No,410.5,53.2
V04573,2024-07-26,Rosarito,Rosarito-Principal,Alimentos,Carnes Frías,Comercial Baja,Vendedor_15,7,208.91,5,198.46,1389.22,Efectivo,No,112.06,37.6
V04574,2025-04-04,Rosarito,Rosarito-Principal,Alimentos,Carnes Frías,Distribuidora BC,Vendedor_26,5,4348.93,0,4348.93,21744.65,Tarjeta Débito,No,2112.98,23.8
V04575,2024-11-07,Mexicali,Mexicali-Centro,Farmacia,Bebés,Abastos del Pacífico,Vendedor_06,1,4184.51,10,3766.06,3766.06,Transferencia,Talla incorrecta,2170.99,20.5
V04576,2024-10-05,Mexicali,Mexicali-Nueva,Electrónica,Laptops,Surtimax,Vendedor_01,10,5968.09,15,5072.88,50728.8,Tarjeta Débito,Cambio de opinión,3696.14,45.3
V04577,2025-05-21,San Quintín,San Quintín-Central,Electrónica,Laptops,Importaciones Mex,Vendedor_29,1,3141.54,0,3141.54,3141.54,Transferencia,Talla incorrecta,1794.29,38.2
V04578,2024-11-06,San Quintín,San Quintín-Central,Ropa,Camisas,Proveedor Norte SA,Vendedor_15,4,7526.09,15,6397.18,25588.72,Tarjeta Débito,No,5014.7,21.9
V04579,2024-10-17,Ensenada,Ensenada-Centro,Ropa,Vestidos,Proveedor Norte SA,Vendedor_04,1,7529.15,10,6776.23,6776.23,Tarjeta Débito,Cambio de opinión,3529.89,37.2
V04580,2024-12-11,Tecate,Tecate-Centro,Farmacia,Primeros Auxilios,Proveedor Norte SA,Vendedor_03,9,1639.88,0,1639.88,14758.92,Tarjeta Débito,No,983.96,25.1
V04581,2025-04-13,Tijuana,Tijuana-Otay,Ferretería,Selladores,Surtimax,Vendedor_13,14,4312.34,20,3449.87,48298.18,Tarjeta Crédito,No,2371.12,39.4
V04582,2024-10-16,Rosarito,Rosarito-Principal,Hogar,Cojines,Distribuidora BC,Vendedor_14,2,1690.04,0,1690.04,3380.08,Vale Despensa,No,1115.05,22.6
V04583,2024-11-07,Rosarito,Rosarito-Principal,Farmacia,Termómetros,Distribuidora BC,Vendedor_30,3,7574.57,0,7574.57,22723.71,Vale Despensa,No,4297.84,53.5
V04584,2025-02-03,San Quintín,San Quintín-Central,Hogar,Cojines,Importaciones Mex,Vendedor_03,9,7125.57,0,7125.57,64130.13,Tarjeta Crédito,No,4932.7,46.3
V04585,2024-05-24,Ensenada,Ensenada-Centro,Alimentos,Snacks,Importaciones Mex,Vendedor_20,8,4089.94,0,4089.94,32719.52,Transferencia,Cambio de opinión,2693.49,32.3
V04586,2024-06-01,San Quintín,San Quintín-Central,Farmacia,Termómetros,Comercial Baja,Vendedor_06,7,5438.73,25,4079.05,28553.35,Tarjeta Crédito,Duplicado,3623.47,38.7
V04587,2024-05-21,San Quintín,San Quintín-Central,Ferretería,Tornillería,Proveedor Norte SA,Vendedor_30,8,5211.61,5,4951.03,39608.24,Transferencia,Cambio de opinión,2438.93,31.1
V04588,2024-09-15,Rosarito,Rosarito-Principal,Hogar,Muebles,Proveedor Norte SA,Vendedor_30,15,2892.75,0,2892.75,43391.25,Tarjeta Crédito,No,1823.45,31.3
V04589,2024-04-07,Ensenada,Ensenada-Centro,Hogar,Lámparas,Logística Frontera,Vendedor_08,19,7256.28,20,5805.02,110295.38,Vale Despensa,Duplicado,4490.21,17.8
V04590,2025-03-29,Ensenada,Ensenada-Centro,Ropa,Ropa Interior,Comercial Baja,Vendedor_14,3,6924.46,0,6924.46,20773.38,Efectivo,Cambio de opinión,3634.87,26.9
V04591,2025-01-19,Ensenada,Ensenada-Centro,Alimentos,Bebidas,Abastos del Pacífico,Vendedor_03,11,2344.54,20,1875.63,20631.93,Transferencia,No cumplió expectativas,1087.17,31.2
V04592,2025-02-06,Mexicali,Mexicali-Centro,Farmacia,Medicamentos,Proveedor Norte SA,Vendedor_30,15,3537.53,10,3183.78,47756.7,Tarjeta Crédito,No,2277.62,23.7
V04593,2024-10-17,Mexicali,Mexicali-Nueva,Farmacia,Termómetros,Abastos del Pacífico,Vendedor_13,15,6065.51,5,5762.23,86433.45,Vale Despensa,No,3915.55,34.7
V04594,2024-06-21,San Quintín,San Quintín-Central,Ropa,Chamarras,Logística Frontera,Vendedor_26,9,6186.21,0,6186.21,55675.89,Efectivo,No,3056.24,36.6
V04595,2024-04-18,Tecate,Tecate-Centro,Electrónica,Celulares,Logística Frontera,Vendedor_27,14,6044.83,0,6044.83,84627.62,Vale Despensa,No cumplió expectativas,3645.85,48.6
V04596,2024-11-15,Tecate,Tecate-Centro,Ferretería,Electricidad,Abastos del Pacífico,Vendedor_23,19,5286.84,0,5286.84,100449.96,Vale Despensa,Defecto de fábrica,2540.03,48.9
V04597,2025-03-11,Ensenada,Ensenada-Maneadero,Electrónica,Televisores,Importaciones Mex,Vendedor_05,18,2389.67,0,2389.67,43014.06,Tarjeta Crédito,No,1548.02,52.5
V04598,2025-04-16,Rosarito,Rosarito-Principal,Ferretería,Pinturas,Abastos del Pacífico,Vendedor_12,9,290.09,0,290.09,2610.81,Transferencia,Talla incorrecta,175.19,40.2
V04599,2024-09-26,San Quintín,San Quintín-Central,Alimentos,Bebidas,Surtimax,Vendedor_26,11,7442.8,0,7442.8,81870.8,Tarjeta Débito,Talla incorrecta,4283.94,44.2
V04600,2025-03-06,Rosarito,Rosarito-Principal,Alimentos,Condimentos,Abastos del Pacífico,Vendedor_05,4,6141.73,0,6141.73,24566.92,Efectivo,No,4122.55,21.0
V04601,2025-01-15,Mexicali,Mexicali-Centro,Hogar,Cobijas,Distribuidora BC,Vendedor_07,13,3958.05,0,3958.05,51454.65,Transferencia,Duplicado,2315.51,28.2
V04602,2024-03-10,Tecate,Tecate-Centro,Ropa,Ropa Interior,Proveedor Norte SA,Vendedor_10,12,2392.26,5,2272.65,27271.8,Tarjeta Crédito,No cumplió expectativas,1402.43,37.6
V04603,2024-10-24,Tecate,Tecate-Centro,Farmacia,Bebés,Surtimax,Vendedor_28,5,6719.47,15,5711.55,28557.75,Efectivo,Defecto de fábrica,3119.8,48.1
V04604,2025-01-17,Tijuana,Tijuana-Garita,Farmacia,Anteojos,Proveedor Norte SA,Vendedor_19,1,5158.92,20,4127.14,4127.14,Tarjeta Crédito,No,3055.07,40.7
V04605,2024-06-07,Mexicali,Mexicali-Nueva,Farmacia,Vitaminas,Comercial Baja,Vendedor_02,6,2728.22,5,2591.81,15550.86,Tarjeta Débito,No,1303.23,31.5
V04606,2024-04-05,San Quintín,San Quintín-Central,Hogar,Muebles,Abastos del Pacífico,Vendedor_30,17,1327.63,0,1327.63,22569.71,Tarjeta Crédito,Cambio de opinión,892.36,49.4
V04607,2024-07-11,Rosarito,Rosarito-Principal,Farmacia,Termómetros,Distribuidora BC,Vendedor_24,9,4437.84,15,3772.16,33949.44,Efectivo,No,2347.54,37.3
V04608,2025-04-22,Mexicali,Mexicali-Baja,Hogar,Utensilios,Importaciones Mex,Vendedor_02,10,2315.01,5,2199.26,21992.6,Tarjeta Débito,Cambio de opinión,1212.17,20.7
V04609,2024-12-02,Tecate,Tecate-Centro,Alimentos,Cereales,Abastos del Pacífico,Vendedor_18,4,3502.24,0,3502.24,14008.96,Efectivo,No,2358.75,51.8
V04610,2025-03-03,Rosarito,Rosarito-Principal,Alimentos,Snacks,Distribuidora BC,Vendedor_16,14,2991.99,25,2243.99,31415.86,Vale Despensa,Defecto de fábrica,1464.26,53.0
V04611,2024-01-30,Tecate,Tecate-Centro,Alimentos,Condimentos,Comercial Baja,Vendedor_20,10,1858.79,25,1394.09,13940.9,Transferencia,No cumplió expectativas,1176.01,43.0
V04612,2024-11-08,Tecate,Tecate-Centro,Electrónica,Laptops,Surtimax,Vendedor_26,20,6599.09,20,5279.27,105585.4,Tarjeta Débito,No,3143.97,26.7
V04613,2024-10-29,Ensenada,Ensenada-Maneadero,Alimentos,Panadería,Importaciones Mex,Vendedor_23,18,1602.87,20,1282.3,23081.4,Vale Despensa,Cambio de opinión,730.33,30.7
V04614,2025-04-10,Rosarito,Rosarito-Principal,Electrónica,Audífonos,Distribuidora BC,Vendedor_11,12,3022.2,15,2568.87,30826.44,Transferencia,Duplicado,1901.78,38.1
V04615,2024-03-26,Rosarito,Rosarito-Principal,Farmacia,Higiene,Proveedor Norte SA,Vendedor_05,14,4258.85,15,3620.02,50680.28,Tarjeta Débito,Duplicado,2828.6,46.3
V04616,2025-05-26,Tecate,Tecate-Centro,Ferretería,Pinturas,Comercial Baja,Vendedor_13,20,3184.62,10,2866.16,57323.2,Vale Despensa,Duplicado,1802.36,42.8
V04617,2024-12-30,Ensenada,Ensenada-Maneadero,Alimentos,Condimentos,Logística Frontera,Vendedor_02,16,919.47,0,919.47,14711.52,Vale Despensa,Duplicado,513.13,54.4
V04618,2025-03-05,Rosarito,Rosarito-Principal,Farmacia,Bebés,Logística Frontera,Vendedor_27,11,952.07,25,714.05,7854.55,Tarjeta Crédito,Duplicado,442.35,17.0
V04619,2025-03-01,Tijuana,Tijuana-Garita,Ferretería,Pinturas,Abastos del Pacífico,Vendedor_30,14,7096.71,0,7096.71,99353.94,Transferencia,No,3481.93,46.0
V04620,2024-07-31,Rosarito,Rosarito-Principal,Ropa,Vestidos,Importaciones Mex,Vendedor_03,13,6486.63,0,6486.63,84326.19,Vale Despensa,No,3588.81,35.7
V04621,2025-03-16,Ensenada,Ensenada-Centro,Hogar,Lámparas,Comercial Baja,Vendedor_06,2,6047.28,0,6047.28,12094.56,Transferencia,No,3414.7,54.6
V04622,2024-03-15,Tecate,Tecate-Centro,Farmacia,Primeros Auxilios,Importaciones Mex,Vendedor_22,1,5808.68,25,4356.51,4356.51,Vale Despensa,No cumplió expectativas,3700.45,25.2
V04623,2024-04-20,Ensenada,Ensenada-Maneadero,Electrónica,Cables,Proveedor Norte SA,Vendedor_01,16,2241.67,0,2241.67,35866.72,Transferencia,No,1367.37,42.1
V04624,2024-09-23,Ensenada,Ensenada-Centro,Ferretería,Adhesivos,Surtimax,Vendedor_16,2,7242.15,0,7242.15,14484.3,Vale Despensa,No,4859.61,36.4
V04625,2025-01-29,Ensenada,Ensenada-Centro,Ropa,Vestidos,Comercial Baja,Vendedor_21,1,6905.32,0,6905.32,6905.32,Transferencia,No,3635.29,19.6
V04626,2024-10-19,Ensenada,Ensenada-Centro,Farmacia,Medicamentos,Proveedor Norte SA,Vendedor_23,7,709.64,0,709.64,4967.48,Transferencia,No cumplió expectativas,496.67,52.2
V04627,2025-04-28,Tecate,Tecate-Centro,Electrónica,Cámaras,Distribuidora BC,Vendedor_26,14,268.19,20,214.55,3003.7,Transferencia,Defecto de fábrica,161.62,20.7
V04628,2025-02-02,Tijuana,Tijuana-La Mesa,Hogar,Lámparas,Importaciones Mex,Vendedor_29,9,1217.36,0,1217.36,10956.24,Transferencia,No,793.28,39.2
V04629,2024-04-14,Rosarito,Rosarito-Principal,Farmacia,Vitaminas,Abastos del Pacífico,Vendedor_26,12,3280.65,20,2624.52,31494.24,Transferencia,Duplicado,2052.46,21.7
V04630,2024-04-12,Mexicali,Mexicali-Centro,Ferretería,Selladores,Proveedor Norte SA,Vendedor_23,5,6915.96,0,6915.96,34579.8,Tarjeta Crédito,Duplicado,3154.53,37.8
V04631,2024-03-14,Tecate,Tecate-Centro,Ferretería,Electricidad,Abastos del Pacífico,Vendedor_01,10,3904.69,5,3709.46,37094.6,Vale Despensa,Cambio de opinión,1899.1,42.9
V04632,2024-11-14,Ensenada,Ensenada-Centro,Farmacia,Termómetros,Logística Frontera,Vendedor_26,7,4553.01,10,4097.71,28683.97,Efectivo,Cambio de opinión,2812.2,33.7
V04633,2024-03-30,Ensenada,Ensenada-Maneadero,Hogar,Almohadas,Mayoreo TJ,Vendedor_08,6,760.24,20,608.19,3649.14,Vale Despensa,Duplicado,520.0,39.8
V04634,2024-07-17,Tijuana,Tijuana-Garita,Farmacia,Termómetros,Distribuidora BC,Vendedor_13,2,6489.22,0,6489.22,12978.44,Tarjeta Crédito,No cumplió expectativas,4301.11,35.1
V04635,2024-12-05,Tijuana,Tijuana-Zona Río,Hogar,Cobijas,Distribuidora BC,Vendedor_20,2,3058.97,25,2294.23,4588.46,Tarjeta Débito,Talla incorrecta,2022.75,36.4
V04636,2025-04-26,San Quintín,San Quintín-Central,Ferretería,Herramientas,Distribuidora BC,Vendedor_20,13,2201.17,0,2201.17,28615.21,Tarjeta Débito,No cumplió expectativas,995.93,20.2
V04637,2025-05-04,Tijuana,Tijuana-Garita,Ferretería,Adhesivos,Distribuidora BC,Vendedor_03,6,4706.41,15,4000.45,24002.7,Vale Despensa,Duplicado,2633.84,30.7
V04638,2025-02-02,Tecate,Tecate-Centro,Ropa,Vestidos,Proveedor Norte SA,Vendedor_23,17,2233.17,0,2233.17,37963.89,Tarjeta Débito,No,1541.27,35.7
V04639,2024-07-04,Tijuana,Tijuana-Garita,Electrónica,Cargadores,Mayoreo TJ,Vendedor_23,6,6450.38,0,6450.38,38702.28,Tarjeta Crédito,Cambio de opinión,3313.56,49.3
V04640,2024-05-17,Tijuana,Tijuana-La Mesa,Hogar,Lámparas,Comercial Baja,Vendedor_27,5,6823.94,0,6823.94,34119.7,Transferencia,Defecto de fábrica,4266.62,26.1
V04641,2024-12-11,Rosarito,Rosarito-Principal,Electrónica,Tabletas,Distribuidora BC,Vendedor_10,12,6002.15,0,6002.15,72025.8,Tarjeta Débito,No,2965.85,18.0
V04642,2024-03-19,Tijuana,Tijuana-La Mesa,Ropa,Chamarras,Mayoreo TJ,Vendedor_02,12,2832.9,0,2832.9,33994.8,Vale Despensa,No,1726.98,37.1
V04643,2024-12-14,Tijuana,Tijuana-La Mesa,Ferretería,Herramientas,Logística Frontera,Vendedor_15,7,4233.93,0,4233.93,29637.51,Tarjeta Débito,Duplicado,2063.57,25.6
V04644,2025-01-18,Tijuana,Tijuana-Playas,Hogar,Muebles,Mayoreo TJ,Vendedor_11,12,5987.06,20,4789.65,57475.8,Transferencia,No,2732.7,44.1
V04645,2024-03-14,Tecate,Tecate-Centro,Ferretería,Herramientas,Comercial Baja,Vendedor_05,19,5612.77,20,4490.22,85314.18,Efectivo,Talla incorrecta,3437.02,24.1
V04646,2024-04-04,Tijuana,Tijuana-Otay,Farmacia,Anteojos,Comercial Baja,Vendedor_06,16,5805.6,20,4644.48,74311.68,Transferencia,No,2690.15,20.8
V04647,2024-07-30,Ensenada,Ensenada-Centro,Electrónica,Celulares,Importaciones Mex,Vendedor_27,1,3371.69,0,3371.69,3371.69,Tarjeta Débito,Defecto de fábrica,1533.02,46.4
V04648,2024-09-18,Rosarito,Rosarito-Principal,Alimentos,Carnes Frías,Surtimax,Vendedor_26,18,5116.73,5,4860.89,87496.02,Tarjeta Débito,Talla incorrecta,3567.99,42.1
V04649,2024-08-23,San Quintín,San Quintín-Central,Ropa,Camisas,Comercial Baja,Vendedor_05,3,3880.0,5,3686.0,11058.0,Vale Despensa,No,2270.74,33.9
V04650,2024-05-24,Mexicali,Mexicali-Nueva,Hogar,Cortinas,Comercial Baja,Vendedor_22,10,629.13,0,629.13,6291.3,Transferencia,Duplicado,362.43,15.9
V04651,2025-03-13,Rosarito,Rosarito-Principal,Electrónica,Cámaras,Mayoreo TJ,Vendedor_23,20,6516.47,25,4887.35,97747.0,Transferencia,Cambio de opinión,4359.88,44.5
V04652,2024-03-08,Rosarito,Rosarito-Principal,Ferretería,Adhesivos,Surtimax,Vendedor_28,19,1235.98,5,1174.18,22309.42,Tarjeta Crédito,Duplicado,849.28,24.0
V04653,2025-01-02,San Quintín,San Quintín-Central,Farmacia,Primeros Auxilios,Logística Frontera,Vendedor_06,4,2039.61,15,1733.67,6934.68,Tarjeta Débito,Cambio de opinión,1022.45,25.2
V04654,2024-06-04,Mexicali,Mexicali-Baja,Farmacia,Bebés,Comercial Baja,Vendedor_04,1,6353.26,0,6353.26,6353.26,Efectivo,Talla incorrecta,4275.83,41.6
V04655,2025-02-10,Ensenada,Ensenada-Maneadero,Ropa,Pantalones,Comercial Baja,Vendedor_22,10,2749.42,20,2199.54,21995.4,Tarjeta Débito,Defecto de fábrica,1803.89,28.5
V04656,2025-03-21,Tecate,Tecate-Centro,Hogar,Decoración,Importaciones Mex,Vendedor_12,15,1927.63,0,1927.63,28914.45,Tarjeta Débito,No,929.78,33.9
V04657,2025-05-06,Tijuana,Tijuana-Garita,Electrónica,Laptops,Logística Frontera,Vendedor_14,4,6355.15,0,6355.15,25420.6,Vale Despensa,Cambio de opinión,4080.4,23.1
V04658,2024-10-21,Tecate,Tecate-Centro,Farmacia,Bebés,Distribuidora BC,Vendedor_23,13,5439.14,0,5439.14,70708.82,Vale Despensa,No,2473.3,16.9
V04659,2024-07-04,Ensenada,Ensenada-Maneadero,Alimentos,Bebidas,Proveedor Norte SA,Vendedor_13,10,4814.31,20,3851.45,38514.5,Transferencia,Duplicado,2244.91,47.1
V04660,2024-11-23,Rosarito,Rosarito-Principal,Electrónica,Cámaras,Logística Frontera,Vendedor_28,6,5243.13,10,4718.82,28312.92,Transferencia,No cumplió expectativas,3464.79,51.9
V04661,2024-07-22,Tijuana,Tijuana-Zona Río,Ropa,Camisas,Proveedor Norte SA,Vendedor_25,16,3092.66,10,2783.39,44534.24,Vale Despensa,No,1762.27,22.7
V04662,2025-01-04,Rosarito,Rosarito-Principal,Ropa,Chamarras,Importaciones Mex,Vendedor_07,20,7711.34,15,6554.64,131092.8,Tarjeta Débito,Talla incorrecta,3603.47,43.6
V04663,2025-03-01,Tecate,Tecate-Centro,Alimentos,Carnes Frías,Importaciones Mex,Vendedor_12,9,1110.4,0,1110.4,9993.6,Tarjeta Crédito,No,533.91,39.7
V04664,2024-06-10,Rosarito,Rosarito-Principal,Farmacia,Termómetros,Logística Frontera,Vendedor_08,16,6507.93,25,4880.95,78095.2,Vale Despensa,Defecto de fábrica,4550.91,49.2
V04665,2025-03-11,Rosarito,Rosarito-Principal,Ropa,Gorras,Abastos del Pacífico,Vendedor_10,20,6773.87,20,5419.1,108382.0,Tarjeta Crédito,No,3656.83,23.7
V04666,2025-05-13,Rosarito,Rosarito-Principal,Ferretería,Electricidad,Abastos del Pacífico,Vendedor_10,9,197.04,5,187.19,1684.71,Tarjeta Crédito,No,122.84,52.2
V04667,2024-12-14,Ensenada,Ensenada-Centro,Hogar,Almohadas,Mayoreo TJ,Vendedor_17,5,4166.15,10,3749.53,18747.65,Tarjeta Débito,Duplicado,2288.14,24.3
V04668,2024-04-26,San Quintín,San Quintín-Central,Electrónica,Laptops,Importaciones Mex,Vendedor_24,6,5198.77,25,3899.08,23394.48,Efectivo,Duplicado,3535.46,16.4
V04669,2025-03-15,Tijuana,Tijuana-Playas,Hogar,Decoración,Abastos del Pacífico,Vendedor_24,7,3607.05,0,3607.05,25249.35,Efectivo,Talla incorrecta,1691.9,47.9
V04670,2024-03-01,Tijuana,Tijuana-Zona Río,Electrónica,Tabletas,Surtimax,Vendedor_18,9,7542.18,20,6033.74,54303.66,Efectivo,No,4868.44,29.5
V04671,2024-09-04,Tijuana,Tijuana-Zona Río,Alimentos,Snacks,Proveedor Norte SA,Vendedor_08,16,2405.57,25,1804.18,28866.88,Efectivo,No,1390.78,36.2
V04672,2024-11-16,Rosarito,Rosarito-Principal,Alimentos,Bebidas,Abastos del Pacífico,Vendedor_28,6,3133.16,0,3133.16,18798.96,Tarjeta Débito,No,2053.41,24.2
V04673,2024-05-17,Tecate,Tecate-Centro,Ropa,Zapatos,Distribuidora BC,Vendedor_28,16,2718.07,0,2718.07,43489.12,Vale Despensa,Talla incorrecta,1341.59,36.4
V04674,2024-03-28,Tijuana,Tijuana-Otay,Electrónica,Cargadores,Proveedor Norte SA,Vendedor_12,15,639.86,0,639.86,9597.9,Vale Despensa,No,301.94,33.4
V04675,2024-09-06,San Quintín,San Quintín-Central,Farmacia,Medicamentos,Proveedor Norte SA,Vendedor_19,5,5679.92,20,4543.94,22719.7,Tarjeta Crédito,Duplicado,3207.31,44.6
V04676,2025-01-29,San Quintín,San Quintín-Central,Hogar,Decoración,Surtimax,Vendedor_17,9,5822.67,5,5531.54,49783.86,Tarjeta Débito,Cambio de opinión,3508.87,25.3
V04677,2024-08-16,Mexicali,Mexicali-Baja,Ropa,Zapatos,Logística Frontera,Vendedor_15,2,1795.92,0,1795.92,3591.84,Efectivo,Defecto de fábrica,979.29,31.2
V04678,2024-05-08,Mexicali,Mexicali-Centro,Alimentos,Lácteos,Distribuidora BC,Vendedor_19,4,2959.47,0,2959.47,11837.88,Tarjeta Crédito,No,1340.6,15.2
V04679,2024-04-14,Tijuana,Tijuana-Otay,Ferretería,Adhesivos,Comercial Baja,Vendedor_24,17,1116.9,25,837.68,14240.56,Tarjeta Crédito,No,529.89,30.5
V04680,2024-09-23,Tecate,Tecate-Centro,Farmacia,Cuidado Personal,Comercial Baja,Vendedor_07,2,3632.14,25,2724.11,5448.22,Transferencia,Duplicado,2273.6,18.2
V04681,2024-06-18,Mexicali,Mexicali-Baja,Ropa,Ropa Interior,Mayoreo TJ,Vendedor_22,14,2844.61,10,2560.15,35842.1,Vale Despensa,No cumplió expectativas,1909.11,27.0
V04682,2024-01-02,Tecate,Tecate-Centro,Electrónica,Televisores,Distribuidora BC,Vendedor_21,19,4909.98,10,4418.98,83960.62,Tarjeta Débito,No,2676.68,39.3
V04683,2024-10-31,Ensenada,Ensenada-Centro,Alimentos,Bebidas,Proveedor Norte SA,Vendedor_10,20,2415.43,15,2053.12,41062.4,Vale Despensa,Defecto de fábrica,1689.18,47.1
V04684,2024-10-05,Ensenada,Ensenada-Maneadero,Electrónica,Audífonos,Surtimax,Vendedor_29,9,3123.73,15,2655.17,23896.53,Transferencia,No,1986.94,51.2
V04685,2024-09-08,Tecate,Tecate-Centro,Alimentos,Conservas,Proveedor Norte SA,Vendedor_02,6,3455.95,0,3455.95,20735.7,Efectivo,Cambio de opinión,2207.31,28.1
V04686,2024-01-27,Mexicali,Mexicali-Nueva,Electrónica,Audífonos,Abastos del Pacífico,Vendedor_06,12,251.58,0,251.58,3018.96,Vale Despensa,No,158.38,25.8
V04687,2024-11-03,Tijuana,Tijuana-Garita,Ropa,Pantalones,Logística Frontera,Vendedor_06,2,3699.15,0,3699.15,7398.3,Tarjeta Débito,Duplicado,1687.22,52.0
V04688,2024-10-22,Ensenada,Ensenada-Centro,Farmacia,Bebés,Importaciones Mex,Vendedor_15,7,3732.63,25,2799.47,19596.29,Tarjeta Débito,Talla incorrecta,1873.71,43.7
V04689,2024-03-11,Tecate,Tecate-Centro,Alimentos,Condimentos,Comercial Baja,Vendedor_15,13,841.48,5,799.41,10392.33,Tarjeta Crédito,No,500.23,35.6
V04690,2024-11-22,Rosarito,Rosarito-Principal,Ropa,Ropa Interior,Surtimax,Vendedor_11,11,7266.34,0,7266.34,79929.74,Vale Despensa,Duplicado,4306.29,19.8
V04691,2024-09-02,Ensenada,Ensenada-Centro,Alimentos,Carnes Frías,Comercial Baja,Vendedor_05,10,3396.98,0,3396.98,33969.8,Tarjeta Crédito,No,1728.45,54.4
V04692,2024-05-01,Rosarito,Rosarito-Principal,Ferretería,Selladores,Logística Frontera,Vendedor_24,9,5858.39,20,4686.71,42180.39,Tarjeta Débito,Cambio de opinión,3167.62,47.3
V04693,2024-12-05,San Quintín,San Quintín-Central,Ferretería,Selladores,Proveedor Norte SA,Vendedor_04,16,4652.99,5,4420.34,70725.44,Tarjeta Crédito,No,3206.32,53.3
V04694,2024-10-05,Rosarito,Rosarito-Principal,Hogar,Cojines,Proveedor Norte SA,Vendedor_21,11,4603.85,10,4143.47,45578.17,Tarjeta Crédito,No,3104.15,41.4
V04695,2025-04-30,Mexicali,Mexicali-Nueva,Hogar,Decoración,Proveedor Norte SA,Vendedor_20,9,1949.51,0,1949.51,17545.59,Vale Despensa,No,1049.86,49.4
V04696,2024-11-11,Rosarito,Rosarito-Principal,Alimentos,Snacks,Mayoreo TJ,Vendedor_15,9,2875.74,5,2731.95,24587.55,Tarjeta Crédito,Defecto de fábrica,1554.9,40.4
V04697,2024-09-03,San Quintín,San Quintín-Central,Electrónica,Audífonos,Abastos del Pacífico,Vendedor_19,1,1460.41,15,1241.35,1241.35,Tarjeta Débito,Duplicado,796.22,24.0
V04698,2024-02-12,Tijuana,Tijuana-Otay,Electrónica,Laptops,Abastos del Pacífico,Vendedor_01,10,279.18,15,237.3,2373.0,Transferencia,Cambio de opinión,150.72,51.3
V04699,2024-11-13,San Quintín,San Quintín-Central,Electrónica,Cables,Distribuidora BC,Vendedor_14,7,3315.94,20,2652.75,18569.25,Transferencia,No,2210.06,30.0
V04700,2025-01-02,Ensenada,Ensenada-Maneadero,Hogar,Cojines,Logística Frontera,Vendedor_07,9,6805.73,0,6805.73,61251.57,Transferencia,No,4763.45,47.2
V04701,2024-02-17,Mexicali,Mexicali-Centro,Ferretería,Plomería,Distribuidora BC,Vendedor_04,3,636.88,0,636.88,1910.64,Efectivo,No,321.13,34.6
V04702,2024-04-06,Mexicali,Mexicali-Nueva,Ferretería,Herramientas,Abastos del Pacífico,Vendedor_18,16,7111.11,25,5333.33,85333.28,Transferencia,No,4830.3,42.7
V04703,2025-03-19,Tecate,Tecate-Centro,Hogar,Utensilios,Proveedor Norte SA,Vendedor_20,3,7450.98,5,7078.43,21235.29,Vale Despensa,No,3751.2,51.0
V04704,2024-10-02,Tijuana,Tijuana-Otay,Hogar,Cobijas,Surtimax,Vendedor_10,4,6318.5,0,6318.5,25274.0,Tarjeta Débito,Defecto de fábrica,4416.28,24.2
V04705,2024-11-20,Tecate,Tecate-Centro,Hogar,Cojines,Comercial Baja,Vendedor_06,8,4146.27,10,3731.64,29853.12,Tarjeta Crédito,Duplicado,2613.87,15.5
V04706,2024-01-19,Ensenada,Ensenada-Centro,Farmacia,Bebés,Importaciones Mex,Vendedor_06,5,4193.58,20,3354.86,16774.3,Tarjeta Débito,Defecto de fábrica,1924.11,15.4
V04707,2024-08-22,San Quintín,San Quintín-Central,Hogar,Almohadas,Surtimax,Vendedor_11,16,531.3,0,531.3,8500.8,Tarjeta Crédito,No,287.36,17.0
V04708,2024-11-04,Tijuana,Tijuana-Zona Río,Electrónica,Cámaras,Abastos del Pacífico,Vendedor_26,3,6794.1,20,5435.28,16305.84,Transferencia,No cumplió expectativas,3292.68,27.2
V04709,2024-01-17,Tecate,Tecate-Centro,Hogar,Muebles,Proveedor Norte SA,Vendedor_02,3,6626.52,0,6626.52,19879.56,Tarjeta Débito,No,4049.19,30.7
V04710,2025-01-02,Ensenada,Ensenada-Centro,Ropa,Ropa Interior,Logística Frontera,Vendedor_05,9,5268.2,25,3951.15,35560.35,Tarjeta Crédito,No,2568.36,28.6
V04711,2025-01-06,Mexicali,Mexicali-Centro,Hogar,Cortinas,Comercial Baja,Vendedor_06,1,6045.25,0,6045.25,6045.25,Tarjeta Crédito,Duplicado,3340.13,30.4
V04712,2024-03-16,Mexicali,Mexicali-Baja,Ropa,Chamarras,Proveedor Norte SA,Vendedor_01,18,1572.36,10,1415.12,25472.16,Efectivo,No,1070.86,21.7
V04713,2025-02-02,Mexicali,Mexicali-Centro,Electrónica,Celulares,Mayoreo TJ,Vendedor_12,1,3621.48,20,2897.18,2897.18,Vale Despensa,No,1965.06,45.4
V04714,2024-11-14,Rosarito,Rosarito-Principal,Alimentos,Panadería,Logística Frontera,Vendedor_06,17,933.88,0,933.88,15875.96,Efectivo,No,533.26,44.4
V04715,2024-10-21,Tecate,Tecate-Centro,Farmacia,Higiene,Distribuidora BC,Vendedor_07,2,668.42,10,601.58,1203.16,Transferencia,No,380.98,32.5
V04716,2025-01-28,San Quintín,San Quintín-Central,Ferretería,Electricidad,Mayoreo TJ,Vendedor_15,5,6087.67,0,6087.67,30438.35,Vale Despensa,Duplicado,3209.02,27.3
V04717,2024-02-17,San Quintín,San Quintín-Central,Electrónica,Cámaras,Comercial Baja,Vendedor_02,7,1952.05,5,1854.45,12981.15,Tarjeta Débito,No,1295.62,35.6
V04718,2024-10-26,San Quintín,San Quintín-Central,Ropa,Ropa Interior,Comercial Baja,Vendedor_21,2,6008.13,25,4506.1,9012.2,Tarjeta Débito,No,3120.76,51.4
V04719,2025-03-19,Tecate,Tecate-Centro,Farmacia,Primeros Auxilios,Distribuidora BC,Vendedor_08,9,3094.39,25,2320.79,20887.11,Efectivo,No,1456.74,17.8
V04720,2024-12-29,Ensenada,Ensenada-Centro,Ropa,Pantalones,Distribuidora BC,Vendedor_06,12,7830.38,0,7830.38,93964.56,Tarjeta Débito,No,4356.91,54.0
V04721,2024-05-31,Rosarito,Rosarito-Principal,Hogar,Muebles,Surtimax,Vendedor_04,8,4090.32,0,4090.32,32722.56,Efectivo,Duplicado,2092.61,38.4
V04722,2025-04-05,San Quintín,San Quintín-Central,Ropa,Ropa Interior,Importaciones Mex,Vendedor_03,12,5774.69,10,5197.22,62366.64,Transferencia,Defecto de fábrica,3179.15,41.4
V04723,2024-02-25,Tijuana,Tijuana-Garita,Farmacia,Cuidado Personal,Importaciones Mex,Vendedor_02,16,6653.62,10,5988.26,95812.16,Vale Despensa,No,3158.67,18.1
V04724,2024-10-07,Mexicali,Mexicali-Centro,Hogar,Decoración,Distribuidora BC,Vendedor_15,11,3533.94,10,3180.55,34986.05,Tarjeta Débito,No,2259.67,22.8
V04725,2025-01-12,Tijuana,Tijuana-La Mesa,Alimentos,Panadería,Distribuidora BC,Vendedor_27,13,6736.13,25,5052.1,65677.3,Tarjeta Crédito,No,4271.83,17.9
V04726,2025-01-31,Tecate,Tecate-Centro,Alimentos,Bebidas,Mayoreo TJ,Vendedor_03,18,6335.94,0,6335.94,114046.92,Tarjeta Débito,Cambio de opinión,3538.9,50.6
V04727,2024-05-08,Tecate,Tecate-Centro,Alimentos,Condimentos,Logística Frontera,Vendedor_11,6,7293.84,0,7293.84,43763.04,Tarjeta Débito,No,5007.7,37.6
V04728,2024-01-16,San Quintín,San Quintín-Central,Electrónica,Cables,Logística Frontera,Vendedor_28,4,2292.29,10,2063.06,8252.24,Efectivo,No,1047.52,28.0
V04729,2024-01-20,Mexicali,Mexicali-Nueva,Farmacia,Medicamentos,Abastos del Pacífico,Vendedor_23,6,5334.76,10,4801.28,28807.68,Efectivo,No,3328.97,38.6
V04730,2024-04-13,San Quintín,San Quintín-Central,Ferretería,Selladores,Comercial Baja,Vendedor_01,8,2666.68,0,2666.68,21333.44,Vale Despensa,Talla incorrecta,1506.18,44.6
V04731,2025-03-09,Ensenada,Ensenada-Maneadero,Alimentos,Bebidas,Abastos del Pacífico,Vendedor_16,3,3407.06,25,2555.3,7665.9,Efectivo,No,2108.56,36.0
V04732,2024-07-01,Tecate,Tecate-Centro,Hogar,Decoración,Importaciones Mex,Vendedor_18,18,990.07,20,792.06,14257.08,Tarjeta Crédito,Defecto de fábrica,481.66,35.6
V04733,2024-03-26,Tecate,Tecate-Centro,Electrónica,Laptops,Proveedor Norte SA,Vendedor_13,10,6965.6,15,5920.76,59207.6,Vale Despensa,No,4501.78,37.3
V04734,2025-05-16,Tijuana,Tijuana-Garita,Ferretería,Pinturas,Logística Frontera,Vendedor_17,18,689.81,25,517.36,9312.48,Efectivo,Duplicado,406.9,27.8
V04735,2025-04-14,San Quintín,San Quintín-Central,Ferretería,Selladores,Abastos del Pacífico,Vendedor_19,12,6921.81,25,5191.36,62296.32,Tarjeta Crédito,Talla incorrecta,3617.38,20.6
V04736,2024-07-20,Tijuana,Tijuana-Otay,Farmacia,Primeros Auxilios,Abastos del Pacífico,Vendedor_19,18,7715.26,20,6172.21,111099.78,Vale Despensa,No,4135.55,18.8
V04737,2025-03-08,Mexicali,Mexicali-Nueva,Farmacia,Bebés,Logística Frontera,Vendedor_12,4,3738.65,0,3738.65,14954.6,Efectivo,No,2267.16,21.7
V04738,2024-07-12,Ensenada,Ensenada-Centro,Ropa,Zapatos,Importaciones Mex,Vendedor_18,18,4177.42,25,3133.07,56395.26,Efectivo,Defecto de fábrica,2822.06,44.2
V04739,2024-05-27,Tecate,Tecate-Centro,Alimentos,Snacks,Mayoreo TJ,Vendedor_05,14,4611.67,0,4611.67,64563.38,Tarjeta Crédito,No,2975.29,37.7
V04740,2025-01-03,San Quintín,San Quintín-Central,Ropa,Gorras,Mayoreo TJ,Vendedor_23,1,3435.38,0,3435.38,3435.38,Transferencia,Duplicado,1657.07,47.1
V04741,2024-01-16,Tijuana,Tijuana-La Mesa,Hogar,Cortinas,Comercial Baja,Vendedor_07,19,2980.38,10,2682.34,50964.46,Efectivo,No,1520.37,27.9
V04742,2024-07-27,Mexicali,Mexicali-Baja,Alimentos,Conservas,Abastos del Pacífico,Vendedor_18,17,7862.81,0,7862.81,133667.77,Tarjeta Débito,Defecto de fábrica,4646.27,35.7
V04743,2025-04-01,Tecate,Tecate-Centro,Alimentos,Cereales,Distribuidora BC,Vendedor_30,5,3930.5,10,3537.45,17687.25,Vale Despensa,No,2689.41,32.2
V04744,2024-01-02,Mexicali,Mexicali-Baja,Farmacia,Medicamentos,Mayoreo TJ,Vendedor_07,5,333.93,25,250.45,1252.25,Vale Despensa,No cumplió expectativas,187.23,51.8
V04745,2024-06-21,Tecate,Tecate-Centro,Ferretería,Brochas,Mayoreo TJ,Vendedor_09,11,3834.92,0,3834.92,42184.12,Tarjeta Crédito,Cambio de opinión,1964.17,16.8
V04746,2024-08-07,Mexicali,Mexicali-Nueva,Ferretería,Plomería,Comercial Baja,Vendedor_21,1,6499.44,0,6499.44,6499.44,Tarjeta Crédito,No,4252.02,16.4
V04747,2024-08-08,Mexicali,Mexicali-Nueva,Alimentos,Panadería,Distribuidora BC,Vendedor_18,19,1218.72,0,1218.72,23155.68,Efectivo,Talla incorrecta,620.69,26.1
V04748,2024-12-04,Tijuana,Tijuana-La Mesa,Electrónica,Audífonos,Surtimax,Vendedor_01,2,6592.37,5,6262.75,12525.5,Vale Despensa,Cambio de opinión,3184.15,34.8
V04749,2025-05-20,Ensenada,Ensenada-Maneadero,Ferretería,Adhesivos,Logística Frontera,Vendedor_14,20,7994.15,0,7994.15,159883.0,Transferencia,Cambio de opinión,4113.54,50.2
V04750,2024-12-08,Mexicali,Mexicali-Centro,Ropa,Calcetines,Logística Frontera,Vendedor_14,6,7765.3,10,6988.77,41932.62,Tarjeta Crédito,Defecto de fábrica,5357.69,18.7
V04751,2025-02-21,San Quintín,San Quintín-Central,Alimentos,Lácteos,Distribuidora BC,Vendedor_30,2,3125.41,10,2812.87,5625.74,Tarjeta Débito,No,1617.31,16.0
V04752,2024-04-27,Tijuana,Tijuana-La Mesa,Farmacia,Medicamentos,Distribuidora BC,Vendedor_04,9,6493.25,0,6493.25,58439.25,Transferencia,No,3007.64,30.9
V04753,2024-07-04,San Quintín,San Quintín-Central,Electrónica,Cables,Abastos del Pacífico,Vendedor_18,14,4902.82,0,4902.82,68639.48,Tarjeta Crédito,Talla incorrecta,2781.09,44.2
V04754,2024-02-05,Mexicali,Mexicali-Centro,Hogar,Cojines,Mayoreo TJ,Vendedor_09,3,601.99,10,541.79,1625.37,Tarjeta Crédito,No,303.16,38.4
V04755,2024-05-31,San Quintín,San Quintín-Central,Electrónica,Cargadores,Abastos del Pacífico,Vendedor_24,10,6389.14,20,5111.31,51113.1,Efectivo,No,4005.96,34.7
V04756,2025-05-17,Ensenada,Ensenada-Maneadero,Ropa,Gorras,Abastos del Pacífico,Vendedor_30,17,5415.85,0,5415.85,92069.45,Efectivo,Defecto de fábrica,2855.1,30.6
V04757,2024-03-16,Tijuana,Tijuana-Otay,Hogar,Utensilios,Distribuidora BC,Vendedor_22,16,7452.23,15,6334.4,101350.4,Transferencia,No,4619.92,23.0
V04758,2024-10-12,San Quintín,San Quintín-Central,Farmacia,Vitaminas,Comercial Baja,Vendedor_21,4,2071.27,0,2071.27,8285.08,Vale Despensa,Defecto de fábrica,1332.54,49.5
V04759,2024-02-28,Tecate,Tecate-Centro,Alimentos,Lácteos,Importaciones Mex,Vendedor_28,16,6615.79,0,6615.79,105852.64,Vale Despensa,Duplicado,3460.02,33.5
V04760,2025-03-02,San Quintín,San Quintín-Central,Farmacia,Primeros Auxilios,Mayoreo TJ,Vendedor_05,2,1186.65,25,889.99,1779.98,Tarjeta Débito,Cambio de opinión,627.31,32.8
V04761,2025-05-28,Tijuana,Tijuana-La Mesa,Farmacia,Primeros Auxilios,Surtimax,Vendedor_27,9,444.02,0,444.02,3996.18,Tarjeta Débito,No,229.07,25.6
V04762,2024-08-11,San Quintín,San Quintín-Central,Farmacia,Bebés,Comercial Baja,Vendedor_03,13,3459.95,20,2767.96,35983.48,Vale Despensa,No,1593.33,18.6
V04763,2025-05-03,San Quintín,San Quintín-Central,Hogar,Cojines,Logística Frontera,Vendedor_20,12,1965.99,25,1474.49,17693.88,Transferencia,No,1039.74,31.2
V04764,2025-02-10,Ensenada,Ensenada-Maneadero,Alimentos,Cereales,Logística Frontera,Vendedor_19,13,5296.37,25,3972.28,51639.64,Efectivo,No,2674.32,43.1
V04765,2024-11-04,Tijuana,Tijuana-La Mesa,Ferretería,Electricidad,Mayoreo TJ,Vendedor_04,6,7280.84,5,6916.8,41500.8,Transferencia,No cumplió expectativas,5085.12,25.2
V04766,2024-05-16,Ensenada,Ensenada-Centro,Farmacia,Higiene,Logística Frontera,Vendedor_13,10,6984.35,10,6285.92,62859.2,Efectivo,Talla incorrecta,3166.0,26.4
V04767,2024-04-12,Rosarito,Rosarito-Principal,Alimentos,Snacks,Importaciones Mex,Vendedor_14,17,6701.3,15,5696.1,96833.7,Tarjeta Crédito,No,3142.15,26.7
V04768,2025-02-26,Rosarito,Rosarito-Principal,Alimentos,Bebidas,Importaciones Mex,Vendedor_20,16,4318.59,5,4102.66,65642.56,Transferencia,No,2565.95,16.3
V04769,2024-02-20,Ensenada,Ensenada-Maneadero,Ferretería,Plomería,Surtimax,Vendedor_02,1,6136.58,0,6136.58,6136.58,Vale Despensa,No,3270.65,41.3
V04770,2024-02-08,Mexicali,Mexicali-Baja,Alimentos,Conservas,Logística Frontera,Vendedor_06,9,942.47,20,753.98,6785.82,Tarjeta Débito,No cumplió expectativas,586.32,16.7
V04771,2024-05-28,San Quintín,San Quintín-Central,Ferretería,Adhesivos,Surtimax,Vendedor_11,4,70.51,5,66.98,267.92,Vale Despensa,Talla incorrecta,38.02,39.6
V04772,2025-03-25,San Quintín,San Quintín-Central,Ferretería,Tornillería,Abastos del Pacífico,Vendedor_13,20,7308.43,0,7308.43,146168.6,Tarjeta Crédito,Talla incorrecta,3878.32,47.1
V04773,2024-07-28,Tecate,Tecate-Centro,Electrónica,Laptops,Proveedor Norte SA,Vendedor_22,1,917.94,25,688.46,688.46,Tarjeta Débito,No cumplió expectativas,447.76,29.2
V04774,2024-05-04,Rosarito,Rosarito-Principal,Hogar,Lámparas,Mayoreo TJ,Vendedor_27,20,7017.49,10,6315.74,126314.8,Efectivo,No,4305.8,28.5
V04775,2025-05-25,Ensenada,Ensenada-Centro,Electrónica,Laptops,Abastos del Pacífico,Vendedor_04,14,6921.86,10,6229.67,87215.38,Efectivo,No cumplió expectativas,3969.04,34.1
V04776,2024-02-12,Mexicali,Mexicali-Centro,Alimentos,Carnes Frías,Surtimax,Vendedor_11,12,4383.23,10,3944.91,47338.92,Vale Despensa,Duplicado,2628.67,52.1
V04777,2024-07-08,Mexicali,Mexicali-Centro,Ropa,Pantalones,Importaciones Mex,Vendedor_09,3,1256.95,5,1194.1,3582.3,Transferencia,Cambio de opinión,684.9,30.5
V04778,2024-08-20,Rosarito,Rosarito-Principal,Ropa,Calcetines,Logística Frontera,Vendedor_28,11,7784.58,0,7784.58,85630.38,Tarjeta Crédito,No,3531.22,30.4
V04779,2024-10-08,Tijuana,Tijuana-Playas,Hogar,Lámparas,Logística Frontera,Vendedor_09,11,5579.63,0,5579.63,61375.93,Transferencia,No,3030.12,39.8
V04780,2024-07-12,Tecate,Tecate-Centro,Electrónica,Cámaras,Importaciones Mex,Vendedor_07,7,2405.02,0,2405.02,16835.14,Tarjeta Débito,No,1654.76,51.3
V04781,2025-04-04,Ensenada,Ensenada-Centro,Hogar,Decoración,Abastos del Pacífico,Vendedor_12,1,932.89,0,932.89,932.89,Vale Despensa,No,452.91,53.3
V04782,2024-05-24,Ensenada,Ensenada-Centro,Ferretería,Selladores,Surtimax,Vendedor_25,3,4490.71,20,3592.57,10777.71,Vale Despensa,Duplicado,2566.98,15.1
V04783,2024-05-10,Ensenada,Ensenada-Centro,Hogar,Cojines,Logística Frontera,Vendedor_22,16,383.2,0,383.2,6131.2,Vale Despensa,No,202.5,54.1
V04784,2025-02-18,Mexicali,Mexicali-Baja,Hogar,Almohadas,Abastos del Pacífico,Vendedor_08,7,3563.74,0,3563.74,24946.18,Tarjeta Débito,No cumplió expectativas,2089.08,33.4
V04785,2024-10-21,Ensenada,Ensenada-Maneadero,Electrónica,Laptops,Surtimax,Vendedor_20,3,5365.42,0,5365.42,16096.26,Tarjeta Débito,Duplicado,3615.7,24.1
V04786,2024-05-03,Ensenada,Ensenada-Centro,Hogar,Cobijas,Abastos del Pacífico,Vendedor_12,18,4118.35,0,4118.35,74130.3,Vale Despensa,No,2635.31,30.3
V04787,2024-01-20,Ensenada,Ensenada-Centro,Ropa,Gorras,Logística Frontera,Vendedor_18,15,2288.69,25,1716.52,25747.8,Efectivo,No,1147.57,28.5
V04788,2024-08-25,Rosarito,Rosarito-Principal,Ferretería,Tornillería,Proveedor Norte SA,Vendedor_13,5,2181.7,10,1963.53,9817.65,Vale Despensa,No,1263.77,23.6
V04789,2025-02-05,Rosarito,Rosarito-Principal,Ferretería,Plomería,Abastos del Pacífico,Vendedor_07,1,5347.97,20,4278.38,4278.38,Vale Despensa,No cumplió expectativas,3347.12,24.2
V04790,2024-12-29,Tijuana,Tijuana-Zona Río,Ropa,Chamarras,Surtimax,Vendedor_14,9,3788.54,25,2841.4,25572.6,Efectivo,Cambio de opinión,2519.33,41.6
V04791,2024-11-14,San Quintín,San Quintín-Central,Ferretería,Selladores,Distribuidora BC,Vendedor_27,16,2916.72,0,2916.72,46667.52,Tarjeta Débito,No,1754.49,31.5
V04792,2024-12-21,Ensenada,Ensenada-Maneadero,Ferretería,Tornillería,Distribuidora BC,Vendedor_21,19,3711.82,0,3711.82,70524.58,Efectivo,No,2249.11,38.5
V04793,2024-06-13,Tijuana,Tijuana-Otay,Hogar,Utensilios,Distribuidora BC,Vendedor_04,16,2516.21,25,1887.16,30194.56,Vale Despensa,No,1448.38,26.3
V04794,2024-06-30,Ensenada,Ensenada-Centro,Farmacia,Vitaminas,Distribuidora BC,Vendedor_22,1,6388.92,25,4791.69,4791.69,Vale Despensa,Duplicado,4130.17,19.4
V04795,2024-06-23,San Quintín,San Quintín-Central,Alimentos,Lácteos,Distribuidora BC,Vendedor_21,9,5477.48,10,4929.73,44367.57,Vale Despensa,No,3623.57,25.6
V04796,2024-11-09,Ensenada,Ensenada-Centro,Ropa,Ropa Interior,Comercial Baja,Vendedor_30,16,971.31,0,971.31,15540.96,Tarjeta Crédito,Cambio de opinión,669.69,45.0
V04797,2024-01-25,San Quintín,San Quintín-Central,Hogar,Decoración,Comercial Baja,Vendedor_02,16,1036.89,5,985.05,15760.8,Tarjeta Débito,Cambio de opinión,516.59,33.1
V04798,2024-05-20,Tijuana,Tijuana-Otay,Alimentos,Snacks,Importaciones Mex,Vendedor_28,4,3045.46,0,3045.46,12181.84,Tarjeta Crédito,Defecto de fábrica,1762.09,46.2
V04799,2024-09-27,Rosarito,Rosarito-Principal,Ferretería,Adhesivos,Mayoreo TJ,Vendedor_09,6,709.56,20,567.65,3405.9,Efectivo,No,384.23,35.3
V04800,2024-06-09,Tecate,Tecate-Centro,Ropa,Ropa Interior,Mayoreo TJ,Vendedor_20,12,4783.05,15,4065.59,48787.08,Transferencia,No cumplió expectativas,2729.45,16.3
V04801,2024-06-10,Ensenada,Ensenada-Maneadero,Alimentos,Conservas,Surtimax,Vendedor_10,5,7310.41,10,6579.37,32896.85,Vale Despensa,Defecto de fábrica,4614.89,33.1
V04802,2024-09-01,Mexicali,Mexicali-Nueva,Electrónica,Celulares,Surtimax,Vendedor_22,15,4823.21,20,3858.57,57878.55,Tarjeta Débito,Duplicado,2720.23,48.8
V04803,2024-03-28,Tecate,Tecate-Centro,Ropa,Zapatos,Surtimax,Vendedor_12,15,456.73,0,456.73,6850.95,Transferencia,No,296.29,22.6
V04804,2024-03-13,Rosarito,Rosarito-Principal,Farmacia,Vitaminas,Abastos del Pacífico,Vendedor_21,5,3174.23,20,2539.38,12696.9,Transferencia,No,1642.62,37.3
V04805,2024-01-17,Tecate,Tecate-Centro,Hogar,Utensilios,Abastos del Pacífico,Vendedor_13,8,6541.79,0,6541.79,52334.32,Tarjeta Débito,Duplicado,4506.94,35.7
V04806,2025-04-12,San Quintín,San Quintín-Central,Ropa,Calcetines,Logística Frontera,Vendedor_30,4,5030.35,25,3772.76,15091.04,Efectivo,No,2683.29,53.7
V04807,2024-07-09,Tijuana,Tijuana-Zona Río,Farmacia,Anteojos,Comercial Baja,Vendedor_13,6,2689.4,15,2285.99,13715.94,Efectivo,No,1510.18,33.5
V04808,2025-01-17,Tecate,Tecate-Centro,Electrónica,Tabletas,Mayoreo TJ,Vendedor_26,1,7026.89,0,7026.89,7026.89,Vale Despensa,No,3954.33,48.6
V04809,2025-03-31,Ensenada,Ensenada-Centro,Hogar,Lámparas,Surtimax,Vendedor_01,19,4731.53,10,4258.38,80909.22,Efectivo,Cambio de opinión,2843.44,17.0
V04810,2024-11-24,Ensenada,Ensenada-Maneadero,Electrónica,Cámaras,Logística Frontera,Vendedor_14,6,5297.07,0,5297.07,31782.42,Efectivo,Duplicado,2512.09,48.8
V04811,2024-07-07,Ensenada,Ensenada-Maneadero,Ropa,Chamarras,Distribuidora BC,Vendedor_12,15,5054.28,0,5054.28,75814.2,Vale Despensa,Defecto de fábrica,2355.09,24.2
V04812,2024-03-17,Tijuana,Tijuana-Zona Río,Farmacia,Cuidado Personal,Surtimax,Vendedor_21,4,4776.38,5,4537.56,18150.24,Efectivo,No,2570.13,20.1
V04813,2025-05-06,Mexicali,Mexicali-Baja,Alimentos,Snacks,Importaciones Mex,Vendedor_16,1,6660.77,20,5328.62,5328.62,Transferencia,Talla incorrecta,3635.35,33.7
V04814,2025-03-05,San Quintín,San Quintín-Central,Hogar,Muebles,Proveedor Norte SA,Vendedor_12,2,3452.54,15,2934.66,5869.32,Efectivo,Cambio de opinión,1629.69,24.2
V04815,2025-04-10,Rosarito,Rosarito-Principal,Electrónica,Laptops,Proveedor Norte SA,Vendedor_09,2,5292.38,10,4763.14,9526.28,Tarjeta Débito,No,3588.54,54.7
V04816,2025-03-19,Mexicali,Mexicali-Baja,Ropa,Pantalones,Surtimax,Vendedor_29,10,3663.4,0,3663.4,36634.0,Tarjeta Crédito,Talla incorrecta,1791.68,26.6
V04817,2024-04-16,San Quintín,San Quintín-Central,Electrónica,Tabletas,Abastos del Pacífico,Vendedor_24,10,7455.8,0,7455.8,74558.0,Vale Despensa,No cumplió expectativas,4410.71,49.9
V04818,2024-09-02,Tecate,Tecate-Centro,Ferretería,Plomería,Importaciones Mex,Vendedor_28,16,2657.15,0,2657.15,42514.4,Vale Despensa,No,1468.06,35.0
V04819,2025-02-19,Ensenada,Ensenada-Maneadero,Electrónica,Cables,Logística Frontera,Vendedor_15,11,7755.71,10,6980.14,76781.54,Efectivo,No,5353.02,49.1
V04820,2024-04-16,Tijuana,Tijuana-Zona Río,Alimentos,Condimentos,Importaciones Mex,Vendedor_20,11,4562.51,20,3650.01,40150.11,Tarjeta Crédito,No cumplió expectativas,3046.11,47.7
V04821,2025-04-10,San Quintín,San Quintín-Central,Ferretería,Plomería,Logística Frontera,Vendedor_09,11,89.35,10,80.41,884.51,Vale Despensa,No,54.75,17.5
V04822,2024-11-13,Mexicali,Mexicali-Centro,Electrónica,Cámaras,Surtimax,Vendedor_30,4,6541.57,25,4906.18,19624.72,Efectivo,No,4012.6,42.0
V04823,2024-09-12,Mexicali,Mexicali-Nueva,Hogar,Muebles,Abastos del Pacífico,Vendedor_27,17,6724.28,0,6724.28,114312.76,Vale Despensa,No,4706.52,16.3
V04824,2024-02-26,Tijuana,Tijuana-Zona Río,Farmacia,Vitaminas,Distribuidora BC,Vendedor_02,16,5575.83,5,5297.04,84752.64,Tarjeta Crédito,Talla incorrecta,3149.01,35.3
V04825,2024-12-23,San Quintín,San Quintín-Central,Alimentos,Panadería,Comercial Baja,Vendedor_05,5,2079.37,5,1975.4,9877.0,Efectivo,No,1441.65,51.4
V04826,2024-10-06,Tijuana,Tijuana-Zona Río,Farmacia,Bebés,Mayoreo TJ,Vendedor_13,1,653.09,0,653.09,653.09,Tarjeta Crédito,No,440.57,36.0
V04827,2024-06-25,Mexicali,Mexicali-Centro,Hogar,Decoración,Proveedor Norte SA,Vendedor_01,14,2885.78,10,2597.2,36360.8,Vale Despensa,Defecto de fábrica,2019.92,36.7
V04828,2024-09-02,Rosarito,Rosarito-Principal,Farmacia,Anteojos,Comercial Baja,Vendedor_06,10,2422.09,0,2422.09,24220.9,Tarjeta Débito,No,1198.18,29.7
V04829,2024-03-14,Tecate,Tecate-Centro,Electrónica,Audífonos,Comercial Baja,Vendedor_07,10,4531.34,15,3851.64,38516.4,Tarjeta Débito,Defecto de fábrica,2564.1,49.5
V04830,2024-09-09,San Quintín,San Quintín-Central,Ferretería,Herramientas,Distribuidora BC,Vendedor_01,15,1932.91,25,1449.68,21745.2,Tarjeta Débito,Talla incorrecta,1265.14,27.8
V04831,2024-12-04,Mexicali,Mexicali-Baja,Farmacia,Bebés,Surtimax,Vendedor_04,7,6871.44,5,6527.87,45695.09,Tarjeta Crédito,No,4238.29,40.0
V04832,2024-05-17,Rosarito,Rosarito-Principal,Electrónica,Televisores,Comercial Baja,Vendedor_25,16,3984.3,20,3187.44,50999.04,Vale Despensa,Duplicado,2602.27,52.5
V04833,2025-01-21,Rosarito,Rosarito-Principal,Electrónica,Celulares,Surtimax,Vendedor_22,15,815.25,0,815.25,12228.75,Vale Despensa,Defecto de fábrica,554.48,50.7
V04834,2025-04-24,Rosarito,Rosarito-Principal,Electrónica,Audífonos,Abastos del Pacífico,Vendedor_16,15,1195.57,5,1135.79,17036.85,Tarjeta Débito,No,577.16,29.9
V04835,2024-06-29,Ensenada,Ensenada-Maneadero,Hogar,Muebles,Comercial Baja,Vendedor_07,1,7201.28,25,5400.96,5400.96,Transferencia,No,4751.3,23.4
V04836,2025-03-22,Tijuana,Tijuana-Playas,Hogar,Lámparas,Abastos del Pacífico,Vendedor_22,13,7807.84,0,7807.84,101501.92,Transferencia,No cumplió expectativas,4533.35,45.7
V04837,2024-06-23,Mexicali,Mexicali-Baja,Ropa,Chamarras,Surtimax,Vendedor_24,9,1394.42,0,1394.42,12549.78,Tarjeta Crédito,No,728.79,48.0
V04838,2024-03-13,San Quintín,San Quintín-Central,Ferretería,Adhesivos,Distribuidora BC,Vendedor_22,5,7502.49,5,7127.37,35636.85,Tarjeta Débito,No,3729.89,16.3
V04839,2024-11-02,Ensenada,Ensenada-Maneadero,Ropa,Pantalones,Surtimax,Vendedor_14,7,3853.02,15,3275.07,22925.49,Tarjeta Crédito,No,2571.9,44.9
V04840,2024-04-08,Ensenada,Ensenada-Maneadero,Hogar,Cobijas,Importaciones Mex,Vendedor_03,10,2102.75,10,1892.48,18924.8,Transferencia,No,1327.24,43.6
V04841,2024-08-12,Tecate,Tecate-Centro,Electrónica,Cámaras,Proveedor Norte SA,Vendedor_09,8,487.01,0,487.01,3896.08,Transferencia,No,251.51,20.0
V04842,2025-01-18,Mexicali,Mexicali-Nueva,Electrónica,Cables,Proveedor Norte SA,Vendedor_23,1,6438.4,20,5150.72,5150.72,Vale Despensa,No,4132.16,31.8
V04843,2025-05-29,Tijuana,Tijuana-Otay,Farmacia,Vitaminas,Comercial Baja,Vendedor_26,17,5037.24,0,5037.24,85633.08,Tarjeta Débito,Defecto de fábrica,2613.71,53.0
V04844,2024-05-29,Tecate,Tecate-Centro,Ropa,Camisas,Abastos del Pacífico,Vendedor_27,15,7694.55,25,5770.91,86563.65,Vale Despensa,No cumplió expectativas,4277.59,54.7
V04845,2024-04-01,Tecate,Tecate-Centro,Ropa,Chamarras,Proveedor Norte SA,Vendedor_02,2,4973.29,20,3978.63,7957.26,Vale Despensa,No,2699.99,37.2
V04846,2025-03-23,Ensenada,Ensenada-Centro,Farmacia,Primeros Auxilios,Mayoreo TJ,Vendedor_04,3,5533.74,15,4703.68,14111.04,Tarjeta Débito,No,3100.48,43.8
V04847,2024-03-02,Ensenada,Ensenada-Centro,Hogar,Lámparas,Abastos del Pacífico,Vendedor_17,16,3890.8,20,3112.64,49802.24,Tarjeta Débito,No,2585.52,43.5
V04848,2024-11-18,Tecate,Tecate-Centro,Electrónica,Laptops,Comercial Baja,Vendedor_03,18,6185.63,10,5567.07,100207.26,Tarjeta Débito,Cambio de opinión,3121.83,41.6
V04849,2024-01-19,Rosarito,Rosarito-Principal,Farmacia,Anteojos,Logística Frontera,Vendedor_22,8,1709.89,0,1709.89,13679.12,Tarjeta Débito,Defecto de fábrica,1147.29,50.1
V04850,2024-09-02,Ensenada,Ensenada-Maneadero,Ferretería,Pinturas,Surtimax,Vendedor_18,20,5362.22,5,5094.11,101882.2,Efectivo,Defecto de fábrica,3667.25,35.0
V04851,2024-04-04,Tecate,Tecate-Centro,Alimentos,Snacks,Distribuidora BC,Vendedor_02,13,2281.96,20,1825.57,23732.41,Transferencia,Defecto de fábrica,1579.62,51.5
V04852,2024-04-03,San Quintín,San Quintín-Central,Ferretería,Adhesivos,Importaciones Mex,Vendedor_23,13,5959.26,0,5959.26,77470.38,Tarjeta Débito,No,3536.71,36.7
V04853,2024-01-18,Ensenada,Ensenada-Centro,Hogar,Almohadas,Distribuidora BC,Vendedor_18,12,6199.91,10,5579.92,66959.04,Transferencia,Talla incorrecta,3656.53,50.0
V04854,2024-12-13,Mexicali,Mexicali-Baja,Alimentos,Carnes Frías,Logística Frontera,Vendedor_06,6,3109.01,0,3109.01,18654.06,Transferencia,Talla incorrecta,2079.16,53.6
V04855,2024-06-08,Rosarito,Rosarito-Principal,Ropa,Chamarras,Importaciones Mex,Vendedor_26,3,553.84,0,553.84,1661.52,Tarjeta Débito,Talla incorrecta,324.87,23.3
V04856,2025-01-02,Tijuana,Tijuana-La Mesa,Electrónica,Tabletas,Importaciones Mex,Vendedor_15,20,5216.56,25,3912.42,78248.4,Transferencia,No,2826.72,53.0
V04857,2024-05-21,San Quintín,San Quintín-Central,Farmacia,Vitaminas,Comercial Baja,Vendedor_05,12,222.0,10,199.8,2397.6,Tarjeta Crédito,Defecto de fábrica,133.7,25.9
V04858,2024-07-16,Tijuana,Tijuana-Otay,Hogar,Almohadas,Proveedor Norte SA,Vendedor_30,3,2134.41,10,1920.97,5762.91,Vale Despensa,Duplicado,1233.97,50.4
V04859,2024-11-27,Ensenada,Ensenada-Maneadero,Alimentos,Lácteos,Logística Frontera,Vendedor_26,12,5727.06,0,5727.06,68724.72,Tarjeta Débito,Cambio de opinión,2819.24,28.6
V04860,2024-12-25,Tijuana,Tijuana-Playas,Electrónica,Tabletas,Abastos del Pacífico,Vendedor_28,5,6031.41,5,5729.84,28649.2,Efectivo,No,3068.77,44.4
V04861,2024-03-20,San Quintín,San Quintín-Central,Electrónica,Cargadores,Importaciones Mex,Vendedor_16,4,3449.14,5,3276.68,13106.72,Tarjeta Débito,Talla incorrecta,2364.33,42.9
V04862,2025-01-14,Tecate,Tecate-Centro,Farmacia,Medicamentos,Mayoreo TJ,Vendedor_03,7,4117.46,0,4117.46,28822.22,Efectivo,No cumplió expectativas,1931.7,35.7
V04863,2025-05-08,Tijuana,Tijuana-Zona Río,Ferretería,Plomería,Importaciones Mex,Vendedor_29,17,5317.99,0,5317.99,90405.83,Tarjeta Débito,No,2667.78,39.0
V04864,2024-06-14,Tijuana,Tijuana-Otay,Ferretería,Pinturas,Mayoreo TJ,Vendedor_18,1,5060.68,20,4048.54,4048.54,Vale Despensa,Defecto de fábrica,2792.25,51.8
V04865,2025-03-07,San Quintín,San Quintín-Central,Ferretería,Pinturas,Importaciones Mex,Vendedor_29,11,2164.44,5,2056.22,22618.42,Tarjeta Crédito,No cumplió expectativas,1247.52,37.4
V04866,2025-05-21,Ensenada,Ensenada-Maneadero,Hogar,Almohadas,Proveedor Norte SA,Vendedor_06,14,4026.95,25,3020.21,42282.94,Tarjeta Crédito,No,2097.75,25.5
V04867,2024-10-06,Mexicali,Mexicali-Centro,Farmacia,Bebés,Mayoreo TJ,Vendedor_22,9,7483.4,20,5986.72,53880.48,Transferencia,Defecto de fábrica,3422.31,20.8
V04868,2024-02-07,Tijuana,Tijuana-La Mesa,Alimentos,Panadería,Logística Frontera,Vendedor_15,9,7870.4,0,7870.4,70833.6,Transferencia,Talla incorrecta,4605.92,37.0
V04869,2025-01-19,Mexicali,Mexicali-Baja,Ropa,Pantalones,Distribuidora BC,Vendedor_09,12,2720.15,20,2176.12,26113.44,Efectivo,No,1754.65,48.4
V04870,2024-07-11,Rosarito,Rosarito-Principal,Alimentos,Panadería,Abastos del Pacífico,Vendedor_07,15,2628.69,20,2102.95,31544.25,Tarjeta Débito,No cumplió expectativas,1354.15,42.3
V04871,2025-01-21,Tijuana,Tijuana-Zona Río,Farmacia,Vitaminas,Distribuidora BC,Vendedor_23,12,619.85,25,464.89,5578.68,Tarjeta Crédito,No,326.34,32.0
V04872,2024-05-05,Ensenada,Ensenada-Maneadero,Ferretería,Herramientas,Comercial Baja,Vendedor_02,16,4220.71,15,3587.6,57401.6,Transferencia,Defecto de fábrica,2022.1,25.3
V04873,2025-03-03,Tijuana,Tijuana-Otay,Ropa,Zapatos,Abastos del Pacífico,Vendedor_30,19,6618.75,15,5625.94,106892.86,Tarjeta Crédito,Defecto de fábrica,3840.56,49.2
V04874,2024-08-07,Mexicali,Mexicali-Centro,Ferretería,Adhesivos,Proveedor Norte SA,Vendedor_26,10,231.97,10,208.77,2087.7,Tarjeta Crédito,No,135.36,47.5
V04875,2024-11-26,Ensenada,Ensenada-Maneadero,Farmacia,Vitaminas,Surtimax,Vendedor_15,10,4288.36,25,3216.27,32162.7,Transferencia,No,2490.75,20.2
V04876,2024-02-18,San Quintín,San Quintín-Central,Hogar,Muebles,Abastos del Pacífico,Vendedor_12,8,5100.82,25,3825.61,30604.88,Vale Despensa,Duplicado,3187.84,45.5
V04877,2024-07-18,Tecate,Tecate-Centro,Alimentos,Cereales,Proveedor Norte SA,Vendedor_19,7,3528.82,10,3175.94,22231.58,Transferencia,Cambio de opinión,1635.33,28.5
V04878,2024-04-01,Tijuana,Tijuana-Garita,Farmacia,Cuidado Personal,Mayoreo TJ,Vendedor_22,8,1692.47,10,1523.22,12185.76,Transferencia,No,1057.64,39.9
V04879,2024-05-28,Tecate,Tecate-Centro,Electrónica,Cargadores,Distribuidora BC,Vendedor_27,1,1913.4,10,1722.06,1722.06,Efectivo,No,919.56,44.8
V04880,2024-02-17,Ensenada,Ensenada-Centro,Hogar,Cojines,Surtimax,Vendedor_16,3,7227.62,5,6866.24,20598.72,Transferencia,No,4181.8,36.9
V04881,2024-03-30,Tecate,Tecate-Centro,Electrónica,Cargadores,Abastos del Pacífico,Vendedor_13,1,6720.43,0,6720.43,6720.43,Vale Despensa,Talla incorrecta,3314.82,21.6
V04882,2025-03-24,Mexicali,Mexicali-Nueva,Alimentos,Snacks,Logística Frontera,Vendedor_04,10,682.66,0,682.66,6826.6,Vale Despensa,No,462.66,47.9
V04883,2024-04-22,San Quintín,San Quintín-Central,Hogar,Lámparas,Logística Frontera,Vendedor_17,7,5191.5,0,5191.5,36340.5,Tarjeta Débito,No,3296.71,37.4
V04884,2024-08-26,Mexicali,Mexicali-Baja,Hogar,Cojines,Comercial Baja,Vendedor_24,14,2197.26,10,1977.53,27685.42,Efectivo,No,1281.0,42.7
V04885,2024-08-24,Rosarito,Rosarito-Principal,Farmacia,Cuidado Personal,Logística Frontera,Vendedor_11,16,2572.87,10,2315.58,37049.28,Transferencia,No,1229.22,48.4
V04886,2024-07-25,Tecate,Tecate-Centro,Hogar,Utensilios,Proveedor Norte SA,Vendedor_15,20,7523.73,25,5642.8,112856.0,Efectivo,Talla incorrecta,3626.53,22.6
V04887,2024-10-03,Tecate,Tecate-Centro,Farmacia,Higiene,Importaciones Mex,Vendedor_15,12,5805.99,15,4935.09,59221.08,Tarjeta Débito,No cumplió expectativas,3467.79,38.7
V04888,2025-02-27,Tecate,Tecate-Centro,Alimentos,Bebidas,Importaciones Mex,Vendedor_13,18,2041.36,15,1735.16,31232.88,Tarjeta Crédito,Talla incorrecta,1017.95,24.7
V04889,2024-11-24,Rosarito,Rosarito-Principal,Hogar,Cojines,Logística Frontera,Vendedor_24,15,1064.39,25,798.29,11974.35,Vale Despensa,No,555.08,48.7
V04890,2024-12-07,Ensenada,Ensenada-Centro,Electrónica,Televisores,Abastos del Pacífico,Vendedor_23,19,7813.4,25,5860.05,111340.95,Efectivo,No,3650.96,37.9
V04891,2024-07-10,San Quintín,San Quintín-Central,Farmacia,Anteojos,Importaciones Mex,Vendedor_13,19,5512.81,5,5237.17,99506.23,Efectivo,No,3677.03,43.2
V04892,2025-05-26,Tecate,Tecate-Centro,Farmacia,Termómetros,Importaciones Mex,Vendedor_23,1,5901.05,0,5901.05,5901.05,Tarjeta Débito,No,3423.1,50.2
V04893,2024-12-08,Tijuana,Tijuana-Otay,Hogar,Cobijas,Abastos del Pacífico,Vendedor_09,3,2279.78,5,2165.79,6497.37,Transferencia,No cumplió expectativas,1300.5,50.0
V04894,2024-12-02,Ensenada,Ensenada-Maneadero,Farmacia,Cuidado Personal,Surtimax,Vendedor_10,5,5832.6,0,5832.6,29163.0,Transferencia,Defecto de fábrica,3304.26,35.9
V04895,2024-12-05,Rosarito,Rosarito-Principal,Ferretería,Herramientas,Comercial Baja,Vendedor_10,19,6028.64,15,5124.34,97362.46,Tarjeta Débito,Cambio de opinión,2724.01,20.1
V04896,2024-04-06,Rosarito,Rosarito-Principal,Ropa,Chamarras,Mayoreo TJ,Vendedor_28,15,6394.14,5,6074.43,91116.45,Tarjeta Crédito,Cambio de opinión,3185.12,35.1
V04897,2024-10-06,Rosarito,Rosarito-Principal,Electrónica,Tabletas,Mayoreo TJ,Vendedor_18,6,7287.22,25,5465.41,32792.46,Vale Despensa,No,4857.88,48.1
V04898,2024-12-10,San Quintín,San Quintín-Central,Ferretería,Selladores,Comercial Baja,Vendedor_11,17,2566.31,5,2437.99,41445.83,Efectivo,Duplicado,1267.63,21.0
V04899,2025-01-28,Tecate,Tecate-Centro,Electrónica,Cargadores,Mayoreo TJ,Vendedor_30,11,6384.34,0,6384.34,70227.74,Tarjeta Débito,Defecto de fábrica,3112.58,34.8
V04900,2024-01-18,Tijuana,Tijuana-Otay,Ropa,Pantalones,Abastos del Pacífico,Vendedor_18,15,1932.63,5,1836.0,27540.0,Tarjeta Crédito,Defecto de fábrica,874.65,42.5
V04901,2025-01-10,Ensenada,Ensenada-Centro,Ferretería,Plomería,Comercial Baja,Vendedor_21,11,4504.9,15,3829.16,42120.76,Vale Despensa,Defecto de fábrica,2239.9,46.2
V04902,2024-05-04,Tijuana,Tijuana-Garita,Farmacia,Higiene,Proveedor Norte SA,Vendedor_21,9,5281.68,10,4753.51,42781.59,Transferencia,Duplicado,3490.53,15.0
V04903,2024-07-11,Ensenada,Ensenada-Maneadero,Farmacia,Termómetros,Logística Frontera,Vendedor_01,19,485.16,0,485.16,9218.04,Transferencia,No,251.57,18.9
V04904,2024-08-17,Tijuana,Tijuana-Garita,Ferretería,Tornillería,Surtimax,Vendedor_02,4,1494.21,10,1344.79,5379.16,Efectivo,No cumplió expectativas,681.92,24.8
V04905,2024-11-18,Mexicali,Mexicali-Nueva,Ropa,Pantalones,Distribuidora BC,Vendedor_10,18,1777.42,0,1777.42,31993.56,Tarjeta Débito,No,1019.75,27.7
V04906,2024-04-05,Mexicali,Mexicali-Centro,Electrónica,Audífonos,Distribuidora BC,Vendedor_20,13,6263.4,0,6263.4,81424.2,Vale Despensa,Defecto de fábrica,3350.08,42.3
V04907,2024-03-31,Tijuana,Tijuana-Garita,Alimentos,Condimentos,Importaciones Mex,Vendedor_21,6,4044.13,10,3639.72,21838.32,Tarjeta Crédito,Cambio de opinión,2669.8,43.5
V04908,2024-03-29,Rosarito,Rosarito-Principal,Farmacia,Vitaminas,Abastos del Pacífico,Vendedor_08,20,5017.47,25,3763.1,75262.0,Efectivo,No,3091.47,38.8
V04909,2025-03-21,San Quintín,San Quintín-Central,Electrónica,Cargadores,Proveedor Norte SA,Vendedor_03,4,2247.05,5,2134.7,8538.8,Tarjeta Crédito,No,1072.79,52.0
V04910,2024-05-29,Ensenada,Ensenada-Centro,Electrónica,Cables,Proveedor Norte SA,Vendedor_20,13,2135.82,15,1815.45,23600.85,Vale Despensa,Defecto de fábrica,1061.73,22.1
V04911,2025-04-11,Tecate,Tecate-Centro,Hogar,Decoración,Surtimax,Vendedor_21,20,1203.44,5,1143.27,22865.4,Tarjeta Débito,No cumplió expectativas,557.0,54.9
V04912,2024-04-06,Ensenada,Ensenada-Maneadero,Alimentos,Cereales,Comercial Baja,Vendedor_27,20,5516.92,25,4137.69,82753.8,Efectivo,No,3715.02,20.7
V04913,2025-04-06,Rosarito,Rosarito-Principal,Alimentos,Snacks,Surtimax,Vendedor_26,12,820.52,0,820.52,9846.24,Tarjeta Débito,No cumplió expectativas,420.12,44.9
V04914,2025-03-11,Ensenada,Ensenada-Maneadero,Electrónica,Cámaras,Comercial Baja,Vendedor_18,13,5357.79,0,5357.79,69651.27,Transferencia,No,3519.34,38.0
V04915,2024-02-16,Tijuana,Tijuana-Otay,Farmacia,Higiene,Proveedor Norte SA,Vendedor_05,10,4367.76,15,3712.6,37126.0,Transferencia,Cambio de opinión,2784.74,32.1
V04916,2024-06-18,Tecate,Tecate-Centro,Alimentos,Snacks,Logística Frontera,Vendedor_17,5,847.21,20,677.77,3388.85,Efectivo,No,513.18,15.7
V04917,2025-04-30,Tijuana,Tijuana-Playas,Alimentos,Lácteos,Surtimax,Vendedor_22,10,5666.49,0,5666.49,56664.9,Transferencia,Defecto de fábrica,2976.49,46.0
V04918,2024-04-07,San Quintín,San Quintín-Central,Hogar,Cobijas,Importaciones Mex,Vendedor_08,13,4673.99,0,4673.99,60761.87,Tarjeta Crédito,No,3218.58,29.4
V04919,2025-04-09,Mexicali,Mexicali-Nueva,Alimentos,Carnes Frías,Importaciones Mex,Vendedor_07,14,216.29,0,216.29,3028.06,Efectivo,No,100.06,43.5
V04920,2024-09-21,Tijuana,Tijuana-Zona Río,Alimentos,Lácteos,Proveedor Norte SA,Vendedor_07,13,394.13,15,335.01,4355.13,Tarjeta Crédito,No,202.53,28.6
V04921,2024-09-06,Ensenada,Ensenada-Maneadero,Alimentos,Conservas,Surtimax,Vendedor_02,9,677.84,25,508.38,4575.42,Tarjeta Crédito,No,472.53,26.9
V04922,2025-01-15,San Quintín,San Quintín-Central,Farmacia,Higiene,Surtimax,Vendedor_12,19,6051.73,0,6051.73,114982.87,Tarjeta Crédito,Cambio de opinión,4146.37,18.5
V04923,2024-10-27,Rosarito,Rosarito-Principal,Electrónica,Laptops,Mayoreo TJ,Vendedor_06,19,6459.27,10,5813.34,110453.46,Vale Despensa,Cambio de opinión,3288.72,40.0
V04924,2025-03-24,Rosarito,Rosarito-Principal,Farmacia,Termómetros,Abastos del Pacífico,Vendedor_24,5,7918.84,10,7126.96,35634.8,Tarjeta Débito,No,3570.43,26.1
V04925,2024-03-09,Ensenada,Ensenada-Maneadero,Electrónica,Audífonos,Importaciones Mex,Vendedor_18,10,7780.89,20,6224.71,62247.1,Vale Despensa,No,5119.57,35.2
V04926,2024-04-14,Tijuana,Tijuana-Garita,Farmacia,Bebés,Distribuidora BC,Vendedor_04,12,5772.64,0,5772.64,69271.68,Vale Despensa,No cumplió expectativas,3450.7,50.0
V04927,2025-01-13,Tecate,Tecate-Centro,Ropa,Pantalones,Abastos del Pacífico,Vendedor_08,13,7694.96,20,6155.97,80027.61,Transferencia,No,5132.2,15.0
V04928,2024-12-22,San Quintín,San Quintín-Central,Farmacia,Cuidado Personal,Logística Frontera,Vendedor_01,3,1659.95,0,1659.95,4979.85,Transferencia,No,1023.49,40.2
V04929,2025-03-29,Ensenada,Ensenada-Maneadero,Ferretería,Electricidad,Surtimax,Vendedor_20,13,6802.14,10,6121.93,79585.09,Tarjeta Débito,Duplicado,4234.57,22.8
V04930,2024-04-13,San Quintín,San Quintín-Central,Ropa,Ropa Interior,Distribuidora BC,Vendedor_26,9,6049.42,25,4537.07,40833.63,Transferencia,No,4114.11,29.6
V04931,2024-08-05,San Quintín,San Quintín-Central,Alimentos,Condimentos,Abastos del Pacífico,Vendedor_12,13,3245.87,0,3245.87,42196.31,Tarjeta Crédito,Duplicado,1873.48,19.6
V04932,2025-02-03,Tijuana,Tijuana-Garita,Electrónica,Cables,Importaciones Mex,Vendedor_20,15,4584.35,20,3667.48,55012.2,Tarjeta Débito,No,2384.66,38.4
V04933,2024-06-25,Tecate,Tecate-Centro,Ropa,Chamarras,Surtimax,Vendedor_03,20,2302.89,20,1842.31,36846.2,Tarjeta Crédito,No,1275.55,43.5
V04934,2025-05-26,Mexicali,Mexicali-Baja,Ferretería,Electricidad,Importaciones Mex,Vendedor_23,3,3579.64,10,3221.68,9665.04,Tarjeta Débito,Duplicado,1981.97,52.6
V04935,2024-08-07,Tijuana,Tijuana-Garita,Hogar,Almohadas,Surtimax,Vendedor_02,12,3849.03,0,3849.03,46188.36,Tarjeta Débito,Cambio de opinión,2047.9,36.9
V04936,2024-04-21,San Quintín,San Quintín-Central,Hogar,Decoración,Logística Frontera,Vendedor_13,13,7368.9,0,7368.9,95795.7,Tarjeta Crédito,No,4337.01,49.1
V04937,2025-03-15,Tecate,Tecate-Centro,Ferretería,Adhesivos,Importaciones Mex,Vendedor_28,10,6853.43,20,5482.74,54827.4,Transferencia,Defecto de fábrica,4585.75,23.1
V04938,2024-04-10,Mexicali,Mexicali-Baja,Ropa,Calcetines,Mayoreo TJ,Vendedor_03,16,3267.68,0,3267.68,52282.88,Transferencia,No,1653.21,30.5
V04939,2024-02-15,Ensenada,Ensenada-Maneadero,Hogar,Cortinas,Mayoreo TJ,Vendedor_16,13,1891.72,0,1891.72,24592.36,Transferencia,No,1209.64,52.1
V04940,2024-09-22,San Quintín,San Quintín-Central,Hogar,Decoración,Abastos del Pacífico,Vendedor_14,3,5714.3,20,4571.44,13714.32,Tarjeta Crédito,No,3561.27,44.7
V04941,2025-02-08,Tecate,Tecate-Centro,Hogar,Utensilios,Mayoreo TJ,Vendedor_27,6,272.72,0,272.72,1636.32,Tarjeta Débito,Talla incorrecta,140.14,51.6
V04942,2024-03-30,San Quintín,San Quintín-Central,Alimentos,Condimentos,Abastos del Pacífico,Vendedor_09,20,1435.64,10,1292.08,25841.6,Vale Despensa,No,903.66,22.4
V04943,2024-03-13,Tijuana,Tijuana-Playas,Ferretería,Pinturas,Importaciones Mex,Vendedor_07,16,255.06,15,216.8,3468.8,Vale Despensa,No,155.45,15.7
V04944,2025-03-03,Tijuana,Tijuana-Otay,Farmacia,Cuidado Personal,Proveedor Norte SA,Vendedor_11,13,6002.36,15,5102.01,66326.13,Tarjeta Débito,No,3938.63,40.9
V04945,2025-01-29,San Quintín,San Quintín-Central,Ferretería,Adhesivos,Abastos del Pacífico,Vendedor_19,18,738.94,5,701.99,12635.82,Transferencia,Defecto de fábrica,459.94,27.3
V04946,2025-03-27,Rosarito,Rosarito-Principal,Hogar,Lámparas,Abastos del Pacífico,Vendedor_07,1,554.96,5,527.21,527.21,Vale Despensa,No,345.84,45.6
V04947,2025-02-09,Ensenada,Ensenada-Centro,Alimentos,Panadería,Distribuidora BC,Vendedor_07,3,826.47,20,661.18,1983.54,Efectivo,No,454.02,28.1
V04948,2024-01-21,Rosarito,Rosarito-Principal,Ropa,Calcetines,Proveedor Norte SA,Vendedor_11,10,750.79,0,750.79,7507.9,Transferencia,No,505.8,54.8
V04949,2024-11-03,San Quintín,San Quintín-Central,Alimentos,Panadería,Importaciones Mex,Vendedor_17,6,6267.09,0,6267.09,37602.54,Transferencia,No,2924.61,23.6
V04950,2024-10-02,Rosarito,Rosarito-Principal,Hogar,Cojines,Proveedor Norte SA,Vendedor_11,9,2739.69,10,2465.72,22191.48,Transferencia,No,1853.96,23.1
V04951,2024-12-27,Tijuana,Tijuana-Garita,Ferretería,Adhesivos,Mayoreo TJ,Vendedor_27,9,1101.22,0,1101.22,9910.98,Tarjeta Crédito,No,596.8,40.6
V04952,2024-03-26,Tecate,Tecate-Centro,Hogar,Cojines,Importaciones Mex,Vendedor_27,5,423.65,0,423.65,2118.25,Transferencia,No,256.02,32.4
V04953,2024-12-26,Tijuana,Tijuana-La Mesa,Ropa,Zapatos,Importaciones Mex,Vendedor_13,18,6045.79,5,5743.5,103383.0,Vale Despensa,No,3875.47,28.3
V04954,2024-07-28,Tijuana,Tijuana-Garita,Electrónica,Cargadores,Abastos del Pacífico,Vendedor_05,9,5429.48,5,5158.01,46422.09,Vale Despensa,Talla incorrecta,2683.8,44.1
V04955,2025-01-13,Tecate,Tecate-Centro,Electrónica,Tabletas,Distribuidora BC,Vendedor_25,8,2131.97,5,2025.37,16202.96,Tarjeta Débito,No,968.23,54.4
V04956,2025-03-11,Tecate,Tecate-Centro,Ferretería,Tornillería,Abastos del Pacífico,Vendedor_17,18,6570.01,5,6241.51,112347.18,Tarjeta Débito,Defecto de fábrica,3828.28,33.0
V04957,2025-02-15,Mexicali,Mexicali-Nueva,Farmacia,Termómetros,Surtimax,Vendedor_29,12,314.17,10,282.75,3393.0,Tarjeta Débito,Cambio de opinión,211.33,42.0
V04958,2025-01-29,Tijuana,Tijuana-La Mesa,Hogar,Muebles,Abastos del Pacífico,Vendedor_15,19,3847.13,0,3847.13,73095.47,Tarjeta Crédito,Defecto de fábrica,1985.01,40.8
V04959,2025-02-20,Ensenada,Ensenada-Centro,Alimentos,Conservas,Surtimax,Vendedor_29,3,7626.95,25,5720.21,17160.63,Transferencia,Talla incorrecta,3826.22,30.6
V04960,2024-03-12,Tecate,Tecate-Centro,Electrónica,Laptops,Importaciones Mex,Vendedor_01,7,6759.83,0,6759.83,47318.81,Tarjeta Débito,No cumplió expectativas,4546.75,34.9
V04961,2024-03-29,Tecate,Tecate-Centro,Hogar,Cojines,Proveedor Norte SA,Vendedor_07,18,7986.72,0,7986.72,143760.96,Tarjeta Crédito,No,3651.23,44.0
V04962,2024-01-10,Ensenada,Ensenada-Centro,Electrónica,Cables,Mayoreo TJ,Vendedor_10,17,1209.13,15,1027.76,17471.92,Vale Despensa,Cambio de opinión,643.89,53.9
V04963,2024-06-12,Tijuana,Tijuana-Garita,Farmacia,Anteojos,Distribuidora BC,Vendedor_29,19,4226.95,5,4015.6,76296.4,Tarjeta Crédito,Talla incorrecta,2736.6,40.3
V04964,2025-01-22,Tecate,Tecate-Centro,Ferretería,Brochas,Abastos del Pacífico,Vendedor_30,13,1908.0,10,1717.2,22323.6,Transferencia,No,1111.87,39.6
V04965,2025-04-08,Tijuana,Tijuana-Garita,Farmacia,Termómetros,Logística Frontera,Vendedor_28,8,1709.71,0,1709.71,13677.68,Transferencia,No,1132.25,25.8
V04966,2024-10-16,Rosarito,Rosarito-Principal,Electrónica,Celulares,Surtimax,Vendedor_25,1,3007.54,25,2255.65,2255.65,Tarjeta Crédito,Cambio de opinión,1544.16,37.3
V04967,2024-09-29,Ensenada,Ensenada-Maneadero,Farmacia,Primeros Auxilios,Proveedor Norte SA,Vendedor_12,19,1417.02,0,1417.02,26923.38,Tarjeta Crédito,Duplicado,880.69,33.2
V04968,2025-03-11,Rosarito,Rosarito-Principal,Farmacia,Cuidado Personal,Proveedor Norte SA,Vendedor_25,17,102.44,0,102.44,1741.48,Transferencia,Defecto de fábrica,55.51,43.6
V04969,2024-01-10,Mexicali,Mexicali-Nueva,Ropa,Ropa Interior,Logística Frontera,Vendedor_06,14,6143.38,25,4607.53,64505.42,Transferencia,Defecto de fábrica,2825.68,35.6
V04970,2024-08-09,Rosarito,Rosarito-Principal,Alimentos,Panadería,Proveedor Norte SA,Vendedor_30,7,5905.99,10,5315.39,37207.73,Tarjeta Crédito,No,2978.24,50.9
V04971,2025-05-29,Mexicali,Mexicali-Baja,Hogar,Lámparas,Logística Frontera,Vendedor_25,16,7489.72,20,5991.78,95868.48,Transferencia,Defecto de fábrica,4591.06,47.1
V04972,2024-06-24,Rosarito,Rosarito-Principal,Alimentos,Panadería,Mayoreo TJ,Vendedor_09,19,2040.46,0,2040.46,38768.74,Vale Despensa,No,973.07,36.9
V04973,2024-07-26,Rosarito,Rosarito-Principal,Alimentos,Conservas,Proveedor Norte SA,Vendedor_12,17,4595.91,0,4595.91,78130.47,Vale Despensa,Talla incorrecta,3089.39,30.6
V04974,2024-10-13,Rosarito,Rosarito-Principal,Ferretería,Electricidad,Abastos del Pacífico,Vendedor_11,18,6432.81,0,6432.81,115790.58,Transferencia,Talla incorrecta,2995.34,19.1
V04975,2024-07-17,Tecate,Tecate-Centro,Alimentos,Bebidas,Abastos del Pacífico,Vendedor_29,14,287.78,20,230.22,3223.08,Tarjeta Débito,No cumplió expectativas,190.21,31.9
V04976,2024-08-26,Tijuana,Tijuana-Otay,Alimentos,Condimentos,Comercial Baja,Vendedor_18,11,4365.53,20,3492.42,38416.62,Transferencia,No,2421.87,33.4
V04977,2024-06-19,Mexicali,Mexicali-Baja,Electrónica,Tabletas,Surtimax,Vendedor_18,4,7371.32,0,7371.32,29485.28,Transferencia,Cambio de opinión,3468.28,50.2
V04978,2025-02-24,Tecate,Tecate-Centro,Alimentos,Bebidas,Importaciones Mex,Vendedor_23,3,4381.28,15,3724.09,11172.27,Tarjeta Débito,No,2498.27,31.8
V04979,2024-04-22,Mexicali,Mexicali-Nueva,Ferretería,Herramientas,Surtimax,Vendedor_19,16,4112.82,5,3907.18,62514.88,Transferencia,Defecto de fábrica,1862.35,21.6
V04980,2025-05-17,Mexicali,Mexicali-Nueva,Ferretería,Herramientas,Mayoreo TJ,Vendedor_09,5,2247.65,5,2135.27,10676.35,Tarjeta Débito,No cumplió expectativas,1404.1,45.2
V04981,2025-04-01,Ensenada,Ensenada-Centro,Electrónica,Cables,Surtimax,Vendedor_03,20,1115.11,20,892.09,17841.8,Efectivo,Talla incorrecta,576.63,51.3
V04982,2024-07-22,Tecate,Tecate-Centro,Hogar,Lámparas,Proveedor Norte SA,Vendedor_20,11,3101.49,0,3101.49,34116.39,Transferencia,No,1506.03,44.4
V04983,2024-06-17,Tecate,Tecate-Centro,Electrónica,Laptops,Importaciones Mex,Vendedor_22,19,4171.82,0,4171.82,79264.58,Tarjeta Crédito,No,2683.37,52.6
V04984,2024-08-18,San Quintín,San Quintín-Central,Electrónica,Celulares,Comercial Baja,Vendedor_10,17,3497.91,0,3497.91,59464.47,Tarjeta Débito,No,1901.73,27.2
V04985,2025-01-06,Rosarito,Rosarito-Principal,Ferretería,Electricidad,Mayoreo TJ,Vendedor_17,10,1315.25,0,1315.25,13152.5,Transferencia,Cambio de opinión,719.65,33.7
V04986,2024-03-19,Ensenada,Ensenada-Maneadero,Hogar,Decoración,Surtimax,Vendedor_21,14,1858.68,20,1486.94,20817.16,Tarjeta Débito,Cambio de opinión,1187.22,48.0
V04987,2024-07-27,San Quintín,San Quintín-Central,Electrónica,Tabletas,Mayoreo TJ,Vendedor_13,16,5955.65,5,5657.87,90525.92,Tarjeta Crédito,Duplicado,3929.85,35.8
V04988,2024-01-25,Rosarito,Rosarito-Principal,Alimentos,Panadería,Logística Frontera,Vendedor_05,5,4518.17,0,4518.17,22590.85,Transferencia,No,2297.08,39.4
V04989,2024-10-09,Tijuana,Tijuana-Zona Río,Ropa,Pantalones,Mayoreo TJ,Vendedor_19,9,2559.56,20,2047.65,18428.85,Transferencia,No,1202.54,21.7
V04990,2024-02-18,Ensenada,Ensenada-Centro,Farmacia,Termómetros,Mayoreo TJ,Vendedor_10,19,267.55,0,267.55,5083.45,Transferencia,No,187.13,29.9
V04991,2024-08-12,Tijuana,Tijuana-Otay,Ropa,Ropa Interior,Abastos del Pacífico,Vendedor_26,10,3273.69,10,2946.32,29463.2,Tarjeta Débito,No,2159.3,53.1
V04992,2025-02-28,San Quintín,San Quintín-Central,Hogar,Almohadas,Comercial Baja,Vendedor_02,12,7391.78,10,6652.6,79831.2,Tarjeta Débito,No,4140.1,16.9
V04993,2024-12-27,Tijuana,Tijuana-Garita,Electrónica,Cargadores,Mayoreo TJ,Vendedor_11,16,7774.6,15,6608.41,105734.56,Transferencia,Duplicado,4578.52,42.5
V04994,2024-12-24,Tecate,Tecate-Centro,Electrónica,Cámaras,Distribuidora BC,Vendedor_23,18,5193.91,0,5193.91,93490.38,Efectivo,No,3269.36,33.9
V04995,2024-05-02,Rosarito,Rosarito-Principal,Ferretería,Brochas,Abastos del Pacífico,Vendedor_05,12,6423.68,0,6423.68,77084.16,Tarjeta Débito,No,3857.46,33.7
V04996,2024-03-21,Ensenada,Ensenada-Centro,Ferretería,Brochas,Abastos del Pacífico,Vendedor_27,16,587.96,15,499.77,7996.32,Tarjeta Débito,No,376.53,15.4
V04997,2024-10-25,Tijuana,Tijuana-Garita,Alimentos,Condimentos,Abastos del Pacífico,Vendedor_21,19,5669.79,0,5669.79,107726.01,Tarjeta Crédito,Defecto de fábrica,3821.08,35.6
V04998,2025-03-02,Rosarito,Rosarito-Principal,Electrónica,Tabletas,Logística Frontera,Vendedor_14,18,7214.54,0,7214.54,129861.72,Tarjeta Débito,Talla incorrecta,4309.01,17.2
V04999,2025-03-09,Tecate,Tecate-Centro,Ropa,Zapatos,Importaciones Mex,Vendedor_04,15,3793.33,5,3603.66,54054.9,Tarjeta Crédito,No cumplió expectativas,2154.33,55.0
V05000,2024-05-11,Mexicali,Mexicali-Baja,Farmacia,Medicamentos,Abastos del Pacífico,Vendedor_19,6,5993.31,20,4794.65,28767.9,Tarjeta Débito,No,4037.52,30.5
